audit_id,child_id,agent,timestamp,confidence_score,status,execution_time_ms,escalated
AUD-CH-001-Inp-7968,CH-001,Input Aggregation Agent,2026-03-02T05:23:00,0.72,escalated_to_human,4175,True
AUD-CH-001-Pro-4558,CH-001,Profile Synthesis Agent,2026-03-02T05:23:29,0.81,completed,4050,False
AUD-CH-001-Pre-4380,CH-001,Prediction Agent,2026-03-02T05:23:58,0.88,completed,5235,False
AUD-CH-001-Dom-8892,CH-001,Domain Analysis Agent,2026-03-02T05:24:26,0.75,completed,5390,False
AUD-CH-001-Gui-1849,CH-001,Guideline Generation Agent,2026-03-02T05:24:47,0.87,completed,1141,False
AUD-CH-001-Goa-6332,CH-001,Goal Generation Agent,2026-03-02T05:25:02,0.69,escalated_to_human,4033,True
AUD-CH-001-Mil-9819,CH-001,Milestone Planning Agent,2026-03-02T05:25:39,0.78,completed,5543,False
AUD-CH-001-Car-5709,CH-001,Caregiver Guidance Agent,2026-03-02T05:26:17,0.97,completed,1569,False
AUD-CH-001-Eth-9459,CH-001,Ethics and Consent Agent,2026-03-02T05:26:29,0.88,flagged_for_review,1733,True
AUD-CH-001-Bia-2246,CH-001,Bias Monitoring Agent,2026-03-02T05:26:39,0.93,passed,287,False
AUD-CH-001-Dat-9775,CH-001,Data Quality Agent,2026-03-02T05:26:51,0.98,passed,97,False
AUD-CH-001-Con-6317,CH-001,Confidence and Abstention Agent,2026-03-02T05:26:57,0.92,passed,417,False
AUD-CH-002-Inp-4158,CH-002,Input Aggregation Agent,2026-03-03T05:12:00,0.92,completed,3645,False
AUD-CH-002-Pro-4573,CH-002,Profile Synthesis Agent,2026-03-03T05:12:35,0.8,completed,240,False
AUD-CH-002-Pre-7331,CH-002,Prediction Agent,2026-03-03T05:12:40,0.82,completed,2321,False
AUD-CH-002-Dom-1943,CH-002,Domain Analysis Agent,2026-03-03T05:13:23,0.76,completed,997,False
AUD-CH-002-Gui-4858,CH-002,Guideline Generation Agent,2026-03-03T05:14:08,0.97,completed,4600,False
AUD-CH-002-Goa-4078,CH-002,Goal Generation Agent,2026-03-03T05:14:31,0.69,escalated_to_human,1811,True
AUD-CH-002-Mil-3041,CH-002,Milestone Planning Agent,2026-03-03T05:15:02,0.97,completed,1280,False
AUD-CH-002-Car-1319,CH-002,Caregiver Guidance Agent,2026-03-03T05:15:44,0.78,completed,1028,False
AUD-CH-002-Eth-2337,CH-002,Ethics and Consent Agent,2026-03-03T05:16:21,0.92,passed,277,False
AUD-CH-002-Bia-6214,CH-002,Bias Monitoring Agent,2026-03-03T05:16:34,0.96,passed,1108,False
AUD-CH-002-Dat-6989,CH-002,Data Quality Agent,2026-03-03T05:16:41,0.99,passed,544,False
AUD-CH-002-Con-8441,CH-002,Confidence and Abstention Agent,2026-03-03T05:16:43,0.96,passed,1490,False
AUD-CH-003-Inp-7278,CH-003,Input Aggregation Agent,2026-03-02T12:34:00,0.85,completed,5884,False
AUD-CH-003-Pro-7252,CH-003,Profile Synthesis Agent,2026-03-02T12:34:08,0.96,completed,1456,False
AUD-CH-003-Pre-6273,CH-003,Prediction Agent,2026-03-02T12:34:32,0.94,completed,3841,False
AUD-CH-003-Dom-5825,CH-003,Domain Analysis Agent,2026-03-02T12:34:46,0.72,escalated_to_human,3694,True
AUD-CH-003-Gui-8605,CH-003,Guideline Generation Agent,2026-03-02T12:35:22,0.91,completed,1515,False
AUD-CH-003-Goa-7875,CH-003,Goal Generation Agent,2026-03-02T12:35:46,0.97,completed,641,False
AUD-CH-003-Mil-2162,CH-003,Milestone Planning Agent,2026-03-02T12:36:08,0.86,completed,2611,False
AUD-CH-003-Car-7056,CH-003,Caregiver Guidance Agent,2026-03-02T12:36:16,0.98,completed,5196,False
AUD-CH-003-Eth-3211,CH-003,Ethics and Consent Agent,2026-03-02T12:36:20,0.92,passed,591,False
AUD-CH-003-Bia-7896,CH-003,Bias Monitoring Agent,2026-03-02T12:36:28,0.91,passed,1767,False
AUD-CH-003-Dat-3734,CH-003,Data Quality Agent,2026-03-02T12:36:39,0.58,flagged_for_review,859,True
AUD-CH-003-Con-9192,CH-003,Confidence and Abstention Agent,2026-03-02T12:36:44,0.94,passed,1711,False
AUD-CH-004-Inp-8320,CH-004,Input Aggregation Agent,2026-03-02T21:47:00,0.87,completed,5302,False
AUD-CH-004-Pro-8021,CH-004,Profile Synthesis Agent,2026-03-02T21:47:42,0.93,completed,4342,False
AUD-CH-004-Pre-6576,CH-004,Prediction Agent,2026-03-02T21:48:05,0.98,completed,3514,False
AUD-CH-004-Dom-1241,CH-004,Domain Analysis Agent,2026-03-02T21:48:43,0.76,completed,3407,False
AUD-CH-004-Gui-2128,CH-004,Guideline Generation Agent,2026-03-02T21:49:10,0.94,completed,5258,False
AUD-CH-004-Goa-9637,CH-004,Goal Generation Agent,2026-03-02T21:49:40,0.85,completed,3125,False
AUD-CH-004-Mil-4766,CH-004,Milestone Planning Agent,2026-03-02T21:49:56,0.98,completed,2150,False
AUD-CH-004-Car-1964,CH-004,Caregiver Guidance Agent,2026-03-02T21:50:12,0.9,completed,2831,False
AUD-CH-004-Eth-7984,CH-004,Ethics and Consent Agent,2026-03-02T21:50:31,0.92,passed,2000,False
AUD-CH-004-Bia-9618,CH-004,Bias Monitoring Agent,2026-03-02T21:50:40,0.94,passed,1831,False
AUD-CH-004-Dat-3369,CH-004,Data Quality Agent,2026-03-02T21:50:47,0.96,passed,849,False
AUD-CH-004-Con-2908,CH-004,Confidence and Abstention Agent,2026-03-02T21:50:57,0.96,passed,1054,False
AUD-CH-005-Inp-2232,CH-005,Input Aggregation Agent,2026-03-02T13:45:00,0.92,completed,2954,False
AUD-CH-005-Pro-4133,CH-005,Profile Synthesis Agent,2026-03-02T13:45:13,0.8,completed,4358,False
AUD-CH-005-Pre-1629,CH-005,Prediction Agent,2026-03-02T13:45:58,0.83,completed,4053,False
AUD-CH-005-Dom-8494,CH-005,Domain Analysis Agent,2026-03-02T13:46:14,0.81,completed,1289,False
AUD-CH-005-Gui-6053,CH-005,Guideline Generation Agent,2026-03-02T13:46:34,0.91,completed,3679,False
AUD-CH-005-Goa-9014,CH-005,Goal Generation Agent,2026-03-02T13:47:01,0.74,escalated_to_human,1235,True
AUD-CH-005-Mil-8590,CH-005,Milestone Planning Agent,2026-03-02T13:47:42,0.82,completed,2982,False
AUD-CH-005-Car-9373,CH-005,Caregiver Guidance Agent,2026-03-02T13:48:23,0.85,completed,2751,False
AUD-CH-005-Eth-3236,CH-005,Ethics and Consent Agent,2026-03-02T13:48:39,0.97,passed,492,False
AUD-CH-005-Bia-1450,CH-005,Bias Monitoring Agent,2026-03-02T13:48:43,0.91,passed,1865,False
AUD-CH-005-Dat-2400,CH-005,Data Quality Agent,2026-03-02T13:48:57,0.92,passed,302,False
AUD-CH-005-Con-8774,CH-005,Confidence and Abstention Agent,2026-03-02T13:49:04,0.95,passed,2451,False
AUD-CH-006-Inp-5937,CH-006,Input Aggregation Agent,2026-03-03T01:51:00,0.78,completed,5994,False
AUD-CH-006-Pro-1987,CH-006,Profile Synthesis Agent,2026-03-03T01:51:39,0.94,completed,2255,False
AUD-CH-006-Pre-3682,CH-006,Prediction Agent,2026-03-03T01:51:46,0.71,escalated_to_human,4369,True
AUD-CH-006-Dom-9923,CH-006,Domain Analysis Agent,2026-03-03T01:52:23,0.97,completed,238,False
AUD-CH-006-Gui-1011,CH-006,Guideline Generation Agent,2026-03-03T01:52:33,0.86,completed,1017,False
AUD-CH-006-Goa-5502,CH-006,Goal Generation Agent,2026-03-03T01:53:12,0.83,completed,1354,False
AUD-CH-006-Mil-9920,CH-006,Milestone Planning Agent,2026-03-03T01:53:48,0.73,escalated_to_human,3804,True
AUD-CH-006-Car-1192,CH-006,Caregiver Guidance Agent,2026-03-03T01:53:58,0.95,completed,2106,False
AUD-CH-006-Eth-3881,CH-006,Ethics and Consent Agent,2026-03-03T01:54:04,0.92,passed,1418,False
AUD-CH-006-Bia-7815,CH-006,Bias Monitoring Agent,2026-03-03T01:54:10,0.98,passed,2262,False
AUD-CH-006-Dat-7573,CH-006,Data Quality Agent,2026-03-03T01:54:21,0.96,passed,1722,False
AUD-CH-006-Con-6380,CH-006,Confidence and Abstention Agent,2026-03-03T01:54:31,0.96,passed,1823,False
AUD-CH-007-Inp-2235,CH-007,Input Aggregation Agent,2026-03-02T01:34:00,0.83,completed,456,False
AUD-CH-007-Pro-7477,CH-007,Profile Synthesis Agent,2026-03-02T01:34:34,0.76,completed,2082,False
AUD-CH-007-Pre-4777,CH-007,Prediction Agent,2026-03-02T01:34:52,0.79,completed,1520,False
AUD-CH-007-Dom-5926,CH-007,Domain Analysis Agent,2026-03-02T01:35:15,0.68,escalated_to_human,1380,True
AUD-CH-007-Gui-2769,CH-007,Guideline Generation Agent,2026-03-02T01:35:46,0.85,completed,3660,False
AUD-CH-007-Goa-2608,CH-007,Goal Generation Agent,2026-03-02T01:35:59,0.68,escalated_to_human,2385,True
AUD-CH-007-Mil-8147,CH-007,Milestone Planning Agent,2026-03-02T01:36:05,0.93,completed,5674,False
AUD-CH-007-Car-6277,CH-007,Caregiver Guidance Agent,2026-03-02T01:36:37,0.84,completed,1045,False
AUD-CH-007-Eth-7935,CH-007,Ethics and Consent Agent,2026-03-02T01:36:53,0.96,passed,521,False
AUD-CH-007-Bia-8964,CH-007,Bias Monitoring Agent,2026-03-02T01:36:58,0.77,flagged_for_review,1725,True
AUD-CH-007-Dat-6912,CH-007,Data Quality Agent,2026-03-02T01:37:01,0.97,passed,695,False
AUD-CH-007-Con-2117,CH-007,Confidence and Abstention Agent,2026-03-02T01:37:10,0.92,passed,2408,False
AUD-CH-008-Inp-1924,CH-008,Input Aggregation Agent,2026-03-01T17:54:00,0.75,completed,2609,False
AUD-CH-008-Pro-4385,CH-008,Profile Synthesis Agent,2026-03-01T17:54:07,0.78,completed,581,False
AUD-CH-008-Pre-2816,CH-008,Prediction Agent,2026-03-01T17:54:41,0.81,completed,1862,False
AUD-CH-008-Dom-4444,CH-008,Domain Analysis Agent,2026-03-01T17:55:16,0.81,completed,1064,False
AUD-CH-008-Gui-4635,CH-008,Guideline Generation Agent,2026-03-01T17:55:51,0.92,completed,3054,False
AUD-CH-008-Goa-7762,CH-008,Goal Generation Agent,2026-03-01T17:56:07,0.81,completed,178,False
AUD-CH-008-Mil-6561,CH-008,Milestone Planning Agent,2026-03-01T17:56:18,0.73,escalated_to_human,5639,True
AUD-CH-008-Car-2014,CH-008,Caregiver Guidance Agent,2026-03-01T17:56:44,0.75,completed,3438,False
AUD-CH-008-Eth-4854,CH-008,Ethics and Consent Agent,2026-03-01T17:57:27,0.93,passed,1836,False
AUD-CH-008-Bia-1351,CH-008,Bias Monitoring Agent,2026-03-01T17:57:32,0.98,passed,1128,False
AUD-CH-008-Dat-7075,CH-008,Data Quality Agent,2026-03-01T17:57:42,0.99,passed,160,False
AUD-CH-008-Con-6976,CH-008,Confidence and Abstention Agent,2026-03-01T17:57:53,0.92,passed,1532,False
AUD-CH-009-Inp-9101,CH-009,Input Aggregation Agent,2026-03-01T19:37:00,0.93,completed,5393,False
AUD-CH-009-Pro-6774,CH-009,Profile Synthesis Agent,2026-03-01T19:37:15,0.93,completed,2724,False
AUD-CH-009-Pre-8321,CH-009,Prediction Agent,2026-03-01T19:37:25,0.92,completed,2164,False
AUD-CH-009-Dom-5819,CH-009,Domain Analysis Agent,2026-03-01T19:37:34,0.98,completed,5080,False
AUD-CH-009-Gui-8489,CH-009,Guideline Generation Agent,2026-03-01T19:38:19,0.72,escalated_to_human,832,True
AUD-CH-009-Goa-6116,CH-009,Goal Generation Agent,2026-03-01T19:38:52,0.71,escalated_to_human,3005,True
AUD-CH-009-Mil-6006,CH-009,Milestone Planning Agent,2026-03-01T19:39:03,0.9,completed,4403,False
AUD-CH-009-Car-5764,CH-009,Caregiver Guidance Agent,2026-03-01T19:39:06,0.93,completed,5616,False
AUD-CH-009-Eth-6363,CH-009,Ethics and Consent Agent,2026-03-01T19:39:12,0.95,passed,1121,False
AUD-CH-009-Bia-6815,CH-009,Bias Monitoring Agent,2026-03-01T19:39:24,0.92,passed,623,False
AUD-CH-009-Dat-2611,CH-009,Data Quality Agent,2026-03-01T19:39:33,0.94,passed,2406,False
AUD-CH-009-Con-8519,CH-009,Confidence and Abstention Agent,2026-03-01T19:39:45,0.93,passed,659,False
AUD-CH-010-Inp-4597,CH-010,Input Aggregation Agent,2026-03-01T09:18:00,0.72,escalated_to_human,2812,True
AUD-CH-010-Pro-4267,CH-010,Profile Synthesis Agent,2026-03-01T09:18:36,0.74,escalated_to_human,2688,True
AUD-CH-010-Pre-8813,CH-010,Prediction Agent,2026-03-01T09:18:56,0.84,completed,4508,False
AUD-CH-010-Dom-2708,CH-010,Domain Analysis Agent,2026-03-01T09:19:13,0.82,completed,2478,False
AUD-CH-010-Gui-4974,CH-010,Guideline Generation Agent,2026-03-01T09:19:33,0.75,completed,2118,False
AUD-CH-010-Goa-8884,CH-010,Goal Generation Agent,2026-03-01T09:20:02,0.9,completed,1968,False
AUD-CH-010-Mil-9936,CH-010,Milestone Planning Agent,2026-03-01T09:20:13,0.9,completed,3485,False
AUD-CH-010-Car-2864,CH-010,Caregiver Guidance Agent,2026-03-01T09:20:39,0.8,completed,4939,False
AUD-CH-010-Eth-7989,CH-010,Ethics and Consent Agent,2026-03-01T09:21:05,0.93,passed,550,False
AUD-CH-010-Bia-5405,CH-010,Bias Monitoring Agent,2026-03-01T09:21:20,0.91,passed,957,False
AUD-CH-010-Dat-3390,CH-010,Data Quality Agent,2026-03-01T09:21:34,0.97,passed,1709,False
AUD-CH-010-Con-7625,CH-010,Confidence and Abstention Agent,2026-03-01T09:21:38,0.99,passed,1620,False
AUD-CH-011-Inp-3009,CH-011,Input Aggregation Agent,2026-03-03T04:27:00,0.9,completed,4295,False
AUD-CH-011-Pro-5844,CH-011,Profile Synthesis Agent,2026-03-03T04:27:05,0.7,escalated_to_human,5813,True
AUD-CH-011-Pre-7234,CH-011,Prediction Agent,2026-03-03T04:27:29,0.86,completed,1188,False
AUD-CH-011-Dom-4849,CH-011,Domain Analysis Agent,2026-03-03T04:27:37,0.88,completed,2100,False
AUD-CH-011-Gui-8551,CH-011,Guideline Generation Agent,2026-03-03T04:27:55,0.86,completed,4746,False
AUD-CH-011-Goa-3961,CH-011,Goal Generation Agent,2026-03-03T04:28:08,0.73,escalated_to_human,1778,True
AUD-CH-011-Mil-7830,CH-011,Milestone Planning Agent,2026-03-03T04:28:35,0.84,completed,2441,False
AUD-CH-011-Car-3378,CH-011,Caregiver Guidance Agent,2026-03-03T04:28:39,0.96,completed,5222,False
AUD-CH-011-Eth-9365,CH-011,Ethics and Consent Agent,2026-03-03T04:29:15,0.92,passed,1747,False
AUD-CH-011-Bia-1071,CH-011,Bias Monitoring Agent,2026-03-03T04:29:26,0.87,flagged_for_review,249,True
AUD-CH-011-Dat-3058,CH-011,Data Quality Agent,2026-03-03T04:29:35,0.82,flagged_for_review,1158,True
AUD-CH-011-Con-4410,CH-011,Confidence and Abstention Agent,2026-03-03T04:29:46,0.93,passed,2439,False
AUD-CH-012-Inp-3090,CH-012,Input Aggregation Agent,2026-03-02T15:50:00,0.82,completed,3986,False
AUD-CH-012-Pro-9722,CH-012,Profile Synthesis Agent,2026-03-02T15:50:33,0.88,completed,3126,False
AUD-CH-012-Pre-7843,CH-012,Prediction Agent,2026-03-02T15:51:05,0.74,escalated_to_human,398,True
AUD-CH-012-Dom-5312,CH-012,Domain Analysis Agent,2026-03-02T15:51:17,0.87,completed,2206,False
AUD-CH-012-Gui-1130,CH-012,Guideline Generation Agent,2026-03-02T15:51:59,0.71,escalated_to_human,4761,True
AUD-CH-012-Goa-4322,CH-012,Goal Generation Agent,2026-03-02T15:52:02,0.72,escalated_to_human,1924,True
AUD-CH-012-Mil-3223,CH-012,Milestone Planning Agent,2026-03-02T15:52:11,0.91,completed,379,False
AUD-CH-012-Car-5214,CH-012,Caregiver Guidance Agent,2026-03-02T15:52:19,0.92,completed,1920,False
AUD-CH-012-Eth-4522,CH-012,Ethics and Consent Agent,2026-03-02T15:52:48,0.91,passed,1707,False
AUD-CH-012-Bia-2080,CH-012,Bias Monitoring Agent,2026-03-02T15:52:55,0.94,passed,510,False
AUD-CH-012-Dat-2439,CH-012,Data Quality Agent,2026-03-02T15:53:03,0.93,passed,2332,False
AUD-CH-012-Con-3532,CH-012,Confidence and Abstention Agent,2026-03-02T15:53:10,0.91,passed,1748,False
AUD-CH-013-Inp-7008,CH-013,Input Aggregation Agent,2026-03-02T06:28:00,0.7,escalated_to_human,3906,True
AUD-CH-013-Pro-2771,CH-013,Profile Synthesis Agent,2026-03-02T06:28:41,0.87,completed,318,False
AUD-CH-013-Pre-3075,CH-013,Prediction Agent,2026-03-02T06:29:09,0.76,completed,1187,False
AUD-CH-013-Dom-1615,CH-013,Domain Analysis Agent,2026-03-02T06:29:17,0.75,completed,777,False
AUD-CH-013-Gui-3287,CH-013,Guideline Generation Agent,2026-03-02T06:29:29,0.94,completed,4544,False
AUD-CH-013-Goa-8465,CH-013,Goal Generation Agent,2026-03-02T06:30:04,0.69,escalated_to_human,5107,True
AUD-CH-013-Mil-2163,CH-013,Milestone Planning Agent,2026-03-02T06:30:33,0.78,completed,2433,False
AUD-CH-013-Car-2327,CH-013,Caregiver Guidance Agent,2026-03-02T06:30:59,0.84,completed,435,False
AUD-CH-013-Eth-1546,CH-013,Ethics and Consent Agent,2026-03-02T06:31:19,0.8,flagged_for_review,256,True
AUD-CH-013-Bia-6048,CH-013,Bias Monitoring Agent,2026-03-02T06:31:27,0.93,passed,474,False
AUD-CH-013-Dat-1640,CH-013,Data Quality Agent,2026-03-02T06:31:37,0.96,passed,408,False
AUD-CH-013-Con-1988,CH-013,Confidence and Abstention Agent,2026-03-02T06:31:42,0.98,passed,527,False
AUD-CH-014-Inp-7090,CH-014,Input Aggregation Agent,2026-03-01T15:46:00,0.97,completed,3766,False
AUD-CH-014-Pro-1141,CH-014,Profile Synthesis Agent,2026-03-01T15:46:17,0.87,completed,492,False
AUD-CH-014-Pre-2468,CH-014,Prediction Agent,2026-03-01T15:46:35,0.71,escalated_to_human,1707,True
AUD-CH-014-Dom-7595,CH-014,Domain Analysis Agent,2026-03-01T15:47:11,0.95,completed,1055,False
AUD-CH-014-Gui-6831,CH-014,Guideline Generation Agent,2026-03-01T15:47:47,0.89,completed,1341,False
AUD-CH-014-Goa-5622,CH-014,Goal Generation Agent,2026-03-01T15:48:10,0.75,completed,3007,False
AUD-CH-014-Mil-7315,CH-014,Milestone Planning Agent,2026-03-01T15:48:25,0.93,completed,1035,False
AUD-CH-014-Car-6923,CH-014,Caregiver Guidance Agent,2026-03-01T15:48:51,0.82,completed,5620,False
AUD-CH-014-Eth-6380,CH-014,Ethics and Consent Agent,2026-03-01T15:49:09,0.97,passed,557,False
AUD-CH-014-Bia-3826,CH-014,Bias Monitoring Agent,2026-03-01T15:49:13,0.95,passed,1023,False
AUD-CH-014-Dat-8307,CH-014,Data Quality Agent,2026-03-01T15:49:19,0.99,passed,417,False
AUD-CH-014-Con-8911,CH-014,Confidence and Abstention Agent,2026-03-01T15:49:22,0.92,passed,1804,False
AUD-CH-015-Inp-8365,CH-015,Input Aggregation Agent,2026-03-03T05:46:00,0.72,escalated_to_human,608,True
AUD-CH-015-Pro-7787,CH-015,Profile Synthesis Agent,2026-03-03T05:46:33,0.72,escalated_to_human,1333,True
AUD-CH-015-Pre-1797,CH-015,Prediction Agent,2026-03-03T05:46:49,0.8,completed,970,False
AUD-CH-015-Dom-3309,CH-015,Domain Analysis Agent,2026-03-03T05:46:54,0.92,completed,3067,False
AUD-CH-015-Gui-9030,CH-015,Guideline Generation Agent,2026-03-03T05:47:34,0.91,completed,2570,False
AUD-CH-015-Goa-9971,CH-015,Goal Generation Agent,2026-03-03T05:48:15,0.8,completed,4782,False
AUD-CH-015-Mil-9605,CH-015,Milestone Planning Agent,2026-03-03T05:48:42,0.71,escalated_to_human,4558,True
AUD-CH-015-Car-8192,CH-015,Caregiver Guidance Agent,2026-03-03T05:49:23,0.98,completed,2194,False
AUD-CH-015-Eth-2949,CH-015,Ethics and Consent Agent,2026-03-03T05:49:50,0.95,passed,1301,False
AUD-CH-015-Bia-3190,CH-015,Bias Monitoring Agent,2026-03-03T05:49:52,0.99,passed,1788,False
AUD-CH-015-Dat-7584,CH-015,Data Quality Agent,2026-03-03T05:49:54,0.97,passed,883,False
AUD-CH-015-Con-4022,CH-015,Confidence and Abstention Agent,2026-03-03T05:49:58,0.94,passed,631,False
AUD-CH-016-Inp-8519,CH-016,Input Aggregation Agent,2026-03-01T13:47:00,0.92,completed,5754,False
AUD-CH-016-Pro-9595,CH-016,Profile Synthesis Agent,2026-03-01T13:47:23,0.77,completed,3077,False
AUD-CH-016-Pre-9720,CH-016,Prediction Agent,2026-03-01T13:47:35,0.7,escalated_to_human,634,True
AUD-CH-016-Dom-8444,CH-016,Domain Analysis Agent,2026-03-01T13:48:17,0.97,completed,3379,False
AUD-CH-016-Gui-8535,CH-016,Guideline Generation Agent,2026-03-01T13:48:27,0.94,completed,2639,False
AUD-CH-016-Goa-5883,CH-016,Goal Generation Agent,2026-03-01T13:48:39,0.95,completed,4573,False
AUD-CH-016-Mil-2479,CH-016,Milestone Planning Agent,2026-03-01T13:49:13,0.75,completed,1926,False
AUD-CH-016-Car-2905,CH-016,Caregiver Guidance Agent,2026-03-01T13:49:27,0.9,completed,4166,False
AUD-CH-016-Eth-8159,CH-016,Ethics and Consent Agent,2026-03-01T13:49:58,0.93,passed,957,False
AUD-CH-016-Bia-3973,CH-016,Bias Monitoring Agent,2026-03-01T13:50:12,0.92,passed,1356,False
AUD-CH-016-Dat-8748,CH-016,Data Quality Agent,2026-03-01T13:50:24,0.97,passed,2253,False
AUD-CH-016-Con-5108,CH-016,Confidence and Abstention Agent,2026-03-01T13:50:33,0.96,passed,1498,False
AUD-CH-017-Inp-1357,CH-017,Input Aggregation Agent,2026-03-02T03:54:00,0.96,completed,4284,False
AUD-CH-017-Pro-7052,CH-017,Profile Synthesis Agent,2026-03-02T03:54:18,0.89,completed,1459,False
AUD-CH-017-Pre-2415,CH-017,Prediction Agent,2026-03-02T03:54:27,0.9,completed,2358,False
AUD-CH-017-Dom-5582,CH-017,Domain Analysis Agent,2026-03-02T03:54:34,0.91,completed,2077,False
AUD-CH-017-Gui-2573,CH-017,Guideline Generation Agent,2026-03-02T03:55:19,0.74,escalated_to_human,4167,True
AUD-CH-017-Goa-4403,CH-017,Goal Generation Agent,2026-03-02T03:55:34,0.7,escalated_to_human,4576,True
AUD-CH-017-Mil-4062,CH-017,Milestone Planning Agent,2026-03-02T03:55:37,0.88,completed,2451,False
AUD-CH-017-Car-7500,CH-017,Caregiver Guidance Agent,2026-03-02T03:55:59,0.9,completed,4484,False
AUD-CH-017-Eth-9308,CH-017,Ethics and Consent Agent,2026-03-02T03:56:38,0.93,passed,269,False
AUD-CH-017-Bia-9802,CH-017,Bias Monitoring Agent,2026-03-02T03:56:43,0.98,passed,978,False
AUD-CH-017-Dat-6765,CH-017,Data Quality Agent,2026-03-02T03:56:52,0.98,passed,1484,False
AUD-CH-017-Con-5554,CH-017,Confidence and Abstention Agent,2026-03-02T03:57:07,0.97,passed,2390,False
AUD-CH-018-Inp-8672,CH-018,Input Aggregation Agent,2026-03-02T20:05:00,0.88,completed,2581,False
AUD-CH-018-Pro-7293,CH-018,Profile Synthesis Agent,2026-03-02T20:05:16,0.78,completed,540,False
AUD-CH-018-Pre-1724,CH-018,Prediction Agent,2026-03-02T20:05:32,0.91,completed,3132,False
AUD-CH-018-Dom-4287,CH-018,Domain Analysis Agent,2026-03-02T20:06:07,0.9,completed,1420,False
AUD-CH-018-Gui-9383,CH-018,Guideline Generation Agent,2026-03-02T20:06:41,0.77,completed,2376,False
AUD-CH-018-Goa-6480,CH-018,Goal Generation Agent,2026-03-02T20:06:53,0.92,completed,5315,False
AUD-CH-018-Mil-5450,CH-018,Milestone Planning Agent,2026-03-02T20:07:37,0.75,completed,998,False
AUD-CH-018-Car-7018,CH-018,Caregiver Guidance Agent,2026-03-02T20:07:40,0.77,completed,4105,False
AUD-CH-018-Eth-8127,CH-018,Ethics and Consent Agent,2026-03-02T20:08:22,0.99,passed,859,False
AUD-CH-018-Bia-1302,CH-018,Bias Monitoring Agent,2026-03-02T20:08:34,0.97,passed,934,False
AUD-CH-018-Dat-7438,CH-018,Data Quality Agent,2026-03-02T20:08:44,0.93,passed,544,False
AUD-CH-018-Con-7225,CH-018,Confidence and Abstention Agent,2026-03-02T20:08:50,0.94,passed,2131,False
AUD-CH-019-Inp-4048,CH-019,Input Aggregation Agent,2026-03-02T13:18:00,0.76,completed,331,False
AUD-CH-019-Pro-4489,CH-019,Profile Synthesis Agent,2026-03-02T13:18:04,0.76,completed,4442,False
AUD-CH-019-Pre-5771,CH-019,Prediction Agent,2026-03-02T13:18:45,0.82,completed,5653,False
AUD-CH-019-Dom-1133,CH-019,Domain Analysis Agent,2026-03-02T13:19:12,0.85,completed,4573,False
AUD-CH-019-Gui-8152,CH-019,Guideline Generation Agent,2026-03-02T13:19:38,0.78,completed,5359,False
AUD-CH-019-Goa-7223,CH-019,Goal Generation Agent,2026-03-02T13:19:52,0.81,completed,2726,False
AUD-CH-019-Mil-4494,CH-019,Milestone Planning Agent,2026-03-02T13:20:03,0.79,completed,463,False
AUD-CH-019-Car-8568,CH-019,Caregiver Guidance Agent,2026-03-02T13:20:46,0.75,completed,5023,False
AUD-CH-019-Eth-7306,CH-019,Ethics and Consent Agent,2026-03-02T13:21:28,0.95,passed,1194,False
AUD-CH-019-Bia-6861,CH-019,Bias Monitoring Agent,2026-03-02T13:21:32,0.99,passed,304,False
AUD-CH-019-Dat-7541,CH-019,Data Quality Agent,2026-03-02T13:21:35,0.96,passed,484,False
AUD-CH-019-Con-9459,CH-019,Confidence and Abstention Agent,2026-03-02T13:21:46,0.96,passed,2261,False
AUD-CH-020-Inp-2886,CH-020,Input Aggregation Agent,2026-03-01T19:17:00,0.99,completed,4361,False
AUD-CH-020-Pro-3637,CH-020,Profile Synthesis Agent,2026-03-01T19:17:19,0.81,completed,2489,False
AUD-CH-020-Pre-3592,CH-020,Prediction Agent,2026-03-01T19:17:45,0.95,completed,2996,False
AUD-CH-020-Dom-2803,CH-020,Domain Analysis Agent,2026-03-01T19:18:30,0.7,escalated_to_human,5266,True
AUD-CH-020-Gui-4070,CH-020,Guideline Generation Agent,2026-03-01T19:18:56,0.82,completed,1570,False
AUD-CH-020-Goa-7665,CH-020,Goal Generation Agent,2026-03-01T19:19:35,0.76,completed,159,False
AUD-CH-020-Mil-6766,CH-020,Milestone Planning Agent,2026-03-01T19:20:14,0.73,escalated_to_human,5325,True
AUD-CH-020-Car-2094,CH-020,Caregiver Guidance Agent,2026-03-01T19:20:40,0.83,completed,4180,False
AUD-CH-020-Eth-7303,CH-020,Ethics and Consent Agent,2026-03-01T19:20:46,0.94,passed,1606,False
AUD-CH-020-Bia-1817,CH-020,Bias Monitoring Agent,2026-03-01T19:20:56,0.86,flagged_for_review,1116,True
AUD-CH-020-Dat-1457,CH-020,Data Quality Agent,2026-03-01T19:21:01,0.93,passed,1839,False
AUD-CH-020-Con-1622,CH-020,Confidence and Abstention Agent,2026-03-01T19:21:07,0.93,passed,2455,False
AUD-CH-021-Inp-7779,CH-021,Input Aggregation Agent,2026-03-02T07:27:00,0.93,completed,4647,False
AUD-CH-021-Pro-9157,CH-021,Profile Synthesis Agent,2026-03-02T07:27:21,0.73,escalated_to_human,563,True
AUD-CH-021-Pre-2237,CH-021,Prediction Agent,2026-03-02T07:27:45,0.78,completed,3129,False
AUD-CH-021-Dom-3994,CH-021,Domain Analysis Agent,2026-03-02T07:27:59,0.94,completed,3850,False
AUD-CH-021-Gui-7391,CH-021,Guideline Generation Agent,2026-03-02T07:28:22,0.96,completed,5848,False
AUD-CH-021-Goa-7894,CH-021,Goal Generation Agent,2026-03-02T07:28:30,0.97,completed,3348,False
AUD-CH-021-Mil-7431,CH-021,Milestone Planning Agent,2026-03-02T07:29:07,0.76,completed,1678,False
AUD-CH-021-Car-7534,CH-021,Caregiver Guidance Agent,2026-03-02T07:29:12,0.91,completed,3973,False
AUD-CH-021-Eth-4336,CH-021,Ethics and Consent Agent,2026-03-02T07:29:53,0.97,passed,2361,False
AUD-CH-021-Bia-3184,CH-021,Bias Monitoring Agent,2026-03-02T07:29:59,0.96,passed,1220,False
AUD-CH-021-Dat-9408,CH-021,Data Quality Agent,2026-03-02T07:30:05,0.94,passed,197,False
AUD-CH-021-Con-8322,CH-021,Confidence and Abstention Agent,2026-03-02T07:30:09,0.96,passed,2349,False
AUD-CH-022-Inp-1973,CH-022,Input Aggregation Agent,2026-03-02T16:34:00,0.78,completed,3503,False
AUD-CH-022-Pro-6067,CH-022,Profile Synthesis Agent,2026-03-02T16:34:26,0.8,completed,751,False
AUD-CH-022-Pre-6107,CH-022,Prediction Agent,2026-03-02T16:35:03,0.9,completed,4002,False
AUD-CH-022-Dom-5088,CH-022,Domain Analysis Agent,2026-03-02T16:35:33,0.68,escalated_to_human,2583,True
AUD-CH-022-Gui-1393,CH-022,Guideline Generation Agent,2026-03-02T16:35:48,0.85,completed,3830,False
AUD-CH-022-Goa-6022,CH-022,Goal Generation Agent,2026-03-02T16:36:22,0.87,completed,1095,False
AUD-CH-022-Mil-6501,CH-022,Milestone Planning Agent,2026-03-02T16:37:04,0.82,completed,4381,False
AUD-CH-022-Car-5838,CH-022,Caregiver Guidance Agent,2026-03-02T16:37:49,0.71,escalated_to_human,3199,True
AUD-CH-022-Eth-5171,CH-022,Ethics and Consent Agent,2026-03-02T16:38:10,0.92,passed,206,False
AUD-CH-022-Bia-2414,CH-022,Bias Monitoring Agent,2026-03-02T16:38:12,0.91,passed,1910,False
AUD-CH-022-Dat-5770,CH-022,Data Quality Agent,2026-03-02T16:38:21,0.92,passed,1432,False
AUD-CH-022-Con-7407,CH-022,Confidence and Abstention Agent,2026-03-02T16:38:28,0.95,passed,417,False
AUD-CH-023-Inp-4788,CH-023,Input Aggregation Agent,2026-03-02T22:31:00,0.78,completed,5858,False
AUD-CH-023-Pro-5241,CH-023,Profile Synthesis Agent,2026-03-02T22:31:28,0.94,completed,895,False
AUD-CH-023-Pre-5269,CH-023,Prediction Agent,2026-03-02T22:32:04,0.86,completed,5803,False
AUD-CH-023-Dom-4739,CH-023,Domain Analysis Agent,2026-03-02T22:32:32,0.72,escalated_to_human,3975,True
AUD-CH-023-Gui-3457,CH-023,Guideline Generation Agent,2026-03-02T22:32:38,0.9,completed,2199,False
AUD-CH-023-Goa-5192,CH-023,Goal Generation Agent,2026-03-02T22:32:48,0.9,completed,250,False
AUD-CH-023-Mil-9849,CH-023,Milestone Planning Agent,2026-03-02T22:33:20,0.79,completed,1658,False
AUD-CH-023-Car-9137,CH-023,Caregiver Guidance Agent,2026-03-02T22:34:00,0.97,completed,5008,False
AUD-CH-023-Eth-9995,CH-023,Ethics and Consent Agent,2026-03-02T22:34:04,0.96,passed,1227,False
AUD-CH-023-Bia-8798,CH-023,Bias Monitoring Agent,2026-03-02T22:34:07,0.97,passed,2258,False
AUD-CH-023-Dat-6076,CH-023,Data Quality Agent,2026-03-02T22:34:10,0.97,passed,2018,False
AUD-CH-023-Con-8067,CH-023,Confidence and Abstention Agent,2026-03-02T22:34:20,0.94,passed,2108,False
AUD-CH-024-Inp-7909,CH-024,Input Aggregation Agent,2026-03-02T19:48:00,0.77,completed,4429,False
AUD-CH-024-Pro-7474,CH-024,Profile Synthesis Agent,2026-03-02T19:48:15,0.93,completed,4700,False
AUD-CH-024-Pre-2397,CH-024,Prediction Agent,2026-03-02T19:48:36,0.71,escalated_to_human,2697,True
AUD-CH-024-Dom-3061,CH-024,Domain Analysis Agent,2026-03-02T19:49:20,0.98,completed,4703,False
AUD-CH-024-Gui-2210,CH-024,Guideline Generation Agent,2026-03-02T19:49:55,0.91,completed,4565,False
AUD-CH-024-Goa-2726,CH-024,Goal Generation Agent,2026-03-02T19:50:12,0.98,completed,222,False
AUD-CH-024-Mil-9703,CH-024,Milestone Planning Agent,2026-03-02T19:50:48,0.72,escalated_to_human,3727,True
AUD-CH-024-Car-5934,CH-024,Caregiver Guidance Agent,2026-03-02T19:51:11,0.73,escalated_to_human,4460,True
AUD-CH-024-Eth-3545,CH-024,Ethics and Consent Agent,2026-03-02T19:51:56,0.95,passed,1502,False
AUD-CH-024-Bia-3705,CH-024,Bias Monitoring Agent,2026-03-02T19:52:01,0.97,passed,1868,False
AUD-CH-024-Dat-2841,CH-024,Data Quality Agent,2026-03-02T19:52:10,0.95,passed,1506,False
AUD-CH-024-Con-5662,CH-024,Confidence and Abstention Agent,2026-03-02T19:52:19,0.96,passed,694,False
AUD-CH-025-Inp-6114,CH-025,Input Aggregation Agent,2026-03-02T07:59:00,0.91,completed,4529,False
AUD-CH-025-Pro-7621,CH-025,Profile Synthesis Agent,2026-03-02T07:59:10,0.7,escalated_to_human,2904,True
AUD-CH-025-Pre-8666,CH-025,Prediction Agent,2026-03-02T07:59:26,0.76,completed,1246,False
AUD-CH-025-Dom-8482,CH-025,Domain Analysis Agent,2026-03-02T07:59:59,0.86,completed,3622,False
AUD-CH-025-Gui-3689,CH-025,Guideline Generation Agent,2026-03-02T08:00:38,0.89,completed,2985,False
AUD-CH-025-Goa-9476,CH-025,Goal Generation Agent,2026-03-02T08:01:07,0.95,completed,2724,False
AUD-CH-025-Mil-9235,CH-025,Milestone Planning Agent,2026-03-02T08:01:26,0.69,escalated_to_human,5374,True
AUD-CH-025-Car-4202,CH-025,Caregiver Guidance Agent,2026-03-02T08:01:31,0.97,completed,3347,False
AUD-CH-025-Eth-1682,CH-025,Ethics and Consent Agent,2026-03-02T08:02:15,0.95,passed,1756,False
AUD-CH-025-Bia-8033,CH-025,Bias Monitoring Agent,2026-03-02T08:02:20,0.98,passed,1747,False
AUD-CH-025-Dat-5125,CH-025,Data Quality Agent,2026-03-02T08:02:25,0.69,flagged_for_review,1992,True
AUD-CH-025-Con-1866,CH-025,Confidence and Abstention Agent,2026-03-02T08:02:34,0.91,passed,2372,False
AUD-CH-026-Inp-3750,CH-026,Input Aggregation Agent,2026-03-01T12:35:00,0.93,completed,5352,False
AUD-CH-026-Pro-6053,CH-026,Profile Synthesis Agent,2026-03-01T12:35:25,0.74,escalated_to_human,5486,True
AUD-CH-026-Pre-6068,CH-026,Prediction Agent,2026-03-01T12:35:50,0.99,completed,4881,False
AUD-CH-026-Dom-4462,CH-026,Domain Analysis Agent,2026-03-01T12:35:54,0.79,completed,5331,False
AUD-CH-026-Gui-7366,CH-026,Guideline Generation Agent,2026-03-01T12:36:27,0.83,completed,1365,False
AUD-CH-026-Goa-6154,CH-026,Goal Generation Agent,2026-03-01T12:36:46,0.75,completed,1668,False
AUD-CH-026-Mil-5221,CH-026,Milestone Planning Agent,2026-03-01T12:37:08,0.93,completed,3946,False
AUD-CH-026-Car-6763,CH-026,Caregiver Guidance Agent,2026-03-01T12:37:11,0.97,completed,5390,False
AUD-CH-026-Eth-7638,CH-026,Ethics and Consent Agent,2026-03-01T12:37:27,0.96,passed,1115,False
AUD-CH-026-Bia-3567,CH-026,Bias Monitoring Agent,2026-03-01T12:37:40,0.97,passed,632,False
AUD-CH-026-Dat-5737,CH-026,Data Quality Agent,2026-03-01T12:37:42,0.94,passed,2148,False
AUD-CH-026-Con-4454,CH-026,Confidence and Abstention Agent,2026-03-01T12:37:48,0.99,passed,1300,False
AUD-CH-027-Inp-9399,CH-027,Input Aggregation Agent,2026-03-02T04:39:00,0.79,completed,2057,False
AUD-CH-027-Pro-6368,CH-027,Profile Synthesis Agent,2026-03-02T04:39:05,0.98,completed,323,False
AUD-CH-027-Pre-4000,CH-027,Prediction Agent,2026-03-02T04:39:36,0.68,escalated_to_human,999,True
AUD-CH-027-Dom-2341,CH-027,Domain Analysis Agent,2026-03-02T04:39:47,0.88,completed,3845,False
AUD-CH-027-Gui-4463,CH-027,Guideline Generation Agent,2026-03-02T04:40:19,0.72,escalated_to_human,4382,True
AUD-CH-027-Goa-4374,CH-027,Goal Generation Agent,2026-03-02T04:40:45,0.98,completed,3740,False
AUD-CH-027-Mil-2115,CH-027,Milestone Planning Agent,2026-03-02T04:41:03,0.77,completed,1077,False
AUD-CH-027-Car-9717,CH-027,Caregiver Guidance Agent,2026-03-02T04:41:47,0.89,completed,1596,False
AUD-CH-027-Eth-6644,CH-027,Ethics and Consent Agent,2026-03-02T04:42:08,0.98,passed,1162,False
AUD-CH-027-Bia-5188,CH-027,Bias Monitoring Agent,2026-03-02T04:42:10,0.96,passed,1840,False
AUD-CH-027-Dat-5677,CH-027,Data Quality Agent,2026-03-02T04:42:14,0.92,passed,1189,False
AUD-CH-027-Con-2425,CH-027,Confidence and Abstention Agent,2026-03-02T04:42:29,0.95,passed,2346,False
AUD-CH-028-Inp-7936,CH-028,Input Aggregation Agent,2026-03-03T05:49:00,0.83,completed,2738,False
AUD-CH-028-Pro-1201,CH-028,Profile Synthesis Agent,2026-03-03T05:49:27,0.97,completed,2979,False
AUD-CH-028-Pre-8406,CH-028,Prediction Agent,2026-03-03T05:49:47,0.68,escalated_to_human,2285,True
AUD-CH-028-Dom-9487,CH-028,Domain Analysis Agent,2026-03-03T05:50:08,0.92,completed,3247,False
AUD-CH-028-Gui-2870,CH-028,Guideline Generation Agent,2026-03-03T05:50:22,0.81,completed,2427,False
AUD-CH-028-Goa-5913,CH-028,Goal Generation Agent,2026-03-03T05:50:44,0.95,completed,4179,False
AUD-CH-028-Mil-7895,CH-028,Milestone Planning Agent,2026-03-03T05:51:10,0.74,escalated_to_human,5640,True
AUD-CH-028-Car-1002,CH-028,Caregiver Guidance Agent,2026-03-03T05:51:32,0.93,completed,3132,False
AUD-CH-028-Eth-3486,CH-028,Ethics and Consent Agent,2026-03-03T05:52:02,0.62,flagged_for_review,1614,True
AUD-CH-028-Bia-2307,CH-028,Bias Monitoring Agent,2026-03-03T05:52:12,0.57,flagged_for_review,227,True
AUD-CH-028-Dat-7564,CH-028,Data Quality Agent,2026-03-03T05:52:20,0.91,passed,1109,False
AUD-CH-028-Con-2007,CH-028,Confidence and Abstention Agent,2026-03-03T05:52:28,0.99,passed,141,False
AUD-CH-029-Inp-7695,CH-029,Input Aggregation Agent,2026-03-02T12:37:00,0.88,completed,5534,False
AUD-CH-029-Pro-8571,CH-029,Profile Synthesis Agent,2026-03-02T12:37:29,0.91,completed,918,False
AUD-CH-029-Pre-4425,CH-029,Prediction Agent,2026-03-02T12:38:10,0.98,completed,4416,False
AUD-CH-029-Dom-6627,CH-029,Domain Analysis Agent,2026-03-02T12:38:55,0.87,completed,957,False
AUD-CH-029-Gui-8338,CH-029,Guideline Generation Agent,2026-03-02T12:39:31,0.9,completed,1849,False
AUD-CH-029-Goa-6673,CH-029,Goal Generation Agent,2026-03-02T12:39:56,0.77,completed,4592,False
AUD-CH-029-Mil-4280,CH-029,Milestone Planning Agent,2026-03-02T12:40:07,0.83,completed,3023,False
AUD-CH-029-Car-5264,CH-029,Caregiver Guidance Agent,2026-03-02T12:40:34,0.98,completed,1001,False
AUD-CH-029-Eth-9429,CH-029,Ethics and Consent Agent,2026-03-02T12:40:44,0.93,passed,2137,False
AUD-CH-029-Bia-6777,CH-029,Bias Monitoring Agent,2026-03-02T12:40:59,0.93,passed,643,False
AUD-CH-029-Dat-3953,CH-029,Data Quality Agent,2026-03-02T12:41:01,0.99,passed,1701,False
AUD-CH-029-Con-8878,CH-029,Confidence and Abstention Agent,2026-03-02T12:41:16,0.94,passed,466,False
AUD-CH-030-Inp-5412,CH-030,Input Aggregation Agent,2026-03-02T02:25:00,0.99,completed,5212,False
AUD-CH-030-Pro-6482,CH-030,Profile Synthesis Agent,2026-03-02T02:25:30,0.73,escalated_to_human,487,True
AUD-CH-030-Pre-8928,CH-030,Prediction Agent,2026-03-02T02:25:43,0.77,completed,1282,False
AUD-CH-030-Dom-7411,CH-030,Domain Analysis Agent,2026-03-02T02:26:24,0.75,completed,4873,False
AUD-CH-030-Gui-3995,CH-030,Guideline Generation Agent,2026-03-02T02:26:31,0.82,completed,4969,False
AUD-CH-030-Goa-4354,CH-030,Goal Generation Agent,2026-03-02T02:27:14,0.96,completed,3478,False
AUD-CH-030-Mil-3075,CH-030,Milestone Planning Agent,2026-03-02T02:27:17,0.97,completed,4423,False
AUD-CH-030-Car-2986,CH-030,Caregiver Guidance Agent,2026-03-02T02:27:49,0.74,escalated_to_human,1566,True
AUD-CH-030-Eth-8456,CH-030,Ethics and Consent Agent,2026-03-02T02:28:13,0.94,passed,698,False
AUD-CH-030-Bia-1475,CH-030,Bias Monitoring Agent,2026-03-02T02:28:26,0.96,passed,609,False
AUD-CH-030-Dat-6289,CH-030,Data Quality Agent,2026-03-02T02:28:32,0.95,passed,2249,False
AUD-CH-030-Con-4163,CH-030,Confidence and Abstention Agent,2026-03-02T02:28:38,0.93,passed,2000,False
AUD-CH-031-Inp-1015,CH-031,Input Aggregation Agent,2026-03-01T18:16:00,0.68,escalated_to_human,4658,True
AUD-CH-031-Pro-4688,CH-031,Profile Synthesis Agent,2026-03-01T18:16:44,0.84,completed,4137,False
AUD-CH-031-Pre-1181,CH-031,Prediction Agent,2026-03-01T18:16:49,0.79,completed,1007,False
AUD-CH-031-Dom-2879,CH-031,Domain Analysis Agent,2026-03-01T18:17:30,0.92,completed,2414,False
AUD-CH-031-Gui-3469,CH-031,Guideline Generation Agent,2026-03-01T18:17:57,0.99,completed,1151,False
AUD-CH-031-Goa-2656,CH-031,Goal Generation Agent,2026-03-01T18:18:33,0.78,completed,1636,False
AUD-CH-031-Mil-3483,CH-031,Milestone Planning Agent,2026-03-01T18:18:56,0.92,completed,4133,False
AUD-CH-031-Car-4572,CH-031,Caregiver Guidance Agent,2026-03-01T18:19:27,0.69,escalated_to_human,5207,True
AUD-CH-031-Eth-9055,CH-031,Ethics and Consent Agent,2026-03-01T18:19:47,0.95,passed,1828,False
AUD-CH-031-Bia-9273,CH-031,Bias Monitoring Agent,2026-03-01T18:20:01,0.98,passed,954,False
AUD-CH-031-Dat-6954,CH-031,Data Quality Agent,2026-03-01T18:20:16,0.95,passed,504,False
AUD-CH-031-Con-7491,CH-031,Confidence and Abstention Agent,2026-03-01T18:20:20,0.97,passed,1523,False
AUD-CH-032-Inp-6627,CH-032,Input Aggregation Agent,2026-03-01T20:42:00,0.76,completed,384,False
AUD-CH-032-Pro-9137,CH-032,Profile Synthesis Agent,2026-03-01T20:42:45,0.89,completed,3583,False
AUD-CH-032-Pre-3057,CH-032,Prediction Agent,2026-03-01T20:43:30,0.71,escalated_to_human,5596,True
AUD-CH-032-Dom-8408,CH-032,Domain Analysis Agent,2026-03-01T20:43:41,0.87,completed,5265,False
AUD-CH-032-Gui-5470,CH-032,Guideline Generation Agent,2026-03-01T20:44:18,0.75,completed,4867,False
AUD-CH-032-Goa-1903,CH-032,Goal Generation Agent,2026-03-01T20:44:56,0.79,completed,2682,False
AUD-CH-032-Mil-9093,CH-032,Milestone Planning Agent,2026-03-01T20:45:09,0.84,completed,3000,False
AUD-CH-032-Car-8152,CH-032,Caregiver Guidance Agent,2026-03-01T20:45:26,0.83,completed,3619,False
AUD-CH-032-Eth-3685,CH-032,Ethics and Consent Agent,2026-03-01T20:45:52,0.92,passed,2122,False
AUD-CH-032-Bia-4719,CH-032,Bias Monitoring Agent,2026-03-01T20:46:07,0.93,passed,1179,False
AUD-CH-032-Dat-9897,CH-032,Data Quality Agent,2026-03-01T20:46:15,0.97,passed,1170,False
AUD-CH-032-Con-5723,CH-032,Confidence and Abstention Agent,2026-03-01T20:46:17,0.91,passed,1647,False
AUD-CH-033-Inp-2552,CH-033,Input Aggregation Agent,2026-03-01T12:56:00,0.69,escalated_to_human,1107,True
AUD-CH-033-Pro-4861,CH-033,Profile Synthesis Agent,2026-03-01T12:56:29,0.92,completed,2862,False
AUD-CH-033-Pre-7471,CH-033,Prediction Agent,2026-03-01T12:56:32,0.92,completed,686,False
AUD-CH-033-Dom-8956,CH-033,Domain Analysis Agent,2026-03-01T12:56:35,0.85,completed,2213,False
AUD-CH-033-Gui-1252,CH-033,Guideline Generation Agent,2026-03-01T12:56:47,0.92,completed,5968,False
AUD-CH-033-Goa-6953,CH-033,Goal Generation Agent,2026-03-01T12:57:24,0.79,completed,1178,False
AUD-CH-033-Mil-4639,CH-033,Milestone Planning Agent,2026-03-01T12:57:41,0.9,completed,629,False
AUD-CH-033-Car-2599,CH-033,Caregiver Guidance Agent,2026-03-01T12:58:17,0.86,completed,4618,False
AUD-CH-033-Eth-3791,CH-033,Ethics and Consent Agent,2026-03-01T12:58:39,0.92,passed,644,False
AUD-CH-033-Bia-6779,CH-033,Bias Monitoring Agent,2026-03-01T12:58:41,0.91,passed,2169,False
AUD-CH-033-Dat-2291,CH-033,Data Quality Agent,2026-03-01T12:58:53,0.97,passed,1297,False
AUD-CH-033-Con-8253,CH-033,Confidence and Abstention Agent,2026-03-01T12:58:59,0.92,passed,184,False
AUD-CH-034-Inp-8443,CH-034,Input Aggregation Agent,2026-03-02T02:00:00,0.8,completed,1198,False
AUD-CH-034-Pro-5986,CH-034,Profile Synthesis Agent,2026-03-02T02:00:28,0.97,completed,4239,False
AUD-CH-034-Pre-1474,CH-034,Prediction Agent,2026-03-02T02:00:56,0.9,completed,3420,False
AUD-CH-034-Dom-9353,CH-034,Domain Analysis Agent,2026-03-02T02:01:03,0.79,completed,2228,False
AUD-CH-034-Gui-5883,CH-034,Guideline Generation Agent,2026-03-02T02:01:29,0.69,escalated_to_human,2529,True
AUD-CH-034-Goa-4829,CH-034,Goal Generation Agent,2026-03-02T02:01:58,0.95,completed,2428,False
AUD-CH-034-Mil-9900,CH-034,Milestone Planning Agent,2026-03-02T02:02:34,0.94,completed,4180,False
AUD-CH-034-Car-3974,CH-034,Caregiver Guidance Agent,2026-03-02T02:03:14,0.91,completed,2829,False
AUD-CH-034-Eth-2164,CH-034,Ethics and Consent Agent,2026-03-02T02:03:31,0.93,passed,2105,False
AUD-CH-034-Bia-4967,CH-034,Bias Monitoring Agent,2026-03-02T02:03:35,0.99,passed,641,False
AUD-CH-034-Dat-1188,CH-034,Data Quality Agent,2026-03-02T02:03:39,0.99,passed,545,False
AUD-CH-034-Con-3321,CH-034,Confidence and Abstention Agent,2026-03-02T02:03:41,0.96,passed,193,False
AUD-CH-035-Inp-9326,CH-035,Input Aggregation Agent,2026-03-03T05:54:00,0.86,completed,3460,False
AUD-CH-035-Pro-2765,CH-035,Profile Synthesis Agent,2026-03-03T05:54:19,0.71,escalated_to_human,3443,True
AUD-CH-035-Pre-4693,CH-035,Prediction Agent,2026-03-03T05:54:35,0.79,completed,3727,False
AUD-CH-035-Dom-3775,CH-035,Domain Analysis Agent,2026-03-03T05:55:19,0.88,completed,1958,False
AUD-CH-035-Gui-3923,CH-035,Guideline Generation Agent,2026-03-03T05:55:59,0.86,completed,1277,False
AUD-CH-035-Goa-4650,CH-035,Goal Generation Agent,2026-03-03T05:56:44,0.84,completed,1053,False
AUD-CH-035-Mil-8967,CH-035,Milestone Planning Agent,2026-03-03T05:57:02,0.88,completed,5296,False
AUD-CH-035-Car-1553,CH-035,Caregiver Guidance Agent,2026-03-03T05:57:25,0.82,completed,5623,False
AUD-CH-035-Eth-3844,CH-035,Ethics and Consent Agent,2026-03-03T05:57:56,0.97,passed,2453,False
AUD-CH-035-Bia-1263,CH-035,Bias Monitoring Agent,2026-03-03T05:58:03,0.93,passed,1529,False
AUD-CH-035-Dat-2672,CH-035,Data Quality Agent,2026-03-03T05:58:13,0.97,passed,298,False
AUD-CH-035-Con-2935,CH-035,Confidence and Abstention Agent,2026-03-03T05:58:21,0.97,passed,2198,False
AUD-CH-036-Inp-2672,CH-036,Input Aggregation Agent,2026-03-03T03:11:00,0.79,completed,5496,False
AUD-CH-036-Pro-9801,CH-036,Profile Synthesis Agent,2026-03-03T03:11:29,0.88,completed,3273,False
AUD-CH-036-Pre-1636,CH-036,Prediction Agent,2026-03-03T03:11:44,0.85,completed,5880,False
AUD-CH-036-Dom-4142,CH-036,Domain Analysis Agent,2026-03-03T03:12:14,0.94,completed,3056,False
AUD-CH-036-Gui-1009,CH-036,Guideline Generation Agent,2026-03-03T03:12:28,0.89,completed,757,False
AUD-CH-036-Goa-8389,CH-036,Goal Generation Agent,2026-03-03T03:13:02,0.97,completed,919,False
AUD-CH-036-Mil-2718,CH-036,Milestone Planning Agent,2026-03-03T03:13:31,0.77,completed,5881,False
AUD-CH-036-Car-5589,CH-036,Caregiver Guidance Agent,2026-03-03T03:14:16,0.69,escalated_to_human,5599,True
AUD-CH-036-Eth-4827,CH-036,Ethics and Consent Agent,2026-03-03T03:14:50,0.94,passed,1652,False
AUD-CH-036-Bia-4300,CH-036,Bias Monitoring Agent,2026-03-03T03:15:05,0.94,passed,1589,False
AUD-CH-036-Dat-7610,CH-036,Data Quality Agent,2026-03-03T03:15:15,0.94,passed,630,False
AUD-CH-036-Con-3324,CH-036,Confidence and Abstention Agent,2026-03-03T03:15:21,0.94,passed,868,False
AUD-CH-037-Inp-3073,CH-037,Input Aggregation Agent,2026-03-03T04:11:00,0.91,completed,620,False
AUD-CH-037-Pro-9024,CH-037,Profile Synthesis Agent,2026-03-03T04:11:17,0.85,completed,2376,False
AUD-CH-037-Pre-9976,CH-037,Prediction Agent,2026-03-03T04:11:45,0.68,escalated_to_human,4140,True
AUD-CH-037-Dom-6896,CH-037,Domain Analysis Agent,2026-03-03T04:12:25,0.91,completed,702,False
AUD-CH-037-Gui-1724,CH-037,Guideline Generation Agent,2026-03-03T04:12:46,0.71,escalated_to_human,5032,True
AUD-CH-037-Goa-6142,CH-037,Goal Generation Agent,2026-03-03T04:13:12,0.71,escalated_to_human,1072,True
AUD-CH-037-Mil-1642,CH-037,Milestone Planning Agent,2026-03-03T04:13:29,0.7,escalated_to_human,3887,True
AUD-CH-037-Car-1293,CH-037,Caregiver Guidance Agent,2026-03-03T04:14:08,0.8,completed,3429,False
AUD-CH-037-Eth-4995,CH-037,Ethics and Consent Agent,2026-03-03T04:14:40,0.93,passed,1876,False
AUD-CH-037-Bia-1994,CH-037,Bias Monitoring Agent,2026-03-03T04:14:45,0.92,passed,1019,False
AUD-CH-037-Dat-5592,CH-037,Data Quality Agent,2026-03-03T04:14:53,0.91,passed,767,False
AUD-CH-037-Con-9788,CH-037,Confidence and Abstention Agent,2026-03-03T04:15:06,0.94,passed,2297,False
AUD-CH-038-Inp-2433,CH-038,Input Aggregation Agent,2026-03-02T06:16:00,0.78,completed,4957,False
AUD-CH-038-Pro-3693,CH-038,Profile Synthesis Agent,2026-03-02T06:16:04,0.77,completed,3587,False
AUD-CH-038-Pre-6395,CH-038,Prediction Agent,2026-03-02T06:16:46,0.95,completed,4209,False
AUD-CH-038-Dom-5066,CH-038,Domain Analysis Agent,2026-03-02T06:17:07,0.94,completed,5025,False
AUD-CH-038-Gui-9739,CH-038,Guideline Generation Agent,2026-03-02T06:17:22,0.97,completed,5875,False
AUD-CH-038-Goa-8694,CH-038,Goal Generation Agent,2026-03-02T06:17:33,0.89,completed,4370,False
AUD-CH-038-Mil-7775,CH-038,Milestone Planning Agent,2026-03-02T06:18:14,0.86,completed,2815,False
AUD-CH-038-Car-9831,CH-038,Caregiver Guidance Agent,2026-03-02T06:18:27,0.88,completed,4249,False
AUD-CH-038-Eth-3955,CH-038,Ethics and Consent Agent,2026-03-02T06:18:56,0.93,passed,462,False
AUD-CH-038-Bia-4858,CH-038,Bias Monitoring Agent,2026-03-02T06:18:59,0.97,passed,541,False
AUD-CH-038-Dat-2092,CH-038,Data Quality Agent,2026-03-02T06:19:13,0.99,passed,1345,False
AUD-CH-038-Con-8586,CH-038,Confidence and Abstention Agent,2026-03-02T06:19:27,0.97,passed,1323,False
AUD-CH-039-Inp-8333,CH-039,Input Aggregation Agent,2026-03-01T13:29:00,0.86,completed,2639,False
AUD-CH-039-Pro-2584,CH-039,Profile Synthesis Agent,2026-03-01T13:29:17,0.95,completed,4918,False
AUD-CH-039-Pre-2613,CH-039,Prediction Agent,2026-03-01T13:29:46,0.89,completed,1012,False
AUD-CH-039-Dom-8891,CH-039,Domain Analysis Agent,2026-03-01T13:30:16,0.69,escalated_to_human,1819,True
AUD-CH-039-Gui-4208,CH-039,Guideline Generation Agent,2026-03-01T13:30:59,0.84,completed,5628,False
AUD-CH-039-Goa-9574,CH-039,Goal Generation Agent,2026-03-01T13:31:04,0.96,completed,325,False
AUD-CH-039-Mil-6675,CH-039,Milestone Planning Agent,2026-03-01T13:31:14,0.76,completed,1738,False
AUD-CH-039-Car-5914,CH-039,Caregiver Guidance Agent,2026-03-01T13:31:44,0.75,completed,1365,False
AUD-CH-039-Eth-4308,CH-039,Ethics and Consent Agent,2026-03-01T13:32:20,0.93,passed,797,False
AUD-CH-039-Bia-7059,CH-039,Bias Monitoring Agent,2026-03-01T13:32:30,0.97,passed,700,False
AUD-CH-039-Dat-4513,CH-039,Data Quality Agent,2026-03-01T13:32:32,0.95,passed,2410,False
AUD-CH-039-Con-4520,CH-039,Confidence and Abstention Agent,2026-03-01T13:32:43,0.92,passed,1387,False
AUD-CH-040-Inp-6442,CH-040,Input Aggregation Agent,2026-03-01T13:55:00,0.76,completed,3641,False
AUD-CH-040-Pro-8414,CH-040,Profile Synthesis Agent,2026-03-01T13:55:33,0.83,completed,5905,False
AUD-CH-040-Pre-5793,CH-040,Prediction Agent,2026-03-01T13:56:18,0.98,completed,1348,False
AUD-CH-040-Dom-8996,CH-040,Domain Analysis Agent,2026-03-01T13:57:02,0.81,completed,5325,False
AUD-CH-040-Gui-7942,CH-040,Guideline Generation Agent,2026-03-01T13:57:07,0.94,completed,173,False
AUD-CH-040-Goa-4800,CH-040,Goal Generation Agent,2026-03-01T13:57:42,0.97,completed,4716,False
AUD-CH-040-Mil-2436,CH-040,Milestone Planning Agent,2026-03-01T13:57:47,0.94,completed,1481,False
AUD-CH-040-Car-8290,CH-040,Caregiver Guidance Agent,2026-03-01T13:57:51,0.84,completed,2002,False
AUD-CH-040-Eth-2041,CH-040,Ethics and Consent Agent,2026-03-01T13:58:33,0.98,passed,1730,False
AUD-CH-040-Bia-3151,CH-040,Bias Monitoring Agent,2026-03-01T13:58:35,0.92,passed,1991,False
AUD-CH-040-Dat-2617,CH-040,Data Quality Agent,2026-03-01T13:58:39,0.95,passed,118,False
AUD-CH-040-Con-2429,CH-040,Confidence and Abstention Agent,2026-03-01T13:58:52,0.95,passed,186,False
AUD-CH-041-Inp-9141,CH-041,Input Aggregation Agent,2026-03-01T16:59:00,0.71,escalated_to_human,1074,True
AUD-CH-041-Pro-2394,CH-041,Profile Synthesis Agent,2026-03-01T16:59:42,0.68,escalated_to_human,1830,True
AUD-CH-041-Pre-4801,CH-041,Prediction Agent,2026-03-01T16:59:53,0.92,completed,3430,False
AUD-CH-041-Dom-2856,CH-041,Domain Analysis Agent,2026-03-01T17:00:32,0.95,completed,4672,False
AUD-CH-041-Gui-5468,CH-041,Guideline Generation Agent,2026-03-01T17:00:41,0.78,completed,2744,False
AUD-CH-041-Goa-5819,CH-041,Goal Generation Agent,2026-03-01T17:01:05,0.84,completed,3529,False
AUD-CH-041-Mil-2026,CH-041,Milestone Planning Agent,2026-03-01T17:01:45,0.75,completed,1104,False
AUD-CH-041-Car-7643,CH-041,Caregiver Guidance Agent,2026-03-01T17:02:25,0.76,completed,4314,False
AUD-CH-041-Eth-3298,CH-041,Ethics and Consent Agent,2026-03-01T17:02:33,0.93,passed,1346,False
AUD-CH-041-Bia-2302,CH-041,Bias Monitoring Agent,2026-03-01T17:02:37,0.94,passed,2416,False
AUD-CH-041-Dat-1787,CH-041,Data Quality Agent,2026-03-01T17:02:48,0.98,passed,2186,False
AUD-CH-041-Con-5080,CH-041,Confidence and Abstention Agent,2026-03-01T17:02:54,0.94,passed,349,False
AUD-CH-042-Inp-4108,CH-042,Input Aggregation Agent,2026-03-02T23:11:00,0.74,escalated_to_human,630,True
AUD-CH-042-Pro-5851,CH-042,Profile Synthesis Agent,2026-03-02T23:11:13,0.82,completed,5879,False
AUD-CH-042-Pre-5140,CH-042,Prediction Agent,2026-03-02T23:11:16,0.7,escalated_to_human,3266,True
AUD-CH-042-Dom-6049,CH-042,Domain Analysis Agent,2026-03-02T23:11:26,0.7,escalated_to_human,1567,True
AUD-CH-042-Gui-1646,CH-042,Guideline Generation Agent,2026-03-02T23:11:50,0.97,completed,2400,False
AUD-CH-042-Goa-7769,CH-042,Goal Generation Agent,2026-03-02T23:12:25,0.84,completed,2422,False
AUD-CH-042-Mil-1641,CH-042,Milestone Planning Agent,2026-03-02T23:12:41,0.88,completed,617,False
AUD-CH-042-Car-2449,CH-042,Caregiver Guidance Agent,2026-03-02T23:13:18,0.9,completed,5867,False
AUD-CH-042-Eth-4743,CH-042,Ethics and Consent Agent,2026-03-02T23:13:42,0.97,passed,894,False
AUD-CH-042-Bia-7946,CH-042,Bias Monitoring Agent,2026-03-02T23:13:51,0.95,passed,1537,False
AUD-CH-042-Dat-1767,CH-042,Data Quality Agent,2026-03-02T23:13:56,0.96,passed,569,False
AUD-CH-042-Con-3817,CH-042,Confidence and Abstention Agent,2026-03-02T23:14:09,0.91,passed,1437,False
AUD-CH-043-Inp-7870,CH-043,Input Aggregation Agent,2026-03-02T21:16:00,0.99,completed,591,False
AUD-CH-043-Pro-5244,CH-043,Profile Synthesis Agent,2026-03-02T21:16:45,0.75,completed,1541,False
AUD-CH-043-Pre-9982,CH-043,Prediction Agent,2026-03-02T21:17:14,0.87,completed,5718,False
AUD-CH-043-Dom-9216,CH-043,Domain Analysis Agent,2026-03-02T21:17:57,0.87,completed,1839,False
AUD-CH-043-Gui-9692,CH-043,Guideline Generation Agent,2026-03-02T21:18:32,0.81,completed,5878,False
AUD-CH-043-Goa-4496,CH-043,Goal Generation Agent,2026-03-02T21:19:11,0.79,completed,5582,False
AUD-CH-043-Mil-9254,CH-043,Milestone Planning Agent,2026-03-02T21:19:32,0.79,completed,4636,False
AUD-CH-043-Car-3617,CH-043,Caregiver Guidance Agent,2026-03-02T21:19:48,0.68,escalated_to_human,3220,True
AUD-CH-043-Eth-7508,CH-043,Ethics and Consent Agent,2026-03-02T21:20:30,0.94,passed,1423,False
AUD-CH-043-Bia-6486,CH-043,Bias Monitoring Agent,2026-03-02T21:20:36,0.93,passed,1237,False
AUD-CH-043-Dat-8886,CH-043,Data Quality Agent,2026-03-02T21:20:40,0.91,passed,1405,False
AUD-CH-043-Con-4378,CH-043,Confidence and Abstention Agent,2026-03-02T21:20:55,0.98,passed,1653,False
AUD-CH-044-Inp-3464,CH-044,Input Aggregation Agent,2026-03-02T15:24:00,0.82,completed,5341,False
AUD-CH-044-Pro-5951,CH-044,Profile Synthesis Agent,2026-03-02T15:24:44,0.82,completed,3755,False
AUD-CH-044-Pre-7666,CH-044,Prediction Agent,2026-03-02T15:25:22,0.98,completed,5480,False
AUD-CH-044-Dom-6829,CH-044,Domain Analysis Agent,2026-03-02T15:26:05,0.81,completed,985,False
AUD-CH-044-Gui-3568,CH-044,Guideline Generation Agent,2026-03-02T15:26:40,0.99,completed,1479,False
AUD-CH-044-Goa-9245,CH-044,Goal Generation Agent,2026-03-02T15:27:15,0.99,completed,5881,False
AUD-CH-044-Mil-1121,CH-044,Milestone Planning Agent,2026-03-02T15:27:37,0.72,escalated_to_human,1571,True
AUD-CH-044-Car-6935,CH-044,Caregiver Guidance Agent,2026-03-02T15:27:52,0.95,completed,2472,False
AUD-CH-044-Eth-8422,CH-044,Ethics and Consent Agent,2026-03-02T15:28:03,0.95,passed,1228,False
AUD-CH-044-Bia-8564,CH-044,Bias Monitoring Agent,2026-03-02T15:28:16,0.99,passed,1243,False
AUD-CH-044-Dat-9479,CH-044,Data Quality Agent,2026-03-02T15:28:25,0.98,passed,2338,False
AUD-CH-044-Con-2558,CH-044,Confidence and Abstention Agent,2026-03-02T15:28:34,0.95,passed,1607,False
AUD-CH-045-Inp-7404,CH-045,Input Aggregation Agent,2026-03-03T00:42:00,0.72,escalated_to_human,415,True
AUD-CH-045-Pro-8105,CH-045,Profile Synthesis Agent,2026-03-03T00:42:33,0.92,completed,3745,False
AUD-CH-045-Pre-3998,CH-045,Prediction Agent,2026-03-03T00:42:48,0.95,completed,2542,False
AUD-CH-045-Dom-4434,CH-045,Domain Analysis Agent,2026-03-03T00:43:19,0.91,completed,3337,False
AUD-CH-045-Gui-1619,CH-045,Guideline Generation Agent,2026-03-03T00:43:28,0.81,completed,5035,False
AUD-CH-045-Goa-1195,CH-045,Goal Generation Agent,2026-03-03T00:43:53,0.96,completed,881,False
AUD-CH-045-Mil-5909,CH-045,Milestone Planning Agent,2026-03-03T00:44:03,0.9,completed,5999,False
AUD-CH-045-Car-4952,CH-045,Caregiver Guidance Agent,2026-03-03T00:44:25,0.82,completed,1550,False
AUD-CH-045-Eth-3375,CH-045,Ethics and Consent Agent,2026-03-03T00:44:56,0.99,passed,2464,False
AUD-CH-045-Bia-6615,CH-045,Bias Monitoring Agent,2026-03-03T00:45:09,0.93,passed,628,False
AUD-CH-045-Dat-3788,CH-045,Data Quality Agent,2026-03-03T00:45:15,0.92,passed,660,False
AUD-CH-045-Con-1140,CH-045,Confidence and Abstention Agent,2026-03-03T00:45:22,0.93,passed,349,False
AUD-CH-046-Inp-6336,CH-046,Input Aggregation Agent,2026-03-02T16:24:00,0.77,completed,3177,False
AUD-CH-046-Pro-5697,CH-046,Profile Synthesis Agent,2026-03-02T16:24:35,0.96,completed,1684,False
AUD-CH-046-Pre-9934,CH-046,Prediction Agent,2026-03-02T16:24:55,0.74,escalated_to_human,2049,True
AUD-CH-046-Dom-4418,CH-046,Domain Analysis Agent,2026-03-02T16:25:16,0.74,escalated_to_human,4243,True
AUD-CH-046-Gui-8567,CH-046,Guideline Generation Agent,2026-03-02T16:25:23,0.86,completed,872,False
AUD-CH-046-Goa-9059,CH-046,Goal Generation Agent,2026-03-02T16:25:59,0.84,completed,5359,False
AUD-CH-046-Mil-8683,CH-046,Milestone Planning Agent,2026-03-02T16:26:41,0.97,completed,3055,False
AUD-CH-046-Car-9421,CH-046,Caregiver Guidance Agent,2026-03-02T16:27:26,0.73,escalated_to_human,5548,True
AUD-CH-046-Eth-6344,CH-046,Ethics and Consent Agent,2026-03-02T16:27:54,0.91,passed,578,False
AUD-CH-046-Bia-6886,CH-046,Bias Monitoring Agent,2026-03-02T16:28:09,0.97,passed,1073,False
AUD-CH-046-Dat-3225,CH-046,Data Quality Agent,2026-03-02T16:28:23,0.93,passed,450,False
AUD-CH-046-Con-9936,CH-046,Confidence and Abstention Agent,2026-03-02T16:28:26,0.92,passed,1952,False
AUD-CH-047-Inp-4578,CH-047,Input Aggregation Agent,2026-03-02T00:03:00,0.96,completed,4284,False
AUD-CH-047-Pro-6812,CH-047,Profile Synthesis Agent,2026-03-02T00:03:32,0.71,escalated_to_human,2787,True
AUD-CH-047-Pre-2039,CH-047,Prediction Agent,2026-03-02T00:04:06,0.72,escalated_to_human,5160,True
AUD-CH-047-Dom-5295,CH-047,Domain Analysis Agent,2026-03-02T00:04:29,0.7,escalated_to_human,832,True
AUD-CH-047-Gui-5734,CH-047,Guideline Generation Agent,2026-03-02T00:05:12,0.73,escalated_to_human,4624,True
AUD-CH-047-Goa-3504,CH-047,Goal Generation Agent,2026-03-02T00:05:49,0.91,completed,442,False
AUD-CH-047-Mil-3335,CH-047,Milestone Planning Agent,2026-03-02T00:05:56,0.68,escalated_to_human,4068,True
AUD-CH-047-Car-5194,CH-047,Caregiver Guidance Agent,2026-03-02T00:06:17,0.77,completed,2870,False
AUD-CH-047-Eth-8855,CH-047,Ethics and Consent Agent,2026-03-02T00:06:57,0.96,passed,2026,False
AUD-CH-047-Bia-3473,CH-047,Bias Monitoring Agent,2026-03-02T00:07:03,0.96,passed,197,False
AUD-CH-047-Dat-8078,CH-047,Data Quality Agent,2026-03-02T00:07:11,0.96,passed,1946,False
AUD-CH-047-Con-5830,CH-047,Confidence and Abstention Agent,2026-03-02T00:07:26,0.97,passed,1080,False
AUD-CH-048-Inp-3323,CH-048,Input Aggregation Agent,2026-03-01T08:21:00,0.88,completed,3510,False
AUD-CH-048-Pro-8754,CH-048,Profile Synthesis Agent,2026-03-01T08:21:25,0.95,completed,3609,False
AUD-CH-048-Pre-1456,CH-048,Prediction Agent,2026-03-01T08:21:56,0.73,escalated_to_human,5337,True
AUD-CH-048-Dom-7681,CH-048,Domain Analysis Agent,2026-03-01T08:22:12,0.87,completed,3521,False
AUD-CH-048-Gui-5492,CH-048,Guideline Generation Agent,2026-03-01T08:22:37,0.96,completed,4790,False
AUD-CH-048-Goa-1735,CH-048,Goal Generation Agent,2026-03-01T08:22:40,0.93,completed,4728,False
AUD-CH-048-Mil-3146,CH-048,Milestone Planning Agent,2026-03-01T08:23:16,0.74,escalated_to_human,3205,True
AUD-CH-048-Car-1995,CH-048,Caregiver Guidance Agent,2026-03-01T08:23:54,0.9,completed,635,False
AUD-CH-048-Eth-6919,CH-048,Ethics and Consent Agent,2026-03-01T08:24:26,0.95,passed,779,False
AUD-CH-048-Bia-4053,CH-048,Bias Monitoring Agent,2026-03-01T08:24:35,0.96,passed,268,False
AUD-CH-048-Dat-3433,CH-048,Data Quality Agent,2026-03-01T08:24:39,0.94,passed,2429,False
AUD-CH-048-Con-6069,CH-048,Confidence and Abstention Agent,2026-03-01T08:24:45,0.95,passed,202,False
AUD-CH-049-Inp-3884,CH-049,Input Aggregation Agent,2026-03-02T01:37:00,0.92,completed,3387,False
AUD-CH-049-Pro-7270,CH-049,Profile Synthesis Agent,2026-03-02T01:37:04,0.77,completed,2173,False
AUD-CH-049-Pre-2699,CH-049,Prediction Agent,2026-03-02T01:37:30,0.89,completed,5223,False
AUD-CH-049-Dom-4894,CH-049,Domain Analysis Agent,2026-03-02T01:38:06,0.95,completed,4570,False
AUD-CH-049-Gui-3118,CH-049,Guideline Generation Agent,2026-03-02T01:38:44,0.95,completed,4015,False
AUD-CH-049-Goa-5702,CH-049,Goal Generation Agent,2026-03-02T01:38:47,0.94,completed,4758,False
AUD-CH-049-Mil-1659,CH-049,Milestone Planning Agent,2026-03-02T01:38:56,0.8,completed,4248,False
AUD-CH-049-Car-9699,CH-049,Caregiver Guidance Agent,2026-03-02T01:39:18,0.74,escalated_to_human,3599,True
AUD-CH-049-Eth-2126,CH-049,Ethics and Consent Agent,2026-03-02T01:39:49,0.99,passed,1466,False
AUD-CH-049-Bia-7668,CH-049,Bias Monitoring Agent,2026-03-02T01:39:56,0.96,passed,2014,False
AUD-CH-049-Dat-2232,CH-049,Data Quality Agent,2026-03-02T01:40:10,0.95,passed,1216,False
AUD-CH-049-Con-3826,CH-049,Confidence and Abstention Agent,2026-03-02T01:40:19,0.99,passed,808,False
AUD-CH-050-Inp-6674,CH-050,Input Aggregation Agent,2026-03-02T18:44:00,0.69,escalated_to_human,1459,True
AUD-CH-050-Pro-6530,CH-050,Profile Synthesis Agent,2026-03-02T18:44:43,0.68,escalated_to_human,5179,True
AUD-CH-050-Pre-1133,CH-050,Prediction Agent,2026-03-02T18:44:50,0.69,escalated_to_human,2151,True
AUD-CH-050-Dom-5671,CH-050,Domain Analysis Agent,2026-03-02T18:45:13,0.76,completed,1472,False
AUD-CH-050-Gui-3233,CH-050,Guideline Generation Agent,2026-03-02T18:45:25,0.97,completed,867,False
AUD-CH-050-Goa-5105,CH-050,Goal Generation Agent,2026-03-02T18:46:06,0.86,completed,3185,False
AUD-CH-050-Mil-1740,CH-050,Milestone Planning Agent,2026-03-02T18:46:18,0.77,completed,1028,False
AUD-CH-050-Car-4871,CH-050,Caregiver Guidance Agent,2026-03-02T18:46:52,0.87,completed,2204,False
AUD-CH-050-Eth-7674,CH-050,Ethics and Consent Agent,2026-03-02T18:46:59,0.93,passed,657,False
AUD-CH-050-Bia-4400,CH-050,Bias Monitoring Agent,2026-03-02T18:47:09,0.93,passed,1710,False
AUD-CH-050-Dat-6860,CH-050,Data Quality Agent,2026-03-02T18:47:15,0.93,passed,634,False
AUD-CH-050-Con-9493,CH-050,Confidence and Abstention Agent,2026-03-02T18:47:17,0.96,passed,127,False
AUD-CH-051-Inp-1731,CH-051,Input Aggregation Agent,2026-03-03T01:10:00,0.79,completed,1377,False
AUD-CH-051-Pro-2548,CH-051,Profile Synthesis Agent,2026-03-03T01:10:31,0.8,completed,4607,False
AUD-CH-051-Pre-5268,CH-051,Prediction Agent,2026-03-03T01:11:16,0.75,completed,2327,False
AUD-CH-051-Dom-2984,CH-051,Domain Analysis Agent,2026-03-03T01:11:52,0.9,completed,2493,False
AUD-CH-051-Gui-7051,CH-051,Guideline Generation Agent,2026-03-03T01:12:00,0.9,completed,2456,False
AUD-CH-051-Goa-8284,CH-051,Goal Generation Agent,2026-03-03T01:12:42,0.78,completed,5860,False
AUD-CH-051-Mil-1777,CH-051,Milestone Planning Agent,2026-03-03T01:13:07,0.9,completed,932,False
AUD-CH-051-Car-5553,CH-051,Caregiver Guidance Agent,2026-03-03T01:13:26,0.93,completed,5938,False
AUD-CH-051-Eth-2171,CH-051,Ethics and Consent Agent,2026-03-03T01:13:49,0.94,passed,2259,False
AUD-CH-051-Bia-5083,CH-051,Bias Monitoring Agent,2026-03-03T01:13:56,0.97,passed,853,False
AUD-CH-051-Dat-9331,CH-051,Data Quality Agent,2026-03-03T01:14:07,0.96,passed,272,False
AUD-CH-051-Con-9596,CH-051,Confidence and Abstention Agent,2026-03-03T01:14:09,0.97,passed,1105,False
AUD-CH-052-Inp-4741,CH-052,Input Aggregation Agent,2026-03-01T23:08:00,0.87,completed,1362,False
AUD-CH-052-Pro-7640,CH-052,Profile Synthesis Agent,2026-03-01T23:08:11,0.73,escalated_to_human,4128,True
AUD-CH-052-Pre-8200,CH-052,Prediction Agent,2026-03-01T23:08:19,0.94,completed,5588,False
AUD-CH-052-Dom-2974,CH-052,Domain Analysis Agent,2026-03-01T23:08:29,0.94,completed,1404,False
AUD-CH-052-Gui-5902,CH-052,Guideline Generation Agent,2026-03-01T23:08:36,0.77,completed,1678,False
AUD-CH-052-Goa-6009,CH-052,Goal Generation Agent,2026-03-01T23:09:21,0.96,completed,3392,False
AUD-CH-052-Mil-5228,CH-052,Milestone Planning Agent,2026-03-01T23:09:25,0.94,completed,2563,False
AUD-CH-052-Car-9296,CH-052,Caregiver Guidance Agent,2026-03-01T23:09:40,0.96,completed,556,False
AUD-CH-052-Eth-7542,CH-052,Ethics and Consent Agent,2026-03-01T23:09:49,0.98,passed,1046,False
AUD-CH-052-Bia-1003,CH-052,Bias Monitoring Agent,2026-03-01T23:10:02,0.93,passed,1349,False
AUD-CH-052-Dat-4894,CH-052,Data Quality Agent,2026-03-01T23:10:17,0.94,passed,1936,False
AUD-CH-052-Con-9112,CH-052,Confidence and Abstention Agent,2026-03-01T23:10:19,0.98,passed,229,False
AUD-CH-053-Inp-8709,CH-053,Input Aggregation Agent,2026-03-01T11:41:00,0.73,escalated_to_human,2861,True
AUD-CH-053-Pro-4677,CH-053,Profile Synthesis Agent,2026-03-01T11:41:42,0.72,escalated_to_human,3181,True
AUD-CH-053-Pre-2138,CH-053,Prediction Agent,2026-03-01T11:41:56,0.7,escalated_to_human,1698,True
AUD-CH-053-Dom-7465,CH-053,Domain Analysis Agent,2026-03-01T11:42:32,0.75,completed,1037,False
AUD-CH-053-Gui-8304,CH-053,Guideline Generation Agent,2026-03-01T11:42:43,0.95,completed,3595,False
AUD-CH-053-Goa-5749,CH-053,Goal Generation Agent,2026-03-01T11:42:59,0.82,completed,4612,False
AUD-CH-053-Mil-3045,CH-053,Milestone Planning Agent,2026-03-01T11:43:24,0.81,completed,2277,False
AUD-CH-053-Car-8179,CH-053,Caregiver Guidance Agent,2026-03-01T11:43:44,0.76,completed,5696,False
AUD-CH-053-Eth-1575,CH-053,Ethics and Consent Agent,2026-03-01T11:43:53,0.91,passed,598,False
AUD-CH-053-Bia-6553,CH-053,Bias Monitoring Agent,2026-03-01T11:44:05,0.95,passed,2015,False
AUD-CH-053-Dat-6002,CH-053,Data Quality Agent,2026-03-01T11:44:15,0.99,passed,2379,False
AUD-CH-053-Con-9470,CH-053,Confidence and Abstention Agent,2026-03-01T11:44:17,0.97,passed,666,False
AUD-CH-054-Inp-3709,CH-054,Input Aggregation Agent,2026-03-01T20:28:00,0.8,completed,4197,False
AUD-CH-054-Pro-8036,CH-054,Profile Synthesis Agent,2026-03-01T20:28:07,0.68,escalated_to_human,2523,True
AUD-CH-054-Pre-7516,CH-054,Prediction Agent,2026-03-01T20:28:32,0.92,completed,2053,False
AUD-CH-054-Dom-3340,CH-054,Domain Analysis Agent,2026-03-01T20:28:49,0.75,completed,4576,False
AUD-CH-054-Gui-4052,CH-054,Guideline Generation Agent,2026-03-01T20:29:14,0.68,escalated_to_human,225,True
AUD-CH-054-Goa-3244,CH-054,Goal Generation Agent,2026-03-01T20:29:26,0.69,escalated_to_human,3550,True
AUD-CH-054-Mil-5796,CH-054,Milestone Planning Agent,2026-03-01T20:30:10,0.79,completed,985,False
AUD-CH-054-Car-7159,CH-054,Caregiver Guidance Agent,2026-03-01T20:30:52,0.74,escalated_to_human,2276,True
AUD-CH-054-Eth-7494,CH-054,Ethics and Consent Agent,2026-03-01T20:31:05,0.94,passed,1438,False
AUD-CH-054-Bia-6990,CH-054,Bias Monitoring Agent,2026-03-01T20:31:15,0.92,passed,275,False
AUD-CH-054-Dat-1421,CH-054,Data Quality Agent,2026-03-01T20:31:20,0.97,passed,1643,False
AUD-CH-054-Con-1360,CH-054,Confidence and Abstention Agent,2026-03-01T20:31:33,0.96,passed,2495,False
AUD-CH-055-Inp-2482,CH-055,Input Aggregation Agent,2026-03-02T22:15:00,0.92,completed,4888,False
AUD-CH-055-Pro-5503,CH-055,Profile Synthesis Agent,2026-03-02T22:15:29,0.71,escalated_to_human,2977,True
AUD-CH-055-Pre-7286,CH-055,Prediction Agent,2026-03-02T22:15:37,0.89,completed,4765,False
AUD-CH-055-Dom-4789,CH-055,Domain Analysis Agent,2026-03-02T22:16:21,0.98,completed,3395,False
AUD-CH-055-Gui-7968,CH-055,Guideline Generation Agent,2026-03-02T22:16:50,0.96,completed,4689,False
AUD-CH-055-Goa-3797,CH-055,Goal Generation Agent,2026-03-02T22:17:15,0.78,completed,810,False
AUD-CH-055-Mil-9268,CH-055,Milestone Planning Agent,2026-03-02T22:17:57,0.91,completed,1356,False
AUD-CH-055-Car-3841,CH-055,Caregiver Guidance Agent,2026-03-02T22:18:15,0.82,completed,2812,False
AUD-CH-055-Eth-6494,CH-055,Ethics and Consent Agent,2026-03-02T22:19:00,0.99,passed,232,False
AUD-CH-055-Bia-7790,CH-055,Bias Monitoring Agent,2026-03-02T22:19:14,0.97,passed,2174,False
AUD-CH-055-Dat-4015,CH-055,Data Quality Agent,2026-03-02T22:19:29,0.95,passed,584,False
AUD-CH-055-Con-5120,CH-055,Confidence and Abstention Agent,2026-03-02T22:19:32,0.97,passed,2104,False
AUD-CH-056-Inp-4670,CH-056,Input Aggregation Agent,2026-03-01T13:47:00,0.82,completed,3619,False
AUD-CH-056-Pro-2931,CH-056,Profile Synthesis Agent,2026-03-01T13:47:16,0.82,completed,2396,False
AUD-CH-056-Pre-5189,CH-056,Prediction Agent,2026-03-01T13:47:43,0.8,completed,1003,False
AUD-CH-056-Dom-6340,CH-056,Domain Analysis Agent,2026-03-01T13:48:02,0.75,completed,2093,False
AUD-CH-056-Gui-5450,CH-056,Guideline Generation Agent,2026-03-01T13:48:09,0.95,completed,5711,False
AUD-CH-056-Goa-6253,CH-056,Goal Generation Agent,2026-03-01T13:48:37,0.81,completed,3925,False
AUD-CH-056-Mil-5948,CH-056,Milestone Planning Agent,2026-03-01T13:48:57,0.84,completed,2937,False
AUD-CH-056-Car-3380,CH-056,Caregiver Guidance Agent,2026-03-01T13:49:03,0.95,completed,5110,False
AUD-CH-056-Eth-8847,CH-056,Ethics and Consent Agent,2026-03-01T13:49:39,0.98,passed,250,False
AUD-CH-056-Bia-2415,CH-056,Bias Monitoring Agent,2026-03-01T13:49:47,0.95,passed,1839,False
AUD-CH-056-Dat-4736,CH-056,Data Quality Agent,2026-03-01T13:49:50,0.93,passed,2132,False
AUD-CH-056-Con-3169,CH-056,Confidence and Abstention Agent,2026-03-01T13:50:04,0.92,passed,1694,False
AUD-CH-057-Inp-2010,CH-057,Input Aggregation Agent,2026-03-02T07:10:00,0.88,completed,804,False
AUD-CH-057-Pro-6667,CH-057,Profile Synthesis Agent,2026-03-02T07:10:09,0.79,completed,1842,False
AUD-CH-057-Pre-6190,CH-057,Prediction Agent,2026-03-02T07:10:48,0.96,completed,1252,False
AUD-CH-057-Dom-3562,CH-057,Domain Analysis Agent,2026-03-02T07:11:14,0.72,escalated_to_human,4418,True
AUD-CH-057-Gui-7207,CH-057,Guideline Generation Agent,2026-03-02T07:11:34,0.95,completed,594,False
AUD-CH-057-Goa-6271,CH-057,Goal Generation Agent,2026-03-02T07:12:18,0.92,completed,4495,False
AUD-CH-057-Mil-7581,CH-057,Milestone Planning Agent,2026-03-02T07:12:29,0.86,completed,233,False
AUD-CH-057-Car-1788,CH-057,Caregiver Guidance Agent,2026-03-02T07:13:03,0.98,completed,2416,False
AUD-CH-057-Eth-4801,CH-057,Ethics and Consent Agent,2026-03-02T07:13:22,0.98,passed,562,False
AUD-CH-057-Bia-5790,CH-057,Bias Monitoring Agent,2026-03-02T07:13:28,0.97,passed,819,False
AUD-CH-057-Dat-3385,CH-057,Data Quality Agent,2026-03-02T07:13:31,0.91,passed,1754,False
AUD-CH-057-Con-6392,CH-057,Confidence and Abstention Agent,2026-03-02T07:13:38,0.95,passed,1117,False
AUD-CH-058-Inp-4853,CH-058,Input Aggregation Agent,2026-03-02T15:25:00,0.8,completed,3009,False
AUD-CH-058-Pro-7272,CH-058,Profile Synthesis Agent,2026-03-02T15:25:35,0.78,completed,3958,False
AUD-CH-058-Pre-6848,CH-058,Prediction Agent,2026-03-02T15:25:59,0.83,completed,1710,False
AUD-CH-058-Dom-4289,CH-058,Domain Analysis Agent,2026-03-02T15:26:07,0.93,completed,3531,False
AUD-CH-058-Gui-5723,CH-058,Guideline Generation Agent,2026-03-02T15:26:10,0.89,completed,2304,False
AUD-CH-058-Goa-3406,CH-058,Goal Generation Agent,2026-03-02T15:26:54,0.96,completed,3483,False
AUD-CH-058-Mil-8123,CH-058,Milestone Planning Agent,2026-03-02T15:27:11,0.7,escalated_to_human,5565,True
AUD-CH-058-Car-5549,CH-058,Caregiver Guidance Agent,2026-03-02T15:27:55,0.91,completed,4013,False
AUD-CH-058-Eth-1750,CH-058,Ethics and Consent Agent,2026-03-02T15:28:22,0.93,passed,1258,False
AUD-CH-058-Bia-2421,CH-058,Bias Monitoring Agent,2026-03-02T15:28:29,0.93,passed,2467,False
AUD-CH-058-Dat-4397,CH-058,Data Quality Agent,2026-03-02T15:28:44,0.92,passed,531,False
AUD-CH-058-Con-4722,CH-058,Confidence and Abstention Agent,2026-03-02T15:28:54,0.92,passed,2319,False
AUD-CH-059-Inp-5706,CH-059,Input Aggregation Agent,2026-03-01T10:09:00,0.88,completed,5147,False
AUD-CH-059-Pro-8853,CH-059,Profile Synthesis Agent,2026-03-01T10:09:28,0.72,escalated_to_human,1992,True
AUD-CH-059-Pre-6657,CH-059,Prediction Agent,2026-03-01T10:10:10,0.95,completed,3736,False
AUD-CH-059-Dom-5535,CH-059,Domain Analysis Agent,2026-03-01T10:10:18,0.91,completed,3578,False
AUD-CH-059-Gui-4840,CH-059,Guideline Generation Agent,2026-03-01T10:10:41,0.94,completed,4804,False
AUD-CH-059-Goa-8813,CH-059,Goal Generation Agent,2026-03-01T10:10:58,0.91,completed,1654,False
AUD-CH-059-Mil-2090,CH-059,Milestone Planning Agent,2026-03-01T10:11:17,0.97,completed,4961,False
AUD-CH-059-Car-4811,CH-059,Caregiver Guidance Agent,2026-03-01T10:11:23,0.84,completed,392,False
AUD-CH-059-Eth-8741,CH-059,Ethics and Consent Agent,2026-03-01T10:12:04,0.95,passed,606,False
AUD-CH-059-Bia-2911,CH-059,Bias Monitoring Agent,2026-03-01T10:12:14,0.94,passed,1014,False
AUD-CH-059-Dat-3200,CH-059,Data Quality Agent,2026-03-01T10:12:24,0.92,passed,1415,False
AUD-CH-059-Con-7744,CH-059,Confidence and Abstention Agent,2026-03-01T10:12:29,0.95,passed,1758,False
AUD-CH-060-Inp-2737,CH-060,Input Aggregation Agent,2026-03-01T18:11:00,0.99,completed,4637,False
AUD-CH-060-Pro-9265,CH-060,Profile Synthesis Agent,2026-03-01T18:11:22,0.71,escalated_to_human,2633,True
AUD-CH-060-Pre-9982,CH-060,Prediction Agent,2026-03-01T18:11:40,0.95,completed,3693,False
AUD-CH-060-Dom-5531,CH-060,Domain Analysis Agent,2026-03-01T18:12:02,0.68,escalated_to_human,4607,True
AUD-CH-060-Gui-7602,CH-060,Guideline Generation Agent,2026-03-01T18:12:41,0.71,escalated_to_human,3193,True
AUD-CH-060-Goa-3699,CH-060,Goal Generation Agent,2026-03-01T18:12:53,0.69,escalated_to_human,3230,True
AUD-CH-060-Mil-4005,CH-060,Milestone Planning Agent,2026-03-01T18:13:29,0.85,completed,1692,False
AUD-CH-060-Car-5715,CH-060,Caregiver Guidance Agent,2026-03-01T18:14:01,0.72,escalated_to_human,246,True
AUD-CH-060-Eth-1797,CH-060,Ethics and Consent Agent,2026-03-01T18:14:38,0.92,passed,1558,False
AUD-CH-060-Bia-6328,CH-060,Bias Monitoring Agent,2026-03-01T18:14:41,0.95,passed,85,False
AUD-CH-060-Dat-5860,CH-060,Data Quality Agent,2026-03-01T18:14:48,0.95,passed,506,False
AUD-CH-060-Con-6305,CH-060,Confidence and Abstention Agent,2026-03-01T18:14:59,0.96,passed,527,False
AUD-CH-061-Inp-2793,CH-061,Input Aggregation Agent,2026-03-02T01:51:00,0.78,completed,434,False
AUD-CH-061-Pro-2705,CH-061,Profile Synthesis Agent,2026-03-02T01:51:24,0.74,escalated_to_human,4753,True
AUD-CH-061-Pre-7410,CH-061,Prediction Agent,2026-03-02T01:51:48,0.72,escalated_to_human,3123,True
AUD-CH-061-Dom-9461,CH-061,Domain Analysis Agent,2026-03-02T01:52:27,0.75,completed,163,False
AUD-CH-061-Gui-4888,CH-061,Guideline Generation Agent,2026-03-02T01:52:51,0.95,completed,4222,False
AUD-CH-061-Goa-8928,CH-061,Goal Generation Agent,2026-03-02T01:53:23,0.91,completed,2893,False
AUD-CH-061-Mil-9855,CH-061,Milestone Planning Agent,2026-03-02T01:53:48,0.69,escalated_to_human,4098,True
AUD-CH-061-Car-4640,CH-061,Caregiver Guidance Agent,2026-03-02T01:54:32,0.79,completed,3812,False
AUD-CH-061-Eth-3471,CH-061,Ethics and Consent Agent,2026-03-02T01:55:12,0.96,passed,511,False
AUD-CH-061-Bia-9903,CH-061,Bias Monitoring Agent,2026-03-02T01:55:25,0.95,passed,1788,False
AUD-CH-061-Dat-2801,CH-061,Data Quality Agent,2026-03-02T01:55:33,0.97,passed,433,False
AUD-CH-061-Con-1211,CH-061,Confidence and Abstention Agent,2026-03-02T01:55:40,0.92,passed,1059,False
AUD-CH-062-Inp-2832,CH-062,Input Aggregation Agent,2026-03-01T11:12:00,0.73,escalated_to_human,5514,True
AUD-CH-062-Pro-2648,CH-062,Profile Synthesis Agent,2026-03-01T11:12:23,0.71,escalated_to_human,1052,True
AUD-CH-062-Pre-8649,CH-062,Prediction Agent,2026-03-01T11:12:40,0.91,completed,2126,False
AUD-CH-062-Dom-5426,CH-062,Domain Analysis Agent,2026-03-01T11:13:21,0.8,completed,983,False
AUD-CH-062-Gui-8654,CH-062,Guideline Generation Agent,2026-03-01T11:14:03,0.75,completed,1742,False
AUD-CH-062-Goa-7121,CH-062,Goal Generation Agent,2026-03-01T11:14:48,0.69,escalated_to_human,5030,True
AUD-CH-062-Mil-5599,CH-062,Milestone Planning Agent,2026-03-01T11:14:57,0.91,completed,598,False
AUD-CH-062-Car-1231,CH-062,Caregiver Guidance Agent,2026-03-01T11:15:15,0.77,completed,1898,False
AUD-CH-062-Eth-1089,CH-062,Ethics and Consent Agent,2026-03-01T11:15:36,0.91,passed,968,False
AUD-CH-062-Bia-1273,CH-062,Bias Monitoring Agent,2026-03-01T11:15:47,0.99,passed,657,False
AUD-CH-062-Dat-9718,CH-062,Data Quality Agent,2026-03-01T11:15:53,0.98,passed,1377,False
AUD-CH-062-Con-8334,CH-062,Confidence and Abstention Agent,2026-03-01T11:16:03,0.92,passed,217,False
AUD-CH-063-Inp-9846,CH-063,Input Aggregation Agent,2026-03-01T21:14:00,0.89,completed,229,False
AUD-CH-063-Pro-2072,CH-063,Profile Synthesis Agent,2026-03-01T21:14:23,0.96,completed,4736,False
AUD-CH-063-Pre-8377,CH-063,Prediction Agent,2026-03-01T21:14:33,0.69,escalated_to_human,3678,True
AUD-CH-063-Dom-5242,CH-063,Domain Analysis Agent,2026-03-01T21:14:57,0.92,completed,4060,False
AUD-CH-063-Gui-6404,CH-063,Guideline Generation Agent,2026-03-01T21:15:39,0.97,completed,644,False
AUD-CH-063-Goa-7594,CH-063,Goal Generation Agent,2026-03-01T21:15:45,0.71,escalated_to_human,1612,True
AUD-CH-063-Mil-2160,CH-063,Milestone Planning Agent,2026-03-01T21:15:53,0.9,completed,4074,False
AUD-CH-063-Car-4212,CH-063,Caregiver Guidance Agent,2026-03-01T21:15:58,0.79,completed,3237,False
AUD-CH-063-Eth-5039,CH-063,Ethics and Consent Agent,2026-03-01T21:16:12,0.91,passed,567,False
AUD-CH-063-Bia-4605,CH-063,Bias Monitoring Agent,2026-03-01T21:16:17,0.97,passed,2090,False
AUD-CH-063-Dat-6264,CH-063,Data Quality Agent,2026-03-01T21:16:20,0.95,passed,1781,False
AUD-CH-063-Con-2663,CH-063,Confidence and Abstention Agent,2026-03-01T21:16:33,0.96,passed,403,False
AUD-CH-064-Inp-8170,CH-064,Input Aggregation Agent,2026-03-02T22:50:00,0.93,completed,2542,False
AUD-CH-064-Pro-3317,CH-064,Profile Synthesis Agent,2026-03-02T22:50:30,0.74,escalated_to_human,5681,True
AUD-CH-064-Pre-7014,CH-064,Prediction Agent,2026-03-02T22:51:12,0.8,completed,5170,False
AUD-CH-064-Dom-1291,CH-064,Domain Analysis Agent,2026-03-02T22:51:15,0.74,escalated_to_human,2683,True
AUD-CH-064-Gui-8572,CH-064,Guideline Generation Agent,2026-03-02T22:51:54,0.83,completed,4894,False
AUD-CH-064-Goa-5595,CH-064,Goal Generation Agent,2026-03-02T22:52:30,0.95,completed,2748,False
AUD-CH-064-Mil-8427,CH-064,Milestone Planning Agent,2026-03-02T22:53:11,0.82,completed,5820,False
AUD-CH-064-Car-7135,CH-064,Caregiver Guidance Agent,2026-03-02T22:53:36,0.71,escalated_to_human,4262,True
AUD-CH-064-Eth-5929,CH-064,Ethics and Consent Agent,2026-03-02T22:53:54,0.97,passed,1270,False
AUD-CH-064-Bia-9037,CH-064,Bias Monitoring Agent,2026-03-02T22:54:00,0.56,flagged_for_review,313,True
AUD-CH-064-Dat-8559,CH-064,Data Quality Agent,2026-03-02T22:54:09,0.94,passed,1386,False
AUD-CH-064-Con-7141,CH-064,Confidence and Abstention Agent,2026-03-02T22:54:19,0.94,passed,441,False
AUD-CH-065-Inp-1325,CH-065,Input Aggregation Agent,2026-03-01T10:43:00,0.93,completed,2830,False
AUD-CH-065-Pro-5311,CH-065,Profile Synthesis Agent,2026-03-01T10:43:10,0.8,completed,2308,False
AUD-CH-065-Pre-6927,CH-065,Prediction Agent,2026-03-01T10:43:26,0.7,escalated_to_human,1143,True
AUD-CH-065-Dom-2969,CH-065,Domain Analysis Agent,2026-03-01T10:44:00,0.74,escalated_to_human,3310,True
AUD-CH-065-Gui-3489,CH-065,Guideline Generation Agent,2026-03-01T10:44:28,0.75,completed,5352,False
AUD-CH-065-Goa-1743,CH-065,Goal Generation Agent,2026-03-01T10:44:40,0.98,completed,2298,False
AUD-CH-065-Mil-9393,CH-065,Milestone Planning Agent,2026-03-01T10:45:13,0.68,escalated_to_human,4394,True
AUD-CH-065-Car-8913,CH-065,Caregiver Guidance Agent,2026-03-01T10:45:24,0.8,completed,498,False
AUD-CH-065-Eth-5365,CH-065,Ethics and Consent Agent,2026-03-01T10:45:58,0.99,passed,2019,False
AUD-CH-065-Bia-9780,CH-065,Bias Monitoring Agent,2026-03-01T10:46:06,0.93,passed,2074,False
AUD-CH-065-Dat-1943,CH-065,Data Quality Agent,2026-03-01T10:46:18,0.94,passed,1107,False
AUD-CH-065-Con-6718,CH-065,Confidence and Abstention Agent,2026-03-01T10:46:25,0.93,passed,1743,False
AUD-CH-066-Inp-6626,CH-066,Input Aggregation Agent,2026-03-01T09:03:00,0.78,completed,2071,False
AUD-CH-066-Pro-1752,CH-066,Profile Synthesis Agent,2026-03-01T09:03:28,0.82,completed,1156,False
AUD-CH-066-Pre-3280,CH-066,Prediction Agent,2026-03-01T09:04:08,0.87,completed,5158,False
AUD-CH-066-Dom-9447,CH-066,Domain Analysis Agent,2026-03-01T09:04:46,0.86,completed,5483,False
AUD-CH-066-Gui-8787,CH-066,Guideline Generation Agent,2026-03-01T09:04:55,0.83,completed,3388,False
AUD-CH-066-Goa-3769,CH-066,Goal Generation Agent,2026-03-01T09:05:19,0.71,escalated_to_human,1983,True
AUD-CH-066-Mil-8557,CH-066,Milestone Planning Agent,2026-03-01T09:06:02,0.69,escalated_to_human,325,True
AUD-CH-066-Car-6627,CH-066,Caregiver Guidance Agent,2026-03-01T09:06:25,0.74,escalated_to_human,1408,True
AUD-CH-066-Eth-7011,CH-066,Ethics and Consent Agent,2026-03-01T09:07:08,0.87,flagged_for_review,2397,True
AUD-CH-066-Bia-3952,CH-066,Bias Monitoring Agent,2026-03-01T09:07:15,0.92,passed,318,False
AUD-CH-066-Dat-2176,CH-066,Data Quality Agent,2026-03-01T09:07:19,0.98,passed,841,False
AUD-CH-066-Con-4601,CH-066,Confidence and Abstention Agent,2026-03-01T09:07:29,0.94,passed,1143,False
AUD-CH-067-Inp-1642,CH-067,Input Aggregation Agent,2026-03-02T11:07:00,0.71,escalated_to_human,4853,True
AUD-CH-067-Pro-2668,CH-067,Profile Synthesis Agent,2026-03-02T11:07:35,0.94,completed,1231,False
AUD-CH-067-Pre-2039,CH-067,Prediction Agent,2026-03-02T11:07:42,0.83,completed,1798,False
AUD-CH-067-Dom-3516,CH-067,Domain Analysis Agent,2026-03-02T11:07:48,0.97,completed,5916,False
AUD-CH-067-Gui-3153,CH-067,Guideline Generation Agent,2026-03-02T11:08:12,0.96,completed,4618,False
AUD-CH-067-Goa-5841,CH-067,Goal Generation Agent,2026-03-02T11:08:36,0.93,completed,2480,False
AUD-CH-067-Mil-8480,CH-067,Milestone Planning Agent,2026-03-02T11:08:54,0.88,completed,2668,False
AUD-CH-067-Car-8916,CH-067,Caregiver Guidance Agent,2026-03-02T11:09:01,0.96,completed,1718,False
AUD-CH-067-Eth-2299,CH-067,Ethics and Consent Agent,2026-03-02T11:09:14,0.96,passed,223,False
AUD-CH-067-Bia-6207,CH-067,Bias Monitoring Agent,2026-03-02T11:09:19,0.97,passed,2492,False
AUD-CH-067-Dat-4654,CH-067,Data Quality Agent,2026-03-02T11:09:34,0.96,passed,1998,False
AUD-CH-067-Con-4589,CH-067,Confidence and Abstention Agent,2026-03-02T11:09:43,0.91,passed,2277,False
AUD-CH-068-Inp-7935,CH-068,Input Aggregation Agent,2026-03-01T23:09:00,0.82,completed,2478,False
AUD-CH-068-Pro-4657,CH-068,Profile Synthesis Agent,2026-03-01T23:09:35,0.85,completed,2744,False
AUD-CH-068-Pre-2852,CH-068,Prediction Agent,2026-03-01T23:10:15,0.74,escalated_to_human,2079,True
AUD-CH-068-Dom-6763,CH-068,Domain Analysis Agent,2026-03-01T23:10:49,0.93,completed,1473,False
AUD-CH-068-Gui-7593,CH-068,Guideline Generation Agent,2026-03-01T23:11:30,0.76,completed,1918,False
AUD-CH-068-Goa-1945,CH-068,Goal Generation Agent,2026-03-01T23:12:08,0.92,completed,2297,False
AUD-CH-068-Mil-3798,CH-068,Milestone Planning Agent,2026-03-01T23:12:16,0.92,completed,5127,False
AUD-CH-068-Car-3204,CH-068,Caregiver Guidance Agent,2026-03-01T23:12:22,0.97,completed,1069,False
AUD-CH-068-Eth-3211,CH-068,Ethics and Consent Agent,2026-03-01T23:12:52,0.98,passed,749,False
AUD-CH-068-Bia-8566,CH-068,Bias Monitoring Agent,2026-03-01T23:13:00,0.96,passed,856,False
AUD-CH-068-Dat-2767,CH-068,Data Quality Agent,2026-03-01T23:13:10,0.95,passed,660,False
AUD-CH-068-Con-7645,CH-068,Confidence and Abstention Agent,2026-03-01T23:13:22,0.92,passed,781,False
AUD-CH-069-Inp-8680,CH-069,Input Aggregation Agent,2026-03-03T04:48:00,0.72,escalated_to_human,3250,True
AUD-CH-069-Pro-6843,CH-069,Profile Synthesis Agent,2026-03-03T04:48:31,0.73,escalated_to_human,785,True
AUD-CH-069-Pre-3267,CH-069,Prediction Agent,2026-03-03T04:48:47,0.88,completed,1415,False
AUD-CH-069-Dom-1961,CH-069,Domain Analysis Agent,2026-03-03T04:49:13,0.82,completed,5072,False
AUD-CH-069-Gui-7351,CH-069,Guideline Generation Agent,2026-03-03T04:49:58,0.71,escalated_to_human,4241,True
AUD-CH-069-Goa-8668,CH-069,Goal Generation Agent,2026-03-03T04:50:31,0.73,escalated_to_human,5289,True
AUD-CH-069-Mil-9590,CH-069,Milestone Planning Agent,2026-03-03T04:50:46,0.89,completed,5797,False
AUD-CH-069-Car-1736,CH-069,Caregiver Guidance Agent,2026-03-03T04:51:03,0.97,completed,3456,False
AUD-CH-069-Eth-1611,CH-069,Ethics and Consent Agent,2026-03-03T04:51:39,0.94,passed,2244,False
AUD-CH-069-Bia-6951,CH-069,Bias Monitoring Agent,2026-03-03T04:51:44,0.93,passed,1910,False
AUD-CH-069-Dat-5651,CH-069,Data Quality Agent,2026-03-03T04:51:51,0.94,passed,484,False
AUD-CH-069-Con-1119,CH-069,Confidence and Abstention Agent,2026-03-03T04:51:55,0.96,passed,1801,False
AUD-CH-070-Inp-4821,CH-070,Input Aggregation Agent,2026-03-02T04:05:00,0.92,completed,2443,False
AUD-CH-070-Pro-4111,CH-070,Profile Synthesis Agent,2026-03-02T04:05:09,0.74,escalated_to_human,4532,True
AUD-CH-070-Pre-5880,CH-070,Prediction Agent,2026-03-02T04:05:37,0.85,completed,5245,False
AUD-CH-070-Dom-8509,CH-070,Domain Analysis Agent,2026-03-02T04:06:14,0.91,completed,1801,False
AUD-CH-070-Gui-3006,CH-070,Guideline Generation Agent,2026-03-02T04:06:58,0.87,completed,4175,False
AUD-CH-070-Goa-9889,CH-070,Goal Generation Agent,2026-03-02T04:07:29,0.85,completed,3461,False
AUD-CH-070-Mil-7820,CH-070,Milestone Planning Agent,2026-03-02T04:07:46,0.8,completed,3184,False
AUD-CH-070-Car-1376,CH-070,Caregiver Guidance Agent,2026-03-02T04:08:24,0.7,escalated_to_human,278,True
AUD-CH-070-Eth-8469,CH-070,Ethics and Consent Agent,2026-03-02T04:08:44,0.67,flagged_for_review,1791,True
AUD-CH-070-Bia-9580,CH-070,Bias Monitoring Agent,2026-03-02T04:08:53,0.69,flagged_for_review,601,True
AUD-CH-070-Dat-1850,CH-070,Data Quality Agent,2026-03-02T04:09:00,0.95,passed,107,False
AUD-CH-070-Con-8434,CH-070,Confidence and Abstention Agent,2026-03-02T04:09:15,0.95,passed,83,False
AUD-CH-071-Inp-7357,CH-071,Input Aggregation Agent,2026-03-02T17:28:00,0.98,completed,507,False
AUD-CH-071-Pro-9479,CH-071,Profile Synthesis Agent,2026-03-02T17:28:20,0.95,completed,1840,False
AUD-CH-071-Pre-3582,CH-071,Prediction Agent,2026-03-02T17:29:02,0.93,completed,2062,False
AUD-CH-071-Dom-3520,CH-071,Domain Analysis Agent,2026-03-02T17:29:18,0.82,completed,2090,False
AUD-CH-071-Gui-7808,CH-071,Guideline Generation Agent,2026-03-02T17:30:00,0.85,completed,2087,False
AUD-CH-071-Goa-4843,CH-071,Goal Generation Agent,2026-03-02T17:30:29,0.83,completed,1065,False
AUD-CH-071-Mil-9367,CH-071,Milestone Planning Agent,2026-03-02T17:30:35,0.76,completed,650,False
AUD-CH-071-Car-2843,CH-071,Caregiver Guidance Agent,2026-03-02T17:30:38,0.81,completed,4658,False
AUD-CH-071-Eth-7250,CH-071,Ethics and Consent Agent,2026-03-02T17:30:53,0.94,passed,1465,False
AUD-CH-071-Bia-2626,CH-071,Bias Monitoring Agent,2026-03-02T17:31:04,0.94,passed,2224,False
AUD-CH-071-Dat-6102,CH-071,Data Quality Agent,2026-03-02T17:31:17,0.92,passed,384,False
AUD-CH-071-Con-9770,CH-071,Confidence and Abstention Agent,2026-03-02T17:31:24,0.99,passed,2390,False
AUD-CH-072-Inp-3696,CH-072,Input Aggregation Agent,2026-03-02T08:42:00,0.87,completed,230,False
AUD-CH-072-Pro-7119,CH-072,Profile Synthesis Agent,2026-03-02T08:42:42,0.78,completed,4621,False
AUD-CH-072-Pre-4567,CH-072,Prediction Agent,2026-03-02T08:43:02,0.76,completed,2178,False
AUD-CH-072-Dom-9280,CH-072,Domain Analysis Agent,2026-03-02T08:43:23,0.79,completed,478,False
AUD-CH-072-Gui-1774,CH-072,Guideline Generation Agent,2026-03-02T08:43:41,0.84,completed,3875,False
AUD-CH-072-Goa-4064,CH-072,Goal Generation Agent,2026-03-02T08:44:25,0.71,escalated_to_human,5589,True
AUD-CH-072-Mil-5897,CH-072,Milestone Planning Agent,2026-03-02T08:45:10,0.96,completed,1354,False
AUD-CH-072-Car-2634,CH-072,Caregiver Guidance Agent,2026-03-02T08:45:36,0.7,escalated_to_human,1084,True
AUD-CH-072-Eth-6217,CH-072,Ethics and Consent Agent,2026-03-02T08:46:03,0.92,passed,2006,False
AUD-CH-072-Bia-5214,CH-072,Bias Monitoring Agent,2026-03-02T08:46:14,0.97,passed,1524,False
AUD-CH-072-Dat-6182,CH-072,Data Quality Agent,2026-03-02T08:46:20,0.94,passed,2008,False
AUD-CH-072-Con-7244,CH-072,Confidence and Abstention Agent,2026-03-02T08:46:27,0.98,passed,545,False
AUD-CH-073-Inp-7406,CH-073,Input Aggregation Agent,2026-03-02T05:41:00,0.74,escalated_to_human,255,True
AUD-CH-073-Pro-9208,CH-073,Profile Synthesis Agent,2026-03-02T05:41:42,0.75,completed,5211,False
AUD-CH-073-Pre-7615,CH-073,Prediction Agent,2026-03-02T05:41:49,0.92,completed,1926,False
AUD-CH-073-Dom-5317,CH-073,Domain Analysis Agent,2026-03-02T05:41:55,0.75,completed,4135,False
AUD-CH-073-Gui-2438,CH-073,Guideline Generation Agent,2026-03-02T05:42:06,0.73,escalated_to_human,4010,True
AUD-CH-073-Goa-3392,CH-073,Goal Generation Agent,2026-03-02T05:42:26,0.89,completed,5754,False
AUD-CH-073-Mil-2505,CH-073,Milestone Planning Agent,2026-03-02T05:42:41,0.78,completed,1029,False
AUD-CH-073-Car-7495,CH-073,Caregiver Guidance Agent,2026-03-02T05:42:54,0.75,completed,971,False
AUD-CH-073-Eth-3409,CH-073,Ethics and Consent Agent,2026-03-02T05:43:24,0.92,passed,897,False
AUD-CH-073-Bia-8466,CH-073,Bias Monitoring Agent,2026-03-02T05:43:30,0.92,passed,422,False
AUD-CH-073-Dat-1349,CH-073,Data Quality Agent,2026-03-02T05:43:37,0.96,passed,1036,False
AUD-CH-073-Con-9184,CH-073,Confidence and Abstention Agent,2026-03-02T05:43:49,0.94,passed,385,False
AUD-CH-074-Inp-5262,CH-074,Input Aggregation Agent,2026-03-02T04:35:00,0.82,completed,4967,False
AUD-CH-074-Pro-8299,CH-074,Profile Synthesis Agent,2026-03-02T04:35:12,0.84,completed,164,False
AUD-CH-074-Pre-3931,CH-074,Prediction Agent,2026-03-02T04:35:19,0.71,escalated_to_human,4661,True
AUD-CH-074-Dom-8556,CH-074,Domain Analysis Agent,2026-03-02T04:35:38,0.78,completed,4426,False
AUD-CH-074-Gui-2227,CH-074,Guideline Generation Agent,2026-03-02T04:35:44,0.7,escalated_to_human,812,True
AUD-CH-074-Goa-4163,CH-074,Goal Generation Agent,2026-03-02T04:36:25,0.98,completed,5185,False
AUD-CH-074-Mil-6509,CH-074,Milestone Planning Agent,2026-03-02T04:36:46,0.95,completed,5320,False
AUD-CH-074-Car-5715,CH-074,Caregiver Guidance Agent,2026-03-02T04:37:14,0.68,escalated_to_human,1602,True
AUD-CH-074-Eth-7502,CH-074,Ethics and Consent Agent,2026-03-02T04:37:30,0.83,flagged_for_review,868,True
AUD-CH-074-Bia-2160,CH-074,Bias Monitoring Agent,2026-03-02T04:37:42,0.94,passed,877,False
AUD-CH-074-Dat-3332,CH-074,Data Quality Agent,2026-03-02T04:37:49,0.7,flagged_for_review,1986,True
AUD-CH-074-Con-9951,CH-074,Confidence and Abstention Agent,2026-03-02T04:38:02,0.95,passed,1700,False
AUD-CH-075-Inp-5214,CH-075,Input Aggregation Agent,2026-03-02T09:31:00,0.96,completed,1902,False
AUD-CH-075-Pro-8962,CH-075,Profile Synthesis Agent,2026-03-02T09:31:34,0.99,completed,2512,False
AUD-CH-075-Pre-2014,CH-075,Prediction Agent,2026-03-02T09:32:08,0.93,completed,688,False
AUD-CH-075-Dom-2252,CH-075,Domain Analysis Agent,2026-03-02T09:32:51,0.83,completed,901,False
AUD-CH-075-Gui-9641,CH-075,Guideline Generation Agent,2026-03-02T09:33:20,0.85,completed,4183,False
AUD-CH-075-Goa-4911,CH-075,Goal Generation Agent,2026-03-02T09:33:27,0.8,completed,1062,False
AUD-CH-075-Mil-8527,CH-075,Milestone Planning Agent,2026-03-02T09:33:36,0.99,completed,4566,False
AUD-CH-075-Car-6003,CH-075,Caregiver Guidance Agent,2026-03-02T09:34:00,0.95,completed,3426,False
AUD-CH-075-Eth-1832,CH-075,Ethics and Consent Agent,2026-03-02T09:34:30,0.96,passed,463,False
AUD-CH-075-Bia-4424,CH-075,Bias Monitoring Agent,2026-03-02T09:34:36,0.98,passed,316,False
AUD-CH-075-Dat-9651,CH-075,Data Quality Agent,2026-03-02T09:34:48,0.97,passed,1128,False
AUD-CH-075-Con-8743,CH-075,Confidence and Abstention Agent,2026-03-02T09:35:00,0.98,passed,989,False
AUD-CH-076-Inp-5923,CH-076,Input Aggregation Agent,2026-03-01T09:32:00,0.74,escalated_to_human,5968,True
AUD-CH-076-Pro-4380,CH-076,Profile Synthesis Agent,2026-03-01T09:32:23,0.82,completed,4869,False
AUD-CH-076-Pre-1533,CH-076,Prediction Agent,2026-03-01T09:33:02,0.79,completed,4876,False
AUD-CH-076-Dom-8428,CH-076,Domain Analysis Agent,2026-03-01T09:33:07,0.8,completed,3556,False
AUD-CH-076-Gui-8405,CH-076,Guideline Generation Agent,2026-03-01T09:33:43,0.77,completed,5021,False
AUD-CH-076-Goa-9670,CH-076,Goal Generation Agent,2026-03-01T09:34:28,0.96,completed,3536,False
AUD-CH-076-Mil-1743,CH-076,Milestone Planning Agent,2026-03-01T09:34:57,0.81,completed,5730,False
AUD-CH-076-Car-5032,CH-076,Caregiver Guidance Agent,2026-03-01T09:35:34,0.71,escalated_to_human,3173,True
AUD-CH-076-Eth-8122,CH-076,Ethics and Consent Agent,2026-03-01T09:35:55,0.99,passed,584,False
AUD-CH-076-Bia-6310,CH-076,Bias Monitoring Agent,2026-03-01T09:36:02,0.96,passed,2153,False
AUD-CH-076-Dat-8726,CH-076,Data Quality Agent,2026-03-01T09:36:11,0.94,passed,1469,False
AUD-CH-076-Con-5918,CH-076,Confidence and Abstention Agent,2026-03-01T09:36:23,0.93,passed,329,False
AUD-CH-077-Inp-2020,CH-077,Input Aggregation Agent,2026-03-01T16:17:00,0.84,completed,5095,False
AUD-CH-077-Pro-9082,CH-077,Profile Synthesis Agent,2026-03-01T16:17:42,0.86,completed,1365,False
AUD-CH-077-Pre-2414,CH-077,Prediction Agent,2026-03-01T16:17:50,0.88,completed,681,False
AUD-CH-077-Dom-9904,CH-077,Domain Analysis Agent,2026-03-01T16:17:59,0.69,escalated_to_human,5912,True
AUD-CH-077-Gui-2698,CH-077,Guideline Generation Agent,2026-03-01T16:18:14,0.74,escalated_to_human,1951,True
AUD-CH-077-Goa-4179,CH-077,Goal Generation Agent,2026-03-01T16:18:54,0.9,completed,3301,False
AUD-CH-077-Mil-4229,CH-077,Milestone Planning Agent,2026-03-01T16:19:30,0.82,completed,3324,False
AUD-CH-077-Car-4656,CH-077,Caregiver Guidance Agent,2026-03-01T16:20:02,0.9,completed,4683,False
AUD-CH-077-Eth-4268,CH-077,Ethics and Consent Agent,2026-03-01T16:20:39,0.94,passed,281,False
AUD-CH-077-Bia-8090,CH-077,Bias Monitoring Agent,2026-03-01T16:20:44,0.99,passed,1332,False
AUD-CH-077-Dat-7635,CH-077,Data Quality Agent,2026-03-01T16:20:46,0.76,flagged_for_review,1357,True
AUD-CH-077-Con-5878,CH-077,Confidence and Abstention Agent,2026-03-01T16:20:58,0.74,flagged_for_review,1346,True
AUD-CH-078-Inp-3193,CH-078,Input Aggregation Agent,2026-03-02T07:19:00,0.69,escalated_to_human,4989,True
AUD-CH-078-Pro-6980,CH-078,Profile Synthesis Agent,2026-03-02T07:19:14,0.72,escalated_to_human,5780,True
AUD-CH-078-Pre-9412,CH-078,Prediction Agent,2026-03-02T07:19:57,0.75,completed,164,False
AUD-CH-078-Dom-3404,CH-078,Domain Analysis Agent,2026-03-02T07:20:01,0.76,completed,2400,False
AUD-CH-078-Gui-6554,CH-078,Guideline Generation Agent,2026-03-02T07:20:25,0.81,completed,3665,False
AUD-CH-078-Goa-7565,CH-078,Goal Generation Agent,2026-03-02T07:20:42,0.72,escalated_to_human,4834,True
AUD-CH-078-Mil-4340,CH-078,Milestone Planning Agent,2026-03-02T07:20:59,0.72,escalated_to_human,4062,True
AUD-CH-078-Car-8999,CH-078,Caregiver Guidance Agent,2026-03-02T07:21:41,0.69,escalated_to_human,3755,True
AUD-CH-078-Eth-2871,CH-078,Ethics and Consent Agent,2026-03-02T07:22:19,0.94,passed,2277,False
AUD-CH-078-Bia-2328,CH-078,Bias Monitoring Agent,2026-03-02T07:22:30,0.94,passed,1106,False
AUD-CH-078-Dat-4780,CH-078,Data Quality Agent,2026-03-02T07:22:45,0.97,passed,322,False
AUD-CH-078-Con-1213,CH-078,Confidence and Abstention Agent,2026-03-02T07:22:59,0.92,passed,2296,False
AUD-CH-079-Inp-8640,CH-079,Input Aggregation Agent,2026-03-02T17:22:00,0.92,completed,3051,False
AUD-CH-079-Pro-6545,CH-079,Profile Synthesis Agent,2026-03-02T17:22:06,0.95,completed,5143,False
AUD-CH-079-Pre-9990,CH-079,Prediction Agent,2026-03-02T17:22:49,0.71,escalated_to_human,3111,True
AUD-CH-079-Dom-3713,CH-079,Domain Analysis Agent,2026-03-02T17:23:25,0.7,escalated_to_human,4470,True
AUD-CH-079-Gui-9456,CH-079,Guideline Generation Agent,2026-03-02T17:23:52,0.88,completed,333,False
AUD-CH-079-Goa-5639,CH-079,Goal Generation Agent,2026-03-02T17:24:08,0.82,completed,2073,False
AUD-CH-079-Mil-7907,CH-079,Milestone Planning Agent,2026-03-02T17:24:29,0.82,completed,608,False
AUD-CH-079-Car-5997,CH-079,Caregiver Guidance Agent,2026-03-02T17:25:08,0.69,escalated_to_human,1907,True
AUD-CH-079-Eth-1635,CH-079,Ethics and Consent Agent,2026-03-02T17:25:38,0.92,passed,1362,False
AUD-CH-079-Bia-1414,CH-079,Bias Monitoring Agent,2026-03-02T17:25:50,0.86,flagged_for_review,345,True
AUD-CH-079-Dat-8559,CH-079,Data Quality Agent,2026-03-02T17:25:55,0.96,passed,1557,False
AUD-CH-079-Con-5244,CH-079,Confidence and Abstention Agent,2026-03-02T17:26:06,0.97,passed,1619,False
AUD-CH-080-Inp-3467,CH-080,Input Aggregation Agent,2026-03-02T09:47:00,0.7,escalated_to_human,5900,True
AUD-CH-080-Pro-6219,CH-080,Profile Synthesis Agent,2026-03-02T09:47:22,0.9,completed,5928,False
AUD-CH-080-Pre-2820,CH-080,Prediction Agent,2026-03-02T09:47:27,0.75,completed,3474,False
AUD-CH-080-Dom-5612,CH-080,Domain Analysis Agent,2026-03-02T09:47:52,0.8,completed,4375,False
AUD-CH-080-Gui-5473,CH-080,Guideline Generation Agent,2026-03-02T09:48:25,0.86,completed,2529,False
AUD-CH-080-Goa-6421,CH-080,Goal Generation Agent,2026-03-02T09:49:07,0.71,escalated_to_human,4224,True
AUD-CH-080-Mil-8561,CH-080,Milestone Planning Agent,2026-03-02T09:49:34,0.7,escalated_to_human,4319,True
AUD-CH-080-Car-6031,CH-080,Caregiver Guidance Agent,2026-03-02T09:49:59,0.7,escalated_to_human,4926,True
AUD-CH-080-Eth-9294,CH-080,Ethics and Consent Agent,2026-03-02T09:50:25,0.98,passed,1769,False
AUD-CH-080-Bia-9400,CH-080,Bias Monitoring Agent,2026-03-02T09:50:27,0.96,passed,610,False
AUD-CH-080-Dat-1125,CH-080,Data Quality Agent,2026-03-02T09:50:37,0.97,passed,1922,False
AUD-CH-080-Con-8489,CH-080,Confidence and Abstention Agent,2026-03-02T09:50:49,0.95,passed,441,False
AUD-CH-081-Inp-7699,CH-081,Input Aggregation Agent,2026-03-01T16:56:00,0.75,completed,1131,False
AUD-CH-081-Pro-1755,CH-081,Profile Synthesis Agent,2026-03-01T16:56:24,0.86,completed,1499,False
AUD-CH-081-Pre-9720,CH-081,Prediction Agent,2026-03-01T16:57:07,0.96,completed,3149,False
AUD-CH-081-Dom-2730,CH-081,Domain Analysis Agent,2026-03-01T16:57:50,0.83,completed,5297,False
AUD-CH-081-Gui-8455,CH-081,Guideline Generation Agent,2026-03-01T16:58:07,0.8,completed,3334,False
AUD-CH-081-Goa-1238,CH-081,Goal Generation Agent,2026-03-01T16:58:48,0.77,completed,1411,False
AUD-CH-081-Mil-5190,CH-081,Milestone Planning Agent,2026-03-01T16:58:56,0.71,escalated_to_human,589,True
AUD-CH-081-Car-8536,CH-081,Caregiver Guidance Agent,2026-03-01T16:59:40,0.96,completed,5200,False
AUD-CH-081-Eth-2300,CH-081,Ethics and Consent Agent,2026-03-01T16:59:53,0.97,passed,750,False
AUD-CH-081-Bia-6861,CH-081,Bias Monitoring Agent,2026-03-01T17:00:08,0.92,passed,1970,False
AUD-CH-081-Dat-1359,CH-081,Data Quality Agent,2026-03-01T17:00:23,0.96,passed,568,False
AUD-CH-081-Con-3632,CH-081,Confidence and Abstention Agent,2026-03-01T17:00:26,0.93,passed,2195,False
AUD-CH-082-Inp-8987,CH-082,Input Aggregation Agent,2026-03-02T22:51:00,0.84,completed,2327,False
AUD-CH-082-Pro-8869,CH-082,Profile Synthesis Agent,2026-03-02T22:51:21,0.98,completed,1480,False
AUD-CH-082-Pre-4035,CH-082,Prediction Agent,2026-03-02T22:51:57,0.95,completed,2264,False
AUD-CH-082-Dom-1044,CH-082,Domain Analysis Agent,2026-03-02T22:52:02,0.97,completed,1264,False
AUD-CH-082-Gui-7896,CH-082,Guideline Generation Agent,2026-03-02T22:52:33,0.79,completed,5060,False
AUD-CH-082-Goa-1178,CH-082,Goal Generation Agent,2026-03-02T22:52:58,0.68,escalated_to_human,2258,True
AUD-CH-082-Mil-1818,CH-082,Milestone Planning Agent,2026-03-02T22:53:02,0.7,escalated_to_human,521,True
AUD-CH-082-Car-2483,CH-082,Caregiver Guidance Agent,2026-03-02T22:53:24,0.82,completed,5552,False
AUD-CH-082-Eth-4159,CH-082,Ethics and Consent Agent,2026-03-02T22:53:41,0.96,passed,739,False
AUD-CH-082-Bia-1111,CH-082,Bias Monitoring Agent,2026-03-02T22:53:47,0.97,passed,1355,False
AUD-CH-082-Dat-9339,CH-082,Data Quality Agent,2026-03-02T22:53:59,0.96,passed,1623,False
AUD-CH-082-Con-1743,CH-082,Confidence and Abstention Agent,2026-03-02T22:54:06,0.93,passed,1557,False
AUD-CH-083-Inp-2981,CH-083,Input Aggregation Agent,2026-03-02T09:22:00,0.97,completed,1872,False
AUD-CH-083-Pro-7842,CH-083,Profile Synthesis Agent,2026-03-02T09:22:32,0.68,escalated_to_human,1680,True
AUD-CH-083-Pre-1355,CH-083,Prediction Agent,2026-03-02T09:23:05,0.71,escalated_to_human,4422,True
AUD-CH-083-Dom-7549,CH-083,Domain Analysis Agent,2026-03-02T09:23:22,0.93,completed,3340,False
AUD-CH-083-Gui-4970,CH-083,Guideline Generation Agent,2026-03-02T09:23:55,0.8,completed,3319,False
AUD-CH-083-Goa-4042,CH-083,Goal Generation Agent,2026-03-02T09:24:25,0.73,escalated_to_human,1373,True
AUD-CH-083-Mil-7021,CH-083,Milestone Planning Agent,2026-03-02T09:25:09,0.91,completed,5963,False
AUD-CH-083-Car-9855,CH-083,Caregiver Guidance Agent,2026-03-02T09:25:43,0.68,escalated_to_human,2207,True
AUD-CH-083-Eth-6493,CH-083,Ethics and Consent Agent,2026-03-02T09:25:48,0.92,passed,679,False
AUD-CH-083-Bia-7880,CH-083,Bias Monitoring Agent,2026-03-02T09:25:52,0.96,passed,130,False
AUD-CH-083-Dat-6314,CH-083,Data Quality Agent,2026-03-02T09:25:56,0.81,flagged_for_review,834,True
AUD-CH-083-Con-5557,CH-083,Confidence and Abstention Agent,2026-03-02T09:25:58,0.66,flagged_for_review,275,True
AUD-CH-084-Inp-9147,CH-084,Input Aggregation Agent,2026-03-01T23:59:00,0.84,completed,813,False
AUD-CH-084-Pro-3795,CH-084,Profile Synthesis Agent,2026-03-01T23:59:19,0.98,completed,5457,False
AUD-CH-084-Pre-7948,CH-084,Prediction Agent,2026-03-01T23:59:52,0.82,completed,349,False
AUD-CH-084-Dom-6320,CH-084,Domain Analysis Agent,2026-03-02T00:00:04,0.91,completed,4108,False
AUD-CH-084-Gui-7045,CH-084,Guideline Generation Agent,2026-03-02T00:00:31,0.9,completed,5440,False
AUD-CH-084-Goa-6489,CH-084,Goal Generation Agent,2026-03-02T00:00:50,0.98,completed,1193,False
AUD-CH-084-Mil-2697,CH-084,Milestone Planning Agent,2026-03-02T00:01:22,0.69,escalated_to_human,1611,True
AUD-CH-084-Car-5742,CH-084,Caregiver Guidance Agent,2026-03-02T00:01:31,0.83,completed,5639,False
AUD-CH-084-Eth-3807,CH-084,Ethics and Consent Agent,2026-03-02T00:01:39,0.92,passed,1398,False
AUD-CH-084-Bia-7504,CH-084,Bias Monitoring Agent,2026-03-02T00:01:45,0.93,passed,497,False
AUD-CH-084-Dat-4344,CH-084,Data Quality Agent,2026-03-02T00:01:50,0.93,passed,1576,False
AUD-CH-084-Con-6311,CH-084,Confidence and Abstention Agent,2026-03-02T00:02:00,0.94,passed,1025,False
AUD-CH-085-Inp-4555,CH-085,Input Aggregation Agent,2026-03-02T12:55:00,0.74,escalated_to_human,5311,True
AUD-CH-085-Pro-9654,CH-085,Profile Synthesis Agent,2026-03-02T12:55:13,0.95,completed,3660,False
AUD-CH-085-Pre-7813,CH-085,Prediction Agent,2026-03-02T12:55:51,0.83,completed,1017,False
AUD-CH-085-Dom-5301,CH-085,Domain Analysis Agent,2026-03-02T12:55:59,0.99,completed,885,False
AUD-CH-085-Gui-8049,CH-085,Guideline Generation Agent,2026-03-02T12:56:35,0.86,completed,2122,False
AUD-CH-085-Goa-7506,CH-085,Goal Generation Agent,2026-03-02T12:57:04,0.93,completed,4181,False
AUD-CH-085-Mil-4883,CH-085,Milestone Planning Agent,2026-03-02T12:57:38,0.9,completed,3368,False
AUD-CH-085-Car-9394,CH-085,Caregiver Guidance Agent,2026-03-02T12:58:22,0.92,completed,2078,False
AUD-CH-085-Eth-3828,CH-085,Ethics and Consent Agent,2026-03-02T12:58:43,0.94,passed,717,False
AUD-CH-085-Bia-8112,CH-085,Bias Monitoring Agent,2026-03-02T12:58:57,0.95,passed,946,False
AUD-CH-085-Dat-3009,CH-085,Data Quality Agent,2026-03-02T12:59:11,0.93,passed,1666,False
AUD-CH-085-Con-8531,CH-085,Confidence and Abstention Agent,2026-03-02T12:59:25,0.91,passed,678,False
AUD-CH-086-Inp-5870,CH-086,Input Aggregation Agent,2026-03-02T14:04:00,0.97,completed,2041,False
AUD-CH-086-Pro-2204,CH-086,Profile Synthesis Agent,2026-03-02T14:04:22,0.76,completed,2934,False
AUD-CH-086-Pre-2007,CH-086,Prediction Agent,2026-03-02T14:05:00,0.78,completed,182,False
AUD-CH-086-Dom-4287,CH-086,Domain Analysis Agent,2026-03-02T14:05:30,0.9,completed,5747,False
AUD-CH-086-Gui-9724,CH-086,Guideline Generation Agent,2026-03-02T14:05:51,0.86,completed,668,False
AUD-CH-086-Goa-9967,CH-086,Goal Generation Agent,2026-03-02T14:06:11,0.73,escalated_to_human,3787,True
AUD-CH-086-Mil-3725,CH-086,Milestone Planning Agent,2026-03-02T14:06:16,0.73,escalated_to_human,3893,True
AUD-CH-086-Car-3601,CH-086,Caregiver Guidance Agent,2026-03-02T14:06:52,0.94,completed,1412,False
AUD-CH-086-Eth-4902,CH-086,Ethics and Consent Agent,2026-03-02T14:07:24,0.98,passed,1505,False
AUD-CH-086-Bia-9347,CH-086,Bias Monitoring Agent,2026-03-02T14:07:37,0.93,passed,1953,False
AUD-CH-086-Dat-3017,CH-086,Data Quality Agent,2026-03-02T14:07:42,0.93,passed,2092,False
AUD-CH-086-Con-1561,CH-086,Confidence and Abstention Agent,2026-03-02T14:07:49,0.94,passed,2344,False
AUD-CH-087-Inp-5114,CH-087,Input Aggregation Agent,2026-03-02T00:29:00,0.9,completed,5308,False
AUD-CH-087-Pro-4947,CH-087,Profile Synthesis Agent,2026-03-02T00:29:36,0.7,escalated_to_human,4528,True
AUD-CH-087-Pre-8695,CH-087,Prediction Agent,2026-03-02T00:29:47,0.71,escalated_to_human,4843,True
AUD-CH-087-Dom-1831,CH-087,Domain Analysis Agent,2026-03-02T00:30:08,0.69,escalated_to_human,3581,True
AUD-CH-087-Gui-6079,CH-087,Guideline Generation Agent,2026-03-02T00:30:25,0.81,completed,5333,False
AUD-CH-087-Goa-4096,CH-087,Goal Generation Agent,2026-03-02T00:30:58,0.91,completed,1433,False
AUD-CH-087-Mil-2462,CH-087,Milestone Planning Agent,2026-03-02T00:31:10,0.95,completed,2176,False
AUD-CH-087-Car-6609,CH-087,Caregiver Guidance Agent,2026-03-02T00:31:48,0.79,completed,1560,False
AUD-CH-087-Eth-6809,CH-087,Ethics and Consent Agent,2026-03-02T00:32:07,0.97,passed,2060,False
AUD-CH-087-Bia-3468,CH-087,Bias Monitoring Agent,2026-03-02T00:32:14,0.93,passed,1836,False
AUD-CH-087-Dat-3712,CH-087,Data Quality Agent,2026-03-02T00:32:23,0.99,passed,2159,False
AUD-CH-087-Con-5778,CH-087,Confidence and Abstention Agent,2026-03-02T00:32:36,0.99,passed,2093,False
AUD-CH-088-Inp-9211,CH-088,Input Aggregation Agent,2026-03-01T16:12:00,0.83,completed,1573,False
AUD-CH-088-Pro-9344,CH-088,Profile Synthesis Agent,2026-03-01T16:12:12,0.75,completed,259,False
AUD-CH-088-Pre-2831,CH-088,Prediction Agent,2026-03-01T16:12:33,0.93,completed,5985,False
AUD-CH-088-Dom-2685,CH-088,Domain Analysis Agent,2026-03-01T16:13:16,0.69,escalated_to_human,508,True
AUD-CH-088-Gui-6178,CH-088,Guideline Generation Agent,2026-03-01T16:13:25,0.78,completed,1416,False
AUD-CH-088-Goa-7017,CH-088,Goal Generation Agent,2026-03-01T16:13:47,0.9,completed,3357,False
AUD-CH-088-Mil-9456,CH-088,Milestone Planning Agent,2026-03-01T16:13:50,0.8,completed,849,False
AUD-CH-088-Car-1044,CH-088,Caregiver Guidance Agent,2026-03-01T16:14:06,0.73,escalated_to_human,1291,True
AUD-CH-088-Eth-4183,CH-088,Ethics and Consent Agent,2026-03-01T16:14:41,0.93,passed,2279,False
AUD-CH-088-Bia-5513,CH-088,Bias Monitoring Agent,2026-03-01T16:14:52,0.92,passed,2242,False
AUD-CH-088-Dat-4687,CH-088,Data Quality Agent,2026-03-01T16:14:57,0.94,passed,998,False
AUD-CH-088-Con-6708,CH-088,Confidence and Abstention Agent,2026-03-01T16:15:01,0.92,passed,2444,False
AUD-CH-089-Inp-4098,CH-089,Input Aggregation Agent,2026-03-03T03:03:00,0.94,completed,223,False
AUD-CH-089-Pro-7708,CH-089,Profile Synthesis Agent,2026-03-03T03:03:41,0.83,completed,4317,False
AUD-CH-089-Pre-2767,CH-089,Prediction Agent,2026-03-03T03:03:54,0.83,completed,5169,False
AUD-CH-089-Dom-7768,CH-089,Domain Analysis Agent,2026-03-03T03:04:31,0.9,completed,3399,False
AUD-CH-089-Gui-2811,CH-089,Guideline Generation Agent,2026-03-03T03:05:16,0.86,completed,4108,False
AUD-CH-089-Goa-2787,CH-089,Goal Generation Agent,2026-03-03T03:05:28,0.87,completed,933,False
AUD-CH-089-Mil-1870,CH-089,Milestone Planning Agent,2026-03-03T03:05:38,0.84,completed,2070,False
AUD-CH-089-Car-4316,CH-089,Caregiver Guidance Agent,2026-03-03T03:06:13,0.73,escalated_to_human,2808,True
AUD-CH-089-Eth-8954,CH-089,Ethics and Consent Agent,2026-03-03T03:06:38,0.92,passed,132,False
AUD-CH-089-Bia-1711,CH-089,Bias Monitoring Agent,2026-03-03T03:06:48,0.95,passed,2320,False
AUD-CH-089-Dat-5805,CH-089,Data Quality Agent,2026-03-03T03:06:52,0.93,passed,707,False
AUD-CH-089-Con-2766,CH-089,Confidence and Abstention Agent,2026-03-03T03:07:07,0.96,passed,674,False
AUD-CH-090-Inp-8714,CH-090,Input Aggregation Agent,2026-03-02T04:01:00,0.89,completed,4325,False
AUD-CH-090-Pro-4016,CH-090,Profile Synthesis Agent,2026-03-02T04:01:26,0.88,completed,351,False
AUD-CH-090-Pre-1192,CH-090,Prediction Agent,2026-03-02T04:01:34,0.76,completed,4811,False
AUD-CH-090-Dom-2951,CH-090,Domain Analysis Agent,2026-03-02T04:02:05,0.85,completed,2970,False
AUD-CH-090-Gui-5835,CH-090,Guideline Generation Agent,2026-03-02T04:02:45,0.87,completed,236,False
AUD-CH-090-Goa-4192,CH-090,Goal Generation Agent,2026-03-02T04:03:04,0.84,completed,3731,False
AUD-CH-090-Mil-9350,CH-090,Milestone Planning Agent,2026-03-02T04:03:19,0.68,escalated_to_human,260,True
AUD-CH-090-Car-3506,CH-090,Caregiver Guidance Agent,2026-03-02T04:03:25,0.87,completed,2725,False
AUD-CH-090-Eth-9459,CH-090,Ethics and Consent Agent,2026-03-02T04:03:43,0.93,passed,1123,False
AUD-CH-090-Bia-2875,CH-090,Bias Monitoring Agent,2026-03-02T04:03:47,0.97,passed,1661,False
AUD-CH-090-Dat-6673,CH-090,Data Quality Agent,2026-03-02T04:03:52,0.94,passed,2329,False
AUD-CH-090-Con-5387,CH-090,Confidence and Abstention Agent,2026-03-02T04:04:02,0.92,passed,2485,False
AUD-CH-091-Inp-7169,CH-091,Input Aggregation Agent,2026-03-02T00:40:00,0.93,completed,5068,False
AUD-CH-091-Pro-4868,CH-091,Profile Synthesis Agent,2026-03-02T00:40:36,0.72,escalated_to_human,5697,True
AUD-CH-091-Pre-3945,CH-091,Prediction Agent,2026-03-02T00:40:43,0.95,completed,2334,False
AUD-CH-091-Dom-9571,CH-091,Domain Analysis Agent,2026-03-02T00:41:13,0.88,completed,2921,False
AUD-CH-091-Gui-8111,CH-091,Guideline Generation Agent,2026-03-02T00:41:27,0.71,escalated_to_human,4725,True
AUD-CH-091-Goa-7641,CH-091,Goal Generation Agent,2026-03-02T00:42:11,0.79,completed,5016,False
AUD-CH-091-Mil-6431,CH-091,Milestone Planning Agent,2026-03-02T00:42:29,0.71,escalated_to_human,1557,True
AUD-CH-091-Car-2588,CH-091,Caregiver Guidance Agent,2026-03-02T00:42:32,0.97,completed,2824,False
AUD-CH-091-Eth-1787,CH-091,Ethics and Consent Agent,2026-03-02T00:42:48,0.97,passed,2292,False
AUD-CH-091-Bia-2797,CH-091,Bias Monitoring Agent,2026-03-02T00:42:55,0.93,passed,858,False
AUD-CH-091-Dat-5607,CH-091,Data Quality Agent,2026-03-02T00:43:00,0.93,passed,1502,False
AUD-CH-091-Con-4271,CH-091,Confidence and Abstention Agent,2026-03-02T00:43:07,0.94,passed,1887,False
AUD-CH-092-Inp-9385,CH-092,Input Aggregation Agent,2026-03-02T14:13:00,0.93,completed,5735,False
AUD-CH-092-Pro-3233,CH-092,Profile Synthesis Agent,2026-03-02T14:13:40,0.76,completed,1091,False
AUD-CH-092-Pre-7048,CH-092,Prediction Agent,2026-03-02T14:14:22,0.73,escalated_to_human,4497,True
AUD-CH-092-Dom-3693,CH-092,Domain Analysis Agent,2026-03-02T14:14:58,0.81,completed,2280,False
AUD-CH-092-Gui-2546,CH-092,Guideline Generation Agent,2026-03-02T14:15:36,0.78,completed,4131,False
AUD-CH-092-Goa-7665,CH-092,Goal Generation Agent,2026-03-02T14:16:01,0.95,completed,1905,False
AUD-CH-092-Mil-9811,CH-092,Milestone Planning Agent,2026-03-02T14:16:44,0.92,completed,3362,False
AUD-CH-092-Car-5472,CH-092,Caregiver Guidance Agent,2026-03-02T14:17:15,0.95,completed,669,False
AUD-CH-092-Eth-4973,CH-092,Ethics and Consent Agent,2026-03-02T14:17:48,0.97,passed,1150,False
AUD-CH-092-Bia-3025,CH-092,Bias Monitoring Agent,2026-03-02T14:17:54,0.95,passed,828,False
AUD-CH-092-Dat-2153,CH-092,Data Quality Agent,2026-03-02T14:18:07,0.94,passed,1722,False
AUD-CH-092-Con-2009,CH-092,Confidence and Abstention Agent,2026-03-02T14:18:13,0.92,passed,217,False
AUD-CH-093-Inp-3779,CH-093,Input Aggregation Agent,2026-03-03T03:11:00,0.82,completed,5907,False
AUD-CH-093-Pro-4504,CH-093,Profile Synthesis Agent,2026-03-03T03:11:43,0.77,completed,4854,False
AUD-CH-093-Pre-7589,CH-093,Prediction Agent,2026-03-03T03:12:21,0.99,completed,2517,False
AUD-CH-093-Dom-8586,CH-093,Domain Analysis Agent,2026-03-03T03:12:32,0.95,completed,3454,False
AUD-CH-093-Gui-9366,CH-093,Guideline Generation Agent,2026-03-03T03:13:06,0.68,escalated_to_human,1212,True
AUD-CH-093-Goa-8924,CH-093,Goal Generation Agent,2026-03-03T03:13:32,0.85,completed,4423,False
AUD-CH-093-Mil-7628,CH-093,Milestone Planning Agent,2026-03-03T03:14:15,0.71,escalated_to_human,5863,True
AUD-CH-093-Car-8919,CH-093,Caregiver Guidance Agent,2026-03-03T03:14:25,0.81,completed,5796,False
AUD-CH-093-Eth-3136,CH-093,Ethics and Consent Agent,2026-03-03T03:14:53,0.98,passed,1171,False
AUD-CH-093-Bia-5618,CH-093,Bias Monitoring Agent,2026-03-03T03:15:02,0.95,passed,1150,False
AUD-CH-093-Dat-7740,CH-093,Data Quality Agent,2026-03-03T03:15:07,0.92,passed,521,False
AUD-CH-093-Con-3539,CH-093,Confidence and Abstention Agent,2026-03-03T03:15:14,0.96,passed,2297,False
AUD-CH-094-Inp-4370,CH-094,Input Aggregation Agent,2026-03-02T07:15:00,0.88,completed,1170,False
AUD-CH-094-Pro-4342,CH-094,Profile Synthesis Agent,2026-03-02T07:15:23,0.74,escalated_to_human,1321,True
AUD-CH-094-Pre-8484,CH-094,Prediction Agent,2026-03-02T07:16:02,0.87,completed,3770,False
AUD-CH-094-Dom-4627,CH-094,Domain Analysis Agent,2026-03-02T07:16:09,0.88,completed,1849,False
AUD-CH-094-Gui-2859,CH-094,Guideline Generation Agent,2026-03-02T07:16:40,0.75,completed,3530,False
AUD-CH-094-Goa-1972,CH-094,Goal Generation Agent,2026-03-02T07:17:09,0.76,completed,4134,False
AUD-CH-094-Mil-1813,CH-094,Milestone Planning Agent,2026-03-02T07:17:23,0.85,completed,2502,False
AUD-CH-094-Car-9517,CH-094,Caregiver Guidance Agent,2026-03-02T07:17:48,0.7,escalated_to_human,3589,True
AUD-CH-094-Eth-2795,CH-094,Ethics and Consent Agent,2026-03-02T07:17:55,0.57,flagged_for_review,1295,True
AUD-CH-094-Bia-1514,CH-094,Bias Monitoring Agent,2026-03-02T07:18:09,0.96,passed,1425,False
AUD-CH-094-Dat-4146,CH-094,Data Quality Agent,2026-03-02T07:18:16,0.96,passed,1872,False
AUD-CH-094-Con-4328,CH-094,Confidence and Abstention Agent,2026-03-02T07:18:24,0.99,passed,352,False
AUD-CH-095-Inp-3303,CH-095,Input Aggregation Agent,2026-03-02T10:00:00,0.69,escalated_to_human,3074,True
AUD-CH-095-Pro-4940,CH-095,Profile Synthesis Agent,2026-03-02T10:00:20,0.93,completed,5766,False
AUD-CH-095-Pre-5673,CH-095,Prediction Agent,2026-03-02T10:00:57,0.85,completed,244,False
AUD-CH-095-Dom-1637,CH-095,Domain Analysis Agent,2026-03-02T10:01:38,0.72,escalated_to_human,5225,True
AUD-CH-095-Gui-6636,CH-095,Guideline Generation Agent,2026-03-02T10:01:57,0.74,escalated_to_human,4798,True
AUD-CH-095-Goa-3426,CH-095,Goal Generation Agent,2026-03-02T10:02:13,0.84,completed,4530,False
AUD-CH-095-Mil-6748,CH-095,Milestone Planning Agent,2026-03-02T10:02:21,0.96,completed,5055,False
AUD-CH-095-Car-2412,CH-095,Caregiver Guidance Agent,2026-03-02T10:02:39,0.81,completed,4872,False
AUD-CH-095-Eth-6809,CH-095,Ethics and Consent Agent,2026-03-02T10:03:06,0.99,passed,870,False
AUD-CH-095-Bia-3198,CH-095,Bias Monitoring Agent,2026-03-02T10:03:18,0.93,passed,701,False
AUD-CH-095-Dat-2615,CH-095,Data Quality Agent,2026-03-02T10:03:24,0.85,flagged_for_review,656,True
AUD-CH-095-Con-5547,CH-095,Confidence and Abstention Agent,2026-03-02T10:03:32,0.98,passed,502,False
AUD-CH-096-Inp-3321,CH-096,Input Aggregation Agent,2026-03-01T17:48:00,0.93,completed,2037,False
AUD-CH-096-Pro-7719,CH-096,Profile Synthesis Agent,2026-03-01T17:48:03,0.97,completed,3547,False
AUD-CH-096-Pre-1560,CH-096,Prediction Agent,2026-03-01T17:48:07,0.86,completed,4835,False
AUD-CH-096-Dom-5551,CH-096,Domain Analysis Agent,2026-03-01T17:48:52,0.86,completed,656,False
AUD-CH-096-Gui-5173,CH-096,Guideline Generation Agent,2026-03-01T17:49:36,0.92,completed,1236,False
AUD-CH-096-Goa-3948,CH-096,Goal Generation Agent,2026-03-01T17:50:08,0.72,escalated_to_human,2633,True
AUD-CH-096-Mil-1905,CH-096,Milestone Planning Agent,2026-03-01T17:50:16,0.91,completed,4955,False
AUD-CH-096-Car-5907,CH-096,Caregiver Guidance Agent,2026-03-01T17:50:52,0.78,completed,3340,False
AUD-CH-096-Eth-7480,CH-096,Ethics and Consent Agent,2026-03-01T17:51:09,0.92,passed,533,False
AUD-CH-096-Bia-2358,CH-096,Bias Monitoring Agent,2026-03-01T17:51:17,0.92,passed,341,False
AUD-CH-096-Dat-4796,CH-096,Data Quality Agent,2026-03-01T17:51:22,0.91,passed,2343,False
AUD-CH-096-Con-1024,CH-096,Confidence and Abstention Agent,2026-03-01T17:51:27,0.8,flagged_for_review,146,True
AUD-CH-097-Inp-9983,CH-097,Input Aggregation Agent,2026-03-02T06:37:00,0.8,completed,5165,False
AUD-CH-097-Pro-6248,CH-097,Profile Synthesis Agent,2026-03-02T06:37:31,0.81,completed,3000,False
AUD-CH-097-Pre-6117,CH-097,Prediction Agent,2026-03-02T06:38:05,0.9,completed,5452,False
AUD-CH-097-Dom-3262,CH-097,Domain Analysis Agent,2026-03-02T06:38:29,0.91,completed,5485,False
AUD-CH-097-Gui-4002,CH-097,Guideline Generation Agent,2026-03-02T06:39:00,0.83,completed,5757,False
AUD-CH-097-Goa-1315,CH-097,Goal Generation Agent,2026-03-02T06:39:37,0.93,completed,4262,False
AUD-CH-097-Mil-4834,CH-097,Milestone Planning Agent,2026-03-02T06:40:03,0.94,completed,3138,False
AUD-CH-097-Car-9163,CH-097,Caregiver Guidance Agent,2026-03-02T06:40:10,0.8,completed,1131,False
AUD-CH-097-Eth-2816,CH-097,Ethics and Consent Agent,2026-03-02T06:40:21,0.94,passed,261,False
AUD-CH-097-Bia-1188,CH-097,Bias Monitoring Agent,2026-03-02T06:40:33,0.98,passed,1291,False
AUD-CH-097-Dat-7551,CH-097,Data Quality Agent,2026-03-02T06:40:41,0.92,passed,1449,False
AUD-CH-097-Con-7585,CH-097,Confidence and Abstention Agent,2026-03-02T06:40:51,0.96,passed,1380,False
AUD-CH-098-Inp-3098,CH-098,Input Aggregation Agent,2026-03-01T08:59:00,0.72,escalated_to_human,2054,True
AUD-CH-098-Pro-7633,CH-098,Profile Synthesis Agent,2026-03-01T08:59:17,0.69,escalated_to_human,5919,True
AUD-CH-098-Pre-1467,CH-098,Prediction Agent,2026-03-01T08:59:24,0.88,completed,1189,False
AUD-CH-098-Dom-6359,CH-098,Domain Analysis Agent,2026-03-01T09:00:06,0.92,completed,5219,False
AUD-CH-098-Gui-7688,CH-098,Guideline Generation Agent,2026-03-01T09:00:39,0.89,completed,5216,False
AUD-CH-098-Goa-7821,CH-098,Goal Generation Agent,2026-03-01T09:01:00,0.7,escalated_to_human,4399,True
AUD-CH-098-Mil-3786,CH-098,Milestone Planning Agent,2026-03-01T09:01:43,0.79,completed,2116,False
AUD-CH-098-Car-1428,CH-098,Caregiver Guidance Agent,2026-03-01T09:02:17,0.76,completed,5718,False
AUD-CH-098-Eth-4978,CH-098,Ethics and Consent Agent,2026-03-01T09:02:48,0.95,passed,1677,False
AUD-CH-098-Bia-8928,CH-098,Bias Monitoring Agent,2026-03-01T09:02:59,0.92,passed,955,False
AUD-CH-098-Dat-1322,CH-098,Data Quality Agent,2026-03-01T09:03:07,0.98,passed,504,False
AUD-CH-098-Con-2304,CH-098,Confidence and Abstention Agent,2026-03-01T09:03:12,0.95,passed,760,False
AUD-CH-099-Inp-1487,CH-099,Input Aggregation Agent,2026-03-01T21:08:00,0.77,completed,4122,False
AUD-CH-099-Pro-6521,CH-099,Profile Synthesis Agent,2026-03-01T21:08:27,0.97,completed,566,False
AUD-CH-099-Pre-8171,CH-099,Prediction Agent,2026-03-01T21:09:12,0.87,completed,4553,False
AUD-CH-099-Dom-4648,CH-099,Domain Analysis Agent,2026-03-01T21:09:24,0.89,completed,2587,False
AUD-CH-099-Gui-2486,CH-099,Guideline Generation Agent,2026-03-01T21:09:53,0.94,completed,5624,False
AUD-CH-099-Goa-2670,CH-099,Goal Generation Agent,2026-03-01T21:10:04,0.73,escalated_to_human,3763,True
AUD-CH-099-Mil-6131,CH-099,Milestone Planning Agent,2026-03-01T21:10:19,0.96,completed,384,False
AUD-CH-099-Car-5049,CH-099,Caregiver Guidance Agent,2026-03-01T21:10:22,0.7,escalated_to_human,2097,True
AUD-CH-099-Eth-2478,CH-099,Ethics and Consent Agent,2026-03-01T21:10:33,0.94,passed,548,False
AUD-CH-099-Bia-1767,CH-099,Bias Monitoring Agent,2026-03-01T21:10:39,0.99,passed,541,False
AUD-CH-099-Dat-9524,CH-099,Data Quality Agent,2026-03-01T21:10:45,0.92,passed,109,False
AUD-CH-099-Con-2609,CH-099,Confidence and Abstention Agent,2026-03-01T21:10:57,0.96,passed,1386,False
AUD-CH-100-Inp-7484,CH-100,Input Aggregation Agent,2026-03-02T19:02:00,0.91,completed,4557,False
AUD-CH-100-Pro-1151,CH-100,Profile Synthesis Agent,2026-03-02T19:02:06,0.68,escalated_to_human,4834,True
AUD-CH-100-Pre-3114,CH-100,Prediction Agent,2026-03-02T19:02:33,0.73,escalated_to_human,690,True
AUD-CH-100-Dom-1684,CH-100,Domain Analysis Agent,2026-03-02T19:02:49,0.69,escalated_to_human,5101,True
AUD-CH-100-Gui-9940,CH-100,Guideline Generation Agent,2026-03-02T19:03:07,0.97,completed,4822,False
AUD-CH-100-Goa-2542,CH-100,Goal Generation Agent,2026-03-02T19:03:35,0.77,completed,3102,False
AUD-CH-100-Mil-3043,CH-100,Milestone Planning Agent,2026-03-02T19:04:08,0.68,escalated_to_human,643,True
AUD-CH-100-Car-8992,CH-100,Caregiver Guidance Agent,2026-03-02T19:04:38,0.81,completed,4439,False
AUD-CH-100-Eth-6336,CH-100,Ethics and Consent Agent,2026-03-02T19:04:42,0.94,passed,1124,False
AUD-CH-100-Bia-4343,CH-100,Bias Monitoring Agent,2026-03-02T19:04:45,0.93,passed,1577,False
AUD-CH-100-Dat-2297,CH-100,Data Quality Agent,2026-03-02T19:04:50,0.94,passed,1992,False
AUD-CH-100-Con-8520,CH-100,Confidence and Abstention Agent,2026-03-02T19:05:05,0.95,passed,1104,False
AUD-CH-101-Inp-6168,CH-101,Input Aggregation Agent,2026-03-03T01:44:00,0.76,completed,1296,False
AUD-CH-101-Pro-7629,CH-101,Profile Synthesis Agent,2026-03-03T01:44:34,0.83,completed,4363,False
AUD-CH-101-Pre-7427,CH-101,Prediction Agent,2026-03-03T01:45:07,0.7,escalated_to_human,3770,True
AUD-CH-101-Dom-2110,CH-101,Domain Analysis Agent,2026-03-03T01:45:52,0.82,completed,1872,False
AUD-CH-101-Gui-6303,CH-101,Guideline Generation Agent,2026-03-03T01:46:21,0.89,completed,5955,False
AUD-CH-101-Goa-6862,CH-101,Goal Generation Agent,2026-03-03T01:46:58,0.82,completed,3332,False
AUD-CH-101-Mil-3221,CH-101,Milestone Planning Agent,2026-03-03T01:47:28,0.76,completed,2817,False
AUD-CH-101-Car-8283,CH-101,Caregiver Guidance Agent,2026-03-03T01:48:02,0.71,escalated_to_human,3101,True
AUD-CH-101-Eth-2433,CH-101,Ethics and Consent Agent,2026-03-03T01:48:05,0.92,passed,1786,False
AUD-CH-101-Bia-6591,CH-101,Bias Monitoring Agent,2026-03-03T01:48:15,0.98,passed,514,False
AUD-CH-101-Dat-9911,CH-101,Data Quality Agent,2026-03-03T01:48:21,0.92,passed,973,False
AUD-CH-101-Con-8808,CH-101,Confidence and Abstention Agent,2026-03-03T01:48:29,0.97,passed,799,False
AUD-CH-102-Inp-5470,CH-102,Input Aggregation Agent,2026-03-01T12:41:00,0.9,completed,758,False
AUD-CH-102-Pro-9043,CH-102,Profile Synthesis Agent,2026-03-01T12:41:35,0.95,completed,3351,False
AUD-CH-102-Pre-1524,CH-102,Prediction Agent,2026-03-01T12:42:08,0.82,completed,5981,False
AUD-CH-102-Dom-6976,CH-102,Domain Analysis Agent,2026-03-01T12:42:46,0.92,completed,2670,False
AUD-CH-102-Gui-7796,CH-102,Guideline Generation Agent,2026-03-01T12:43:11,0.68,escalated_to_human,5552,True
AUD-CH-102-Goa-4901,CH-102,Goal Generation Agent,2026-03-01T12:43:39,0.97,completed,1256,False
AUD-CH-102-Mil-1627,CH-102,Milestone Planning Agent,2026-03-01T12:43:53,0.82,completed,2685,False
AUD-CH-102-Car-5002,CH-102,Caregiver Guidance Agent,2026-03-01T12:44:36,0.94,completed,1552,False
AUD-CH-102-Eth-5707,CH-102,Ethics and Consent Agent,2026-03-01T12:45:12,0.97,passed,2331,False
AUD-CH-102-Bia-1390,CH-102,Bias Monitoring Agent,2026-03-01T12:45:24,0.98,passed,999,False
AUD-CH-102-Dat-5528,CH-102,Data Quality Agent,2026-03-01T12:45:31,0.99,passed,2325,False
AUD-CH-102-Con-9083,CH-102,Confidence and Abstention Agent,2026-03-01T12:45:40,0.94,passed,572,False
AUD-CH-103-Inp-6809,CH-103,Input Aggregation Agent,2026-03-02T11:37:00,0.7,escalated_to_human,1333,True
AUD-CH-103-Pro-9654,CH-103,Profile Synthesis Agent,2026-03-02T11:37:45,0.77,completed,5809,False
AUD-CH-103-Pre-2638,CH-103,Prediction Agent,2026-03-02T11:38:00,0.94,completed,1150,False
AUD-CH-103-Dom-6715,CH-103,Domain Analysis Agent,2026-03-02T11:38:37,0.9,completed,3935,False
AUD-CH-103-Gui-3277,CH-103,Guideline Generation Agent,2026-03-02T11:39:05,0.79,completed,3480,False
AUD-CH-103-Goa-9936,CH-103,Goal Generation Agent,2026-03-02T11:39:31,0.9,completed,4933,False
AUD-CH-103-Mil-3182,CH-103,Milestone Planning Agent,2026-03-02T11:39:57,0.88,completed,1535,False
AUD-CH-103-Car-4746,CH-103,Caregiver Guidance Agent,2026-03-02T11:40:42,0.89,completed,4702,False
AUD-CH-103-Eth-1671,CH-103,Ethics and Consent Agent,2026-03-02T11:40:50,0.93,passed,2177,False
AUD-CH-103-Bia-3073,CH-103,Bias Monitoring Agent,2026-03-02T11:41:01,0.94,passed,1841,False
AUD-CH-103-Dat-3123,CH-103,Data Quality Agent,2026-03-02T11:41:16,0.92,passed,1864,False
AUD-CH-103-Con-9406,CH-103,Confidence and Abstention Agent,2026-03-02T11:41:25,0.95,passed,895,False
AUD-CH-104-Inp-4489,CH-104,Input Aggregation Agent,2026-03-01T10:13:00,0.7,escalated_to_human,2860,True
AUD-CH-104-Pro-7650,CH-104,Profile Synthesis Agent,2026-03-01T10:13:19,0.69,escalated_to_human,3576,True
AUD-CH-104-Pre-4793,CH-104,Prediction Agent,2026-03-01T10:13:22,0.78,completed,508,False
AUD-CH-104-Dom-7069,CH-104,Domain Analysis Agent,2026-03-01T10:13:34,0.91,completed,3206,False
AUD-CH-104-Gui-9125,CH-104,Guideline Generation Agent,2026-03-01T10:14:07,0.92,completed,4664,False
AUD-CH-104-Goa-5408,CH-104,Goal Generation Agent,2026-03-01T10:14:47,0.7,escalated_to_human,5254,True
AUD-CH-104-Mil-9183,CH-104,Milestone Planning Agent,2026-03-01T10:15:19,0.94,completed,5729,False
AUD-CH-104-Car-4418,CH-104,Caregiver Guidance Agent,2026-03-01T10:15:34,0.78,completed,3751,False
AUD-CH-104-Eth-7019,CH-104,Ethics and Consent Agent,2026-03-01T10:15:45,0.99,passed,2079,False
AUD-CH-104-Bia-7343,CH-104,Bias Monitoring Agent,2026-03-01T10:15:50,0.98,passed,1859,False
AUD-CH-104-Dat-6489,CH-104,Data Quality Agent,2026-03-01T10:15:57,0.96,passed,673,False
AUD-CH-104-Con-9140,CH-104,Confidence and Abstention Agent,2026-03-01T10:16:06,0.92,passed,537,False
AUD-CH-105-Inp-8050,CH-105,Input Aggregation Agent,2026-03-03T01:21:00,0.82,completed,3663,False
AUD-CH-105-Pro-7874,CH-105,Profile Synthesis Agent,2026-03-03T01:21:24,0.87,completed,1667,False
AUD-CH-105-Pre-4014,CH-105,Prediction Agent,2026-03-03T01:21:49,0.75,completed,3242,False
AUD-CH-105-Dom-3205,CH-105,Domain Analysis Agent,2026-03-03T01:22:10,0.88,completed,1987,False
AUD-CH-105-Gui-3391,CH-105,Guideline Generation Agent,2026-03-03T01:22:33,0.81,completed,4035,False
AUD-CH-105-Goa-6397,CH-105,Goal Generation Agent,2026-03-03T01:22:54,0.84,completed,4904,False
AUD-CH-105-Mil-3574,CH-105,Milestone Planning Agent,2026-03-03T01:23:18,0.7,escalated_to_human,4490,True
AUD-CH-105-Car-2030,CH-105,Caregiver Guidance Agent,2026-03-03T01:23:23,0.87,completed,2919,False
AUD-CH-105-Eth-7725,CH-105,Ethics and Consent Agent,2026-03-03T01:23:31,0.97,passed,280,False
AUD-CH-105-Bia-7335,CH-105,Bias Monitoring Agent,2026-03-03T01:23:43,0.91,passed,733,False
AUD-CH-105-Dat-3989,CH-105,Data Quality Agent,2026-03-03T01:23:50,0.99,passed,422,False
AUD-CH-105-Con-6906,CH-105,Confidence and Abstention Agent,2026-03-03T01:23:53,0.96,passed,1407,False
AUD-CH-106-Inp-6826,CH-106,Input Aggregation Agent,2026-03-02T07:42:00,0.9,completed,4129,False
AUD-CH-106-Pro-7530,CH-106,Profile Synthesis Agent,2026-03-02T07:42:41,0.7,escalated_to_human,3769,True
AUD-CH-106-Pre-9603,CH-106,Prediction Agent,2026-03-02T07:43:13,0.92,completed,3428,False
AUD-CH-106-Dom-3552,CH-106,Domain Analysis Agent,2026-03-02T07:43:48,0.91,completed,904,False
AUD-CH-106-Gui-5423,CH-106,Guideline Generation Agent,2026-03-02T07:44:08,0.94,completed,705,False
AUD-CH-106-Goa-6712,CH-106,Goal Generation Agent,2026-03-02T07:44:52,0.75,completed,817,False
AUD-CH-106-Mil-3226,CH-106,Milestone Planning Agent,2026-03-02T07:45:02,0.85,completed,5637,False
AUD-CH-106-Car-6717,CH-106,Caregiver Guidance Agent,2026-03-02T07:45:29,0.92,completed,2585,False
AUD-CH-106-Eth-3200,CH-106,Ethics and Consent Agent,2026-03-02T07:45:49,0.97,passed,1151,False
AUD-CH-106-Bia-5228,CH-106,Bias Monitoring Agent,2026-03-02T07:46:04,0.96,passed,1350,False
AUD-CH-106-Dat-8017,CH-106,Data Quality Agent,2026-03-02T07:46:11,0.95,passed,111,False
AUD-CH-106-Con-2419,CH-106,Confidence and Abstention Agent,2026-03-02T07:46:13,0.98,passed,2171,False
AUD-CH-107-Inp-9659,CH-107,Input Aggregation Agent,2026-03-02T16:03:00,0.85,completed,5233,False
AUD-CH-107-Pro-8751,CH-107,Profile Synthesis Agent,2026-03-02T16:03:13,0.69,escalated_to_human,2204,True
AUD-CH-107-Pre-3324,CH-107,Prediction Agent,2026-03-02T16:03:38,0.93,completed,2327,False
AUD-CH-107-Dom-5927,CH-107,Domain Analysis Agent,2026-03-02T16:04:06,0.95,completed,666,False
AUD-CH-107-Gui-5757,CH-107,Guideline Generation Agent,2026-03-02T16:04:38,0.84,completed,3240,False
AUD-CH-107-Goa-1761,CH-107,Goal Generation Agent,2026-03-02T16:05:20,0.82,completed,5430,False
AUD-CH-107-Mil-7244,CH-107,Milestone Planning Agent,2026-03-02T16:05:24,0.77,completed,2293,False
AUD-CH-107-Car-6713,CH-107,Caregiver Guidance Agent,2026-03-02T16:05:44,0.86,completed,4628,False
AUD-CH-107-Eth-4314,CH-107,Ethics and Consent Agent,2026-03-02T16:06:16,0.99,passed,2013,False
AUD-CH-107-Bia-5205,CH-107,Bias Monitoring Agent,2026-03-02T16:06:26,0.95,passed,2253,False
AUD-CH-107-Dat-7879,CH-107,Data Quality Agent,2026-03-02T16:06:37,0.99,passed,185,False
AUD-CH-107-Con-2447,CH-107,Confidence and Abstention Agent,2026-03-02T16:06:41,0.93,passed,297,False
AUD-CH-108-Inp-1648,CH-108,Input Aggregation Agent,2026-03-02T15:57:00,0.9,completed,4085,False
AUD-CH-108-Pro-3630,CH-108,Profile Synthesis Agent,2026-03-02T15:57:40,0.72,escalated_to_human,645,True
AUD-CH-108-Pre-1921,CH-108,Prediction Agent,2026-03-02T15:58:16,0.93,completed,1042,False
AUD-CH-108-Dom-7731,CH-108,Domain Analysis Agent,2026-03-02T15:58:20,0.91,completed,932,False
AUD-CH-108-Gui-2889,CH-108,Guideline Generation Agent,2026-03-02T15:58:53,0.93,completed,3791,False
AUD-CH-108-Goa-1044,CH-108,Goal Generation Agent,2026-03-02T15:59:12,0.89,completed,1922,False
AUD-CH-108-Mil-1864,CH-108,Milestone Planning Agent,2026-03-02T15:59:15,0.73,escalated_to_human,377,True
AUD-CH-108-Car-3478,CH-108,Caregiver Guidance Agent,2026-03-02T15:59:31,0.7,escalated_to_human,5819,True
AUD-CH-108-Eth-5724,CH-108,Ethics and Consent Agent,2026-03-02T16:00:11,0.91,passed,2148,False
AUD-CH-108-Bia-6678,CH-108,Bias Monitoring Agent,2026-03-02T16:00:22,0.98,passed,531,False
AUD-CH-108-Dat-9760,CH-108,Data Quality Agent,2026-03-02T16:00:24,0.98,passed,1484,False
AUD-CH-108-Con-9365,CH-108,Confidence and Abstention Agent,2026-03-02T16:00:35,0.97,passed,2144,False
AUD-CH-109-Inp-2087,CH-109,Input Aggregation Agent,2026-03-01T11:19:00,0.94,completed,3360,False
AUD-CH-109-Pro-9396,CH-109,Profile Synthesis Agent,2026-03-01T11:19:14,0.88,completed,5219,False
AUD-CH-109-Pre-4006,CH-109,Prediction Agent,2026-03-01T11:19:37,0.94,completed,857,False
AUD-CH-109-Dom-1738,CH-109,Domain Analysis Agent,2026-03-01T11:19:45,0.95,completed,3898,False
AUD-CH-109-Gui-6297,CH-109,Guideline Generation Agent,2026-03-01T11:19:52,0.87,completed,3448,False
AUD-CH-109-Goa-6601,CH-109,Goal Generation Agent,2026-03-01T11:19:58,0.77,completed,5440,False
AUD-CH-109-Mil-5608,CH-109,Milestone Planning Agent,2026-03-01T11:20:42,0.9,completed,2619,False
AUD-CH-109-Car-7140,CH-109,Caregiver Guidance Agent,2026-03-01T11:21:08,0.87,completed,3510,False
AUD-CH-109-Eth-4041,CH-109,Ethics and Consent Agent,2026-03-01T11:21:26,0.98,passed,1021,False
AUD-CH-109-Bia-4838,CH-109,Bias Monitoring Agent,2026-03-01T11:21:36,0.94,passed,1410,False
AUD-CH-109-Dat-4486,CH-109,Data Quality Agent,2026-03-01T11:21:46,0.98,passed,656,False
AUD-CH-109-Con-4315,CH-109,Confidence and Abstention Agent,2026-03-01T11:21:48,0.98,passed,2431,False
AUD-CH-110-Inp-8414,CH-110,Input Aggregation Agent,2026-03-01T12:20:00,0.78,completed,2734,False
AUD-CH-110-Pro-8560,CH-110,Profile Synthesis Agent,2026-03-01T12:20:22,0.69,escalated_to_human,5588,True
AUD-CH-110-Pre-6286,CH-110,Prediction Agent,2026-03-01T12:20:26,0.69,escalated_to_human,1312,True
AUD-CH-110-Dom-4730,CH-110,Domain Analysis Agent,2026-03-01T12:20:58,0.91,completed,1547,False
AUD-CH-110-Gui-2705,CH-110,Guideline Generation Agent,2026-03-01T12:21:20,0.99,completed,5100,False
AUD-CH-110-Goa-2864,CH-110,Goal Generation Agent,2026-03-01T12:21:34,0.92,completed,764,False
AUD-CH-110-Mil-9866,CH-110,Milestone Planning Agent,2026-03-01T12:22:02,0.91,completed,3544,False
AUD-CH-110-Car-6689,CH-110,Caregiver Guidance Agent,2026-03-01T12:22:42,0.81,completed,727,False
AUD-CH-110-Eth-1502,CH-110,Ethics and Consent Agent,2026-03-01T12:23:02,0.93,passed,693,False
AUD-CH-110-Bia-2519,CH-110,Bias Monitoring Agent,2026-03-01T12:23:11,0.92,passed,120,False
AUD-CH-110-Dat-9607,CH-110,Data Quality Agent,2026-03-01T12:23:16,0.98,passed,1802,False
AUD-CH-110-Con-8420,CH-110,Confidence and Abstention Agent,2026-03-01T12:23:30,0.97,passed,174,False
AUD-CH-111-Inp-2573,CH-111,Input Aggregation Agent,2026-03-01T15:16:00,0.69,escalated_to_human,4254,True
AUD-CH-111-Pro-7547,CH-111,Profile Synthesis Agent,2026-03-01T15:16:23,0.89,completed,1592,False
AUD-CH-111-Pre-1683,CH-111,Prediction Agent,2026-03-01T15:16:30,0.79,completed,5007,False
AUD-CH-111-Dom-6551,CH-111,Domain Analysis Agent,2026-03-01T15:17:05,0.74,escalated_to_human,5730,True
AUD-CH-111-Gui-1972,CH-111,Guideline Generation Agent,2026-03-01T15:17:40,0.77,completed,3820,False
AUD-CH-111-Goa-5324,CH-111,Goal Generation Agent,2026-03-01T15:18:10,0.93,completed,3853,False
AUD-CH-111-Mil-7140,CH-111,Milestone Planning Agent,2026-03-01T15:18:40,0.81,completed,5481,False
AUD-CH-111-Car-8070,CH-111,Caregiver Guidance Agent,2026-03-01T15:19:20,0.79,completed,3109,False
AUD-CH-111-Eth-9061,CH-111,Ethics and Consent Agent,2026-03-01T15:19:59,0.96,passed,343,False
AUD-CH-111-Bia-5519,CH-111,Bias Monitoring Agent,2026-03-01T15:20:04,0.96,passed,367,False
AUD-CH-111-Dat-9131,CH-111,Data Quality Agent,2026-03-01T15:20:18,0.92,passed,1126,False
AUD-CH-111-Con-2883,CH-111,Confidence and Abstention Agent,2026-03-01T15:20:26,0.99,passed,814,False
AUD-CH-112-Inp-5406,CH-112,Input Aggregation Agent,2026-03-02T00:48:00,0.91,completed,2983,False
AUD-CH-112-Pro-8957,CH-112,Profile Synthesis Agent,2026-03-02T00:48:03,0.83,completed,5006,False
AUD-CH-112-Pre-4720,CH-112,Prediction Agent,2026-03-02T00:48:38,0.76,completed,4194,False
AUD-CH-112-Dom-4832,CH-112,Domain Analysis Agent,2026-03-02T00:48:56,0.98,completed,4158,False
AUD-CH-112-Gui-2998,CH-112,Guideline Generation Agent,2026-03-02T00:49:13,0.8,completed,5145,False
AUD-CH-112-Goa-6814,CH-112,Goal Generation Agent,2026-03-02T00:49:51,0.77,completed,1778,False
AUD-CH-112-Mil-5254,CH-112,Milestone Planning Agent,2026-03-02T00:50:08,0.71,escalated_to_human,4918,True
AUD-CH-112-Car-3008,CH-112,Caregiver Guidance Agent,2026-03-02T00:50:47,0.72,escalated_to_human,1173,True
AUD-CH-112-Eth-3487,CH-112,Ethics and Consent Agent,2026-03-02T00:51:16,0.94,passed,142,False
AUD-CH-112-Bia-1340,CH-112,Bias Monitoring Agent,2026-03-02T00:51:21,0.93,passed,917,False
AUD-CH-112-Dat-6575,CH-112,Data Quality Agent,2026-03-02T00:51:24,0.98,passed,1581,False
AUD-CH-112-Con-9003,CH-112,Confidence and Abstention Agent,2026-03-02T00:51:38,0.93,passed,603,False
AUD-CH-113-Inp-1153,CH-113,Input Aggregation Agent,2026-03-02T11:40:00,0.76,completed,3529,False
AUD-CH-113-Pro-8635,CH-113,Profile Synthesis Agent,2026-03-02T11:40:34,0.79,completed,4932,False
AUD-CH-113-Pre-9193,CH-113,Prediction Agent,2026-03-02T11:41:07,0.71,escalated_to_human,429,True
AUD-CH-113-Dom-7844,CH-113,Domain Analysis Agent,2026-03-02T11:41:15,0.89,completed,4398,False
AUD-CH-113-Gui-3103,CH-113,Guideline Generation Agent,2026-03-02T11:41:51,0.94,completed,2120,False
AUD-CH-113-Goa-8797,CH-113,Goal Generation Agent,2026-03-02T11:42:12,0.89,completed,1302,False
AUD-CH-113-Mil-1944,CH-113,Milestone Planning Agent,2026-03-02T11:42:25,0.89,completed,3115,False
AUD-CH-113-Car-8090,CH-113,Caregiver Guidance Agent,2026-03-02T11:43:08,0.88,completed,3030,False
AUD-CH-113-Eth-9982,CH-113,Ethics and Consent Agent,2026-03-02T11:43:18,0.95,passed,1451,False
AUD-CH-113-Bia-3942,CH-113,Bias Monitoring Agent,2026-03-02T11:43:32,0.95,passed,173,False
AUD-CH-113-Dat-4069,CH-113,Data Quality Agent,2026-03-02T11:43:43,0.94,passed,2477,False
AUD-CH-113-Con-8085,CH-113,Confidence and Abstention Agent,2026-03-02T11:43:47,0.98,passed,608,False
AUD-CH-114-Inp-1151,CH-114,Input Aggregation Agent,2026-03-02T09:57:00,0.84,completed,1014,False
AUD-CH-114-Pro-1773,CH-114,Profile Synthesis Agent,2026-03-02T09:57:31,0.76,completed,817,False
AUD-CH-114-Pre-8988,CH-114,Prediction Agent,2026-03-02T09:58:09,0.88,completed,4228,False
AUD-CH-114-Dom-4272,CH-114,Domain Analysis Agent,2026-03-02T09:58:39,0.75,completed,4971,False
AUD-CH-114-Gui-2424,CH-114,Guideline Generation Agent,2026-03-02T09:59:19,0.74,escalated_to_human,3218,True
AUD-CH-114-Goa-2896,CH-114,Goal Generation Agent,2026-03-02T09:59:44,0.79,completed,3896,False
AUD-CH-114-Mil-9364,CH-114,Milestone Planning Agent,2026-03-02T10:00:05,0.9,completed,4797,False
AUD-CH-114-Car-2523,CH-114,Caregiver Guidance Agent,2026-03-02T10:00:24,0.96,completed,1739,False
AUD-CH-114-Eth-3950,CH-114,Ethics and Consent Agent,2026-03-02T10:01:06,0.99,passed,288,False
AUD-CH-114-Bia-3488,CH-114,Bias Monitoring Agent,2026-03-02T10:01:19,0.95,passed,681,False
AUD-CH-114-Dat-1214,CH-114,Data Quality Agent,2026-03-02T10:01:31,0.97,passed,613,False
AUD-CH-114-Con-8213,CH-114,Confidence and Abstention Agent,2026-03-02T10:01:44,0.91,passed,719,False
AUD-CH-115-Inp-4042,CH-115,Input Aggregation Agent,2026-03-02T05:30:00,0.69,escalated_to_human,1016,True
AUD-CH-115-Pro-2525,CH-115,Profile Synthesis Agent,2026-03-02T05:30:38,0.94,completed,5711,False
AUD-CH-115-Pre-2654,CH-115,Prediction Agent,2026-03-02T05:31:14,0.85,completed,3014,False
AUD-CH-115-Dom-6681,CH-115,Domain Analysis Agent,2026-03-02T05:31:56,0.96,completed,3717,False
AUD-CH-115-Gui-1954,CH-115,Guideline Generation Agent,2026-03-02T05:32:18,0.98,completed,5041,False
AUD-CH-115-Goa-2349,CH-115,Goal Generation Agent,2026-03-02T05:32:25,0.71,escalated_to_human,3365,True
AUD-CH-115-Mil-8223,CH-115,Milestone Planning Agent,2026-03-02T05:33:05,0.77,completed,3983,False
AUD-CH-115-Car-4156,CH-115,Caregiver Guidance Agent,2026-03-02T05:33:21,0.91,completed,5211,False
AUD-CH-115-Eth-8591,CH-115,Ethics and Consent Agent,2026-03-02T05:33:46,0.93,passed,1618,False
AUD-CH-115-Bia-4479,CH-115,Bias Monitoring Agent,2026-03-02T05:33:51,0.95,passed,1009,False
AUD-CH-115-Dat-8647,CH-115,Data Quality Agent,2026-03-02T05:33:58,0.97,passed,1750,False
AUD-CH-115-Con-4099,CH-115,Confidence and Abstention Agent,2026-03-02T05:34:10,0.92,passed,1097,False
AUD-CH-116-Inp-7335,CH-116,Input Aggregation Agent,2026-03-02T12:22:00,0.81,completed,1818,False
AUD-CH-116-Pro-2952,CH-116,Profile Synthesis Agent,2026-03-02T12:22:28,0.91,completed,5667,False
AUD-CH-116-Pre-5920,CH-116,Prediction Agent,2026-03-02T12:23:06,0.86,completed,4301,False
AUD-CH-116-Dom-8263,CH-116,Domain Analysis Agent,2026-03-02T12:23:25,0.83,completed,2380,False
AUD-CH-116-Gui-4075,CH-116,Guideline Generation Agent,2026-03-02T12:24:04,0.96,completed,4933,False
AUD-CH-116-Goa-4316,CH-116,Goal Generation Agent,2026-03-02T12:24:17,0.72,escalated_to_human,828,True
AUD-CH-116-Mil-2040,CH-116,Milestone Planning Agent,2026-03-02T12:24:55,0.85,completed,713,False
AUD-CH-116-Car-8341,CH-116,Caregiver Guidance Agent,2026-03-02T12:25:03,0.87,completed,2110,False
AUD-CH-116-Eth-8253,CH-116,Ethics and Consent Agent,2026-03-02T12:25:23,0.98,passed,1020,False
AUD-CH-116-Bia-6321,CH-116,Bias Monitoring Agent,2026-03-02T12:25:34,0.95,passed,1963,False
AUD-CH-116-Dat-2092,CH-116,Data Quality Agent,2026-03-02T12:25:39,0.97,passed,558,False
AUD-CH-116-Con-5424,CH-116,Confidence and Abstention Agent,2026-03-02T12:25:44,0.96,passed,1604,False
AUD-CH-117-Inp-7204,CH-117,Input Aggregation Agent,2026-03-02T20:06:00,0.71,escalated_to_human,305,True
AUD-CH-117-Pro-9900,CH-117,Profile Synthesis Agent,2026-03-02T20:06:44,0.72,escalated_to_human,3939,True
AUD-CH-117-Pre-2454,CH-117,Prediction Agent,2026-03-02T20:07:14,0.8,completed,3034,False
AUD-CH-117-Dom-4418,CH-117,Domain Analysis Agent,2026-03-02T20:07:22,0.73,escalated_to_human,5871,True
AUD-CH-117-Gui-5201,CH-117,Guideline Generation Agent,2026-03-02T20:07:46,0.81,completed,2054,False
AUD-CH-117-Goa-7873,CH-117,Goal Generation Agent,2026-03-02T20:08:14,0.93,completed,3142,False
AUD-CH-117-Mil-8638,CH-117,Milestone Planning Agent,2026-03-02T20:08:17,0.97,completed,3684,False
AUD-CH-117-Car-8438,CH-117,Caregiver Guidance Agent,2026-03-02T20:08:48,0.82,completed,1814,False
AUD-CH-117-Eth-1757,CH-117,Ethics and Consent Agent,2026-03-02T20:08:59,0.98,passed,2023,False
AUD-CH-117-Bia-5629,CH-117,Bias Monitoring Agent,2026-03-02T20:09:08,0.96,passed,2080,False
AUD-CH-117-Dat-7296,CH-117,Data Quality Agent,2026-03-02T20:09:16,0.93,passed,416,False
AUD-CH-117-Con-9139,CH-117,Confidence and Abstention Agent,2026-03-02T20:09:31,0.97,passed,2304,False
AUD-CH-118-Inp-7848,CH-118,Input Aggregation Agent,2026-03-02T19:42:00,0.85,completed,500,False
AUD-CH-118-Pro-5880,CH-118,Profile Synthesis Agent,2026-03-02T19:42:26,0.84,completed,4925,False
AUD-CH-118-Pre-7099,CH-118,Prediction Agent,2026-03-02T19:42:51,0.92,completed,3213,False
AUD-CH-118-Dom-5295,CH-118,Domain Analysis Agent,2026-03-02T19:43:31,0.74,escalated_to_human,5548,True
AUD-CH-118-Gui-9222,CH-118,Guideline Generation Agent,2026-03-02T19:44:01,0.73,escalated_to_human,1078,True
AUD-CH-118-Goa-1976,CH-118,Goal Generation Agent,2026-03-02T19:44:45,0.93,completed,5416,False
AUD-CH-118-Mil-8463,CH-118,Milestone Planning Agent,2026-03-02T19:45:22,0.89,completed,4208,False
AUD-CH-118-Car-3867,CH-118,Caregiver Guidance Agent,2026-03-02T19:46:03,0.84,completed,1050,False
AUD-CH-118-Eth-6752,CH-118,Ethics and Consent Agent,2026-03-02T19:46:39,0.98,passed,1452,False
AUD-CH-118-Bia-2587,CH-118,Bias Monitoring Agent,2026-03-02T19:46:43,0.96,passed,162,False
AUD-CH-118-Dat-9443,CH-118,Data Quality Agent,2026-03-02T19:46:54,0.98,passed,2143,False
AUD-CH-118-Con-1687,CH-118,Confidence and Abstention Agent,2026-03-02T19:46:56,0.94,passed,1497,False
AUD-CH-119-Inp-3033,CH-119,Input Aggregation Agent,2026-03-03T05:43:00,0.89,completed,4561,False
AUD-CH-119-Pro-5616,CH-119,Profile Synthesis Agent,2026-03-03T05:43:35,0.73,escalated_to_human,1852,True
AUD-CH-119-Pre-9021,CH-119,Prediction Agent,2026-03-03T05:43:52,0.73,escalated_to_human,696,True
AUD-CH-119-Dom-8005,CH-119,Domain Analysis Agent,2026-03-03T05:44:16,0.89,completed,4977,False
AUD-CH-119-Gui-3856,CH-119,Guideline Generation Agent,2026-03-03T05:44:39,0.84,completed,4154,False
AUD-CH-119-Goa-3587,CH-119,Goal Generation Agent,2026-03-03T05:45:07,0.92,completed,5252,False
AUD-CH-119-Mil-4787,CH-119,Milestone Planning Agent,2026-03-03T05:45:42,0.96,completed,3466,False
AUD-CH-119-Car-4883,CH-119,Caregiver Guidance Agent,2026-03-03T05:45:52,0.88,completed,1637,False
AUD-CH-119-Eth-9825,CH-119,Ethics and Consent Agent,2026-03-03T05:46:00,0.98,passed,305,False
AUD-CH-119-Bia-7839,CH-119,Bias Monitoring Agent,2026-03-03T05:46:12,0.96,passed,459,False
AUD-CH-119-Dat-7630,CH-119,Data Quality Agent,2026-03-03T05:46:15,0.81,flagged_for_review,2437,True
AUD-CH-119-Con-8771,CH-119,Confidence and Abstention Agent,2026-03-03T05:46:26,0.97,passed,2441,False
AUD-CH-120-Inp-3730,CH-120,Input Aggregation Agent,2026-03-01T21:59:00,0.9,completed,1867,False
AUD-CH-120-Pro-4429,CH-120,Profile Synthesis Agent,2026-03-01T21:59:40,0.76,completed,5080,False
AUD-CH-120-Pre-9403,CH-120,Prediction Agent,2026-03-01T21:59:43,0.68,escalated_to_human,3390,True
AUD-CH-120-Dom-5491,CH-120,Domain Analysis Agent,2026-03-01T22:00:03,0.91,completed,2639,False
AUD-CH-120-Gui-5275,CH-120,Guideline Generation Agent,2026-03-01T22:00:13,0.88,completed,2005,False
AUD-CH-120-Goa-2961,CH-120,Goal Generation Agent,2026-03-01T22:00:20,0.83,completed,3072,False
AUD-CH-120-Mil-1300,CH-120,Milestone Planning Agent,2026-03-01T22:00:55,0.7,escalated_to_human,2493,True
AUD-CH-120-Car-4524,CH-120,Caregiver Guidance Agent,2026-03-01T22:01:26,0.92,completed,5126,False
AUD-CH-120-Eth-1898,CH-120,Ethics and Consent Agent,2026-03-01T22:02:05,0.98,passed,187,False
AUD-CH-120-Bia-4895,CH-120,Bias Monitoring Agent,2026-03-01T22:02:12,0.95,passed,1952,False
AUD-CH-120-Dat-8513,CH-120,Data Quality Agent,2026-03-01T22:02:20,0.95,passed,1839,False
AUD-CH-120-Con-9783,CH-120,Confidence and Abstention Agent,2026-03-01T22:02:22,0.92,passed,235,False
AUD-CH-121-Inp-5352,CH-121,Input Aggregation Agent,2026-03-01T20:21:00,0.94,completed,3541,False
AUD-CH-121-Pro-3802,CH-121,Profile Synthesis Agent,2026-03-01T20:21:15,0.93,completed,859,False
AUD-CH-121-Pre-6916,CH-121,Prediction Agent,2026-03-01T20:21:20,0.88,completed,5825,False
AUD-CH-121-Dom-6328,CH-121,Domain Analysis Agent,2026-03-01T20:22:05,0.77,completed,1005,False
AUD-CH-121-Gui-3546,CH-121,Guideline Generation Agent,2026-03-01T20:22:24,0.72,escalated_to_human,3226,True
AUD-CH-121-Goa-4445,CH-121,Goal Generation Agent,2026-03-01T20:22:54,0.95,completed,3756,False
AUD-CH-121-Mil-5964,CH-121,Milestone Planning Agent,2026-03-01T20:23:31,0.91,completed,2582,False
AUD-CH-121-Car-4692,CH-121,Caregiver Guidance Agent,2026-03-01T20:23:34,0.86,completed,2467,False
AUD-CH-121-Eth-8071,CH-121,Ethics and Consent Agent,2026-03-01T20:23:39,0.91,passed,669,False
AUD-CH-121-Bia-1676,CH-121,Bias Monitoring Agent,2026-03-01T20:23:50,0.95,passed,1195,False
AUD-CH-121-Dat-9914,CH-121,Data Quality Agent,2026-03-01T20:23:56,0.97,passed,2332,False
AUD-CH-121-Con-7778,CH-121,Confidence and Abstention Agent,2026-03-01T20:24:08,0.93,passed,865,False
AUD-CH-122-Inp-4245,CH-122,Input Aggregation Agent,2026-03-03T05:33:00,0.81,completed,4200,False
AUD-CH-122-Pro-5284,CH-122,Profile Synthesis Agent,2026-03-03T05:33:14,0.76,completed,191,False
AUD-CH-122-Pre-8484,CH-122,Prediction Agent,2026-03-03T05:33:25,0.87,completed,1687,False
AUD-CH-122-Dom-9396,CH-122,Domain Analysis Agent,2026-03-03T05:33:36,0.98,completed,4241,False
AUD-CH-122-Gui-2785,CH-122,Guideline Generation Agent,2026-03-03T05:33:39,0.77,completed,3525,False
AUD-CH-122-Goa-4911,CH-122,Goal Generation Agent,2026-03-03T05:34:03,0.97,completed,1847,False
AUD-CH-122-Mil-4387,CH-122,Milestone Planning Agent,2026-03-03T05:34:22,0.74,escalated_to_human,1843,True
AUD-CH-122-Car-7164,CH-122,Caregiver Guidance Agent,2026-03-03T05:34:25,0.99,completed,1083,False
AUD-CH-122-Eth-4797,CH-122,Ethics and Consent Agent,2026-03-03T05:35:06,0.93,passed,436,False
AUD-CH-122-Bia-6354,CH-122,Bias Monitoring Agent,2026-03-03T05:35:21,0.99,passed,1767,False
AUD-CH-122-Dat-4032,CH-122,Data Quality Agent,2026-03-03T05:35:26,0.96,passed,1292,False
AUD-CH-122-Con-1167,CH-122,Confidence and Abstention Agent,2026-03-03T05:35:36,0.86,flagged_for_review,940,True
AUD-CH-123-Inp-9526,CH-123,Input Aggregation Agent,2026-03-02T02:31:00,0.9,completed,3157,False
AUD-CH-123-Pro-7758,CH-123,Profile Synthesis Agent,2026-03-02T02:31:13,0.94,completed,5027,False
AUD-CH-123-Pre-7865,CH-123,Prediction Agent,2026-03-02T02:31:41,0.93,completed,5666,False
AUD-CH-123-Dom-8698,CH-123,Domain Analysis Agent,2026-03-02T02:32:01,0.93,completed,1023,False
AUD-CH-123-Gui-1574,CH-123,Guideline Generation Agent,2026-03-02T02:32:06,0.97,completed,4924,False
AUD-CH-123-Goa-6757,CH-123,Goal Generation Agent,2026-03-02T02:32:25,0.98,completed,5082,False
AUD-CH-123-Mil-2367,CH-123,Milestone Planning Agent,2026-03-02T02:32:56,0.74,escalated_to_human,1098,True
AUD-CH-123-Car-9337,CH-123,Caregiver Guidance Agent,2026-03-02T02:33:30,0.81,completed,5585,False
AUD-CH-123-Eth-6474,CH-123,Ethics and Consent Agent,2026-03-02T02:33:33,0.92,passed,782,False
AUD-CH-123-Bia-1165,CH-123,Bias Monitoring Agent,2026-03-02T02:33:40,0.94,passed,442,False
AUD-CH-123-Dat-9523,CH-123,Data Quality Agent,2026-03-02T02:33:52,0.96,passed,2258,False
AUD-CH-123-Con-9277,CH-123,Confidence and Abstention Agent,2026-03-02T02:34:02,0.97,passed,2352,False
AUD-CH-124-Inp-4862,CH-124,Input Aggregation Agent,2026-03-02T15:52:00,0.84,completed,2500,False
AUD-CH-124-Pro-8695,CH-124,Profile Synthesis Agent,2026-03-02T15:52:11,0.75,completed,2433,False
AUD-CH-124-Pre-5377,CH-124,Prediction Agent,2026-03-02T15:52:19,0.85,completed,2746,False
AUD-CH-124-Dom-5699,CH-124,Domain Analysis Agent,2026-03-02T15:52:34,0.94,completed,2697,False
AUD-CH-124-Gui-6784,CH-124,Guideline Generation Agent,2026-03-02T15:52:48,0.81,completed,2998,False
AUD-CH-124-Goa-1398,CH-124,Goal Generation Agent,2026-03-02T15:53:29,0.76,completed,2863,False
AUD-CH-124-Mil-4668,CH-124,Milestone Planning Agent,2026-03-02T15:54:04,0.76,completed,228,False
AUD-CH-124-Car-3980,CH-124,Caregiver Guidance Agent,2026-03-02T15:54:23,0.85,completed,3277,False
AUD-CH-124-Eth-7837,CH-124,Ethics and Consent Agent,2026-03-02T15:54:29,0.94,passed,1778,False
AUD-CH-124-Bia-9273,CH-124,Bias Monitoring Agent,2026-03-02T15:54:33,0.91,passed,182,False
AUD-CH-124-Dat-4260,CH-124,Data Quality Agent,2026-03-02T15:54:44,0.93,passed,1974,False
AUD-CH-124-Con-2916,CH-124,Confidence and Abstention Agent,2026-03-02T15:54:59,0.98,passed,2209,False
AUD-CH-125-Inp-3548,CH-125,Input Aggregation Agent,2026-03-01T14:13:00,0.82,completed,3227,False
AUD-CH-125-Pro-1136,CH-125,Profile Synthesis Agent,2026-03-01T14:13:33,0.75,completed,4986,False
AUD-CH-125-Pre-5146,CH-125,Prediction Agent,2026-03-01T14:14:06,0.92,completed,1679,False
AUD-CH-125-Dom-8834,CH-125,Domain Analysis Agent,2026-03-01T14:14:19,0.75,completed,354,False
AUD-CH-125-Gui-7713,CH-125,Guideline Generation Agent,2026-03-01T14:14:24,0.77,completed,3559,False
AUD-CH-125-Goa-9458,CH-125,Goal Generation Agent,2026-03-01T14:14:28,0.77,completed,2958,False
AUD-CH-125-Mil-8885,CH-125,Milestone Planning Agent,2026-03-01T14:14:57,0.76,completed,791,False
AUD-CH-125-Car-4426,CH-125,Caregiver Guidance Agent,2026-03-01T14:15:23,0.94,completed,3525,False
AUD-CH-125-Eth-3357,CH-125,Ethics and Consent Agent,2026-03-01T14:16:01,0.97,passed,1113,False
AUD-CH-125-Bia-4890,CH-125,Bias Monitoring Agent,2026-03-01T14:16:10,0.98,passed,543,False
AUD-CH-125-Dat-2841,CH-125,Data Quality Agent,2026-03-01T14:16:20,0.94,passed,2099,False
AUD-CH-125-Con-8889,CH-125,Confidence and Abstention Agent,2026-03-01T14:16:34,0.98,passed,1317,False
AUD-CH-126-Inp-6668,CH-126,Input Aggregation Agent,2026-03-02T11:52:00,0.95,completed,1571,False
AUD-CH-126-Pro-9471,CH-126,Profile Synthesis Agent,2026-03-02T11:52:37,0.75,completed,1589,False
AUD-CH-126-Pre-8889,CH-126,Prediction Agent,2026-03-02T11:52:44,0.72,escalated_to_human,2680,True
AUD-CH-126-Dom-2359,CH-126,Domain Analysis Agent,2026-03-02T11:53:23,0.73,escalated_to_human,5358,True
AUD-CH-126-Gui-2340,CH-126,Guideline Generation Agent,2026-03-02T11:53:35,0.72,escalated_to_human,2002,True
AUD-CH-126-Goa-7587,CH-126,Goal Generation Agent,2026-03-02T11:54:01,0.72,escalated_to_human,4230,True
AUD-CH-126-Mil-7463,CH-126,Milestone Planning Agent,2026-03-02T11:54:34,0.82,completed,2023,False
AUD-CH-126-Car-8155,CH-126,Caregiver Guidance Agent,2026-03-02T11:55:06,0.89,completed,4290,False
AUD-CH-126-Eth-5345,CH-126,Ethics and Consent Agent,2026-03-02T11:55:30,0.97,passed,915,False
AUD-CH-126-Bia-6807,CH-126,Bias Monitoring Agent,2026-03-02T11:55:36,0.98,passed,274,False
AUD-CH-126-Dat-1367,CH-126,Data Quality Agent,2026-03-02T11:55:51,0.96,passed,2429,False
AUD-CH-126-Con-1618,CH-126,Confidence and Abstention Agent,2026-03-02T11:56:06,0.93,passed,439,False
AUD-CH-127-Inp-6882,CH-127,Input Aggregation Agent,2026-03-02T15:33:00,0.83,completed,5442,False
AUD-CH-127-Pro-3322,CH-127,Profile Synthesis Agent,2026-03-02T15:33:32,0.85,completed,645,False
AUD-CH-127-Pre-6323,CH-127,Prediction Agent,2026-03-02T15:33:56,0.84,completed,1734,False
AUD-CH-127-Dom-2557,CH-127,Domain Analysis Agent,2026-03-02T15:34:25,0.97,completed,4498,False
AUD-CH-127-Gui-6900,CH-127,Guideline Generation Agent,2026-03-02T15:35:05,0.74,escalated_to_human,982,True
AUD-CH-127-Goa-9853,CH-127,Goal Generation Agent,2026-03-02T15:35:36,0.88,completed,2042,False
AUD-CH-127-Mil-7989,CH-127,Milestone Planning Agent,2026-03-02T15:35:42,0.87,completed,308,False
AUD-CH-127-Car-5955,CH-127,Caregiver Guidance Agent,2026-03-02T15:36:24,0.91,completed,2222,False
AUD-CH-127-Eth-7818,CH-127,Ethics and Consent Agent,2026-03-02T15:36:43,0.96,passed,782,False
AUD-CH-127-Bia-1328,CH-127,Bias Monitoring Agent,2026-03-02T15:36:50,0.6,flagged_for_review,1239,True
AUD-CH-127-Dat-3219,CH-127,Data Quality Agent,2026-03-02T15:36:58,0.94,passed,1719,False
AUD-CH-127-Con-9374,CH-127,Confidence and Abstention Agent,2026-03-02T15:37:06,0.97,passed,1353,False
AUD-CH-128-Inp-3964,CH-128,Input Aggregation Agent,2026-03-02T22:41:00,0.83,completed,2314,False
AUD-CH-128-Pro-2255,CH-128,Profile Synthesis Agent,2026-03-02T22:41:16,0.71,escalated_to_human,5482,True
AUD-CH-128-Pre-2465,CH-128,Prediction Agent,2026-03-02T22:41:25,0.89,completed,4840,False
AUD-CH-128-Dom-1250,CH-128,Domain Analysis Agent,2026-03-02T22:41:41,0.95,completed,3295,False
AUD-CH-128-Gui-7522,CH-128,Guideline Generation Agent,2026-03-02T22:41:58,0.88,completed,2247,False
AUD-CH-128-Goa-8118,CH-128,Goal Generation Agent,2026-03-02T22:42:07,0.82,completed,3605,False
AUD-CH-128-Mil-9807,CH-128,Milestone Planning Agent,2026-03-02T22:42:47,0.73,escalated_to_human,3050,True
AUD-CH-128-Car-6621,CH-128,Caregiver Guidance Agent,2026-03-02T22:43:13,0.77,completed,4496,False
AUD-CH-128-Eth-8523,CH-128,Ethics and Consent Agent,2026-03-02T22:43:51,0.98,passed,968,False
AUD-CH-128-Bia-6374,CH-128,Bias Monitoring Agent,2026-03-02T22:44:05,0.96,passed,278,False
AUD-CH-128-Dat-6342,CH-128,Data Quality Agent,2026-03-02T22:44:17,0.93,passed,787,False
AUD-CH-128-Con-1964,CH-128,Confidence and Abstention Agent,2026-03-02T22:44:28,0.94,passed,1779,False
AUD-CH-129-Inp-9742,CH-129,Input Aggregation Agent,2026-03-01T21:09:00,0.95,completed,2127,False
AUD-CH-129-Pro-1679,CH-129,Profile Synthesis Agent,2026-03-01T21:09:41,0.87,completed,4633,False
AUD-CH-129-Pre-1006,CH-129,Prediction Agent,2026-03-01T21:10:03,0.84,completed,5912,False
AUD-CH-129-Dom-4497,CH-129,Domain Analysis Agent,2026-03-01T21:10:45,0.98,completed,667,False
AUD-CH-129-Gui-8451,CH-129,Guideline Generation Agent,2026-03-01T21:11:14,0.75,completed,3456,False
AUD-CH-129-Goa-2778,CH-129,Goal Generation Agent,2026-03-01T21:11:45,0.7,escalated_to_human,971,True
AUD-CH-129-Mil-1863,CH-129,Milestone Planning Agent,2026-03-01T21:12:26,0.84,completed,1992,False
AUD-CH-129-Car-2921,CH-129,Caregiver Guidance Agent,2026-03-01T21:12:46,0.74,escalated_to_human,3072,True
AUD-CH-129-Eth-8714,CH-129,Ethics and Consent Agent,2026-03-01T21:12:55,0.97,passed,2405,False
AUD-CH-129-Bia-9832,CH-129,Bias Monitoring Agent,2026-03-01T21:13:05,0.94,passed,1891,False
AUD-CH-129-Dat-7983,CH-129,Data Quality Agent,2026-03-01T21:13:19,0.98,passed,583,False
AUD-CH-129-Con-5103,CH-129,Confidence and Abstention Agent,2026-03-01T21:13:22,0.91,passed,2057,False
AUD-CH-130-Inp-6575,CH-130,Input Aggregation Agent,2026-03-03T03:35:00,0.69,escalated_to_human,940,True
AUD-CH-130-Pro-8938,CH-130,Profile Synthesis Agent,2026-03-03T03:35:27,0.73,escalated_to_human,5816,True
AUD-CH-130-Pre-4307,CH-130,Prediction Agent,2026-03-03T03:36:11,0.74,escalated_to_human,4581,True
AUD-CH-130-Dom-3927,CH-130,Domain Analysis Agent,2026-03-03T03:36:25,0.9,completed,5785,False
AUD-CH-130-Gui-8538,CH-130,Guideline Generation Agent,2026-03-03T03:36:33,0.7,escalated_to_human,1106,True
AUD-CH-130-Goa-6155,CH-130,Goal Generation Agent,2026-03-03T03:36:58,0.99,completed,5855,False
AUD-CH-130-Mil-5246,CH-130,Milestone Planning Agent,2026-03-03T03:37:08,0.96,completed,1745,False
AUD-CH-130-Car-7922,CH-130,Caregiver Guidance Agent,2026-03-03T03:37:37,0.89,completed,4736,False
AUD-CH-130-Eth-3000,CH-130,Ethics and Consent Agent,2026-03-03T03:37:59,0.97,passed,2079,False
AUD-CH-130-Bia-3746,CH-130,Bias Monitoring Agent,2026-03-03T03:38:12,0.94,passed,2403,False
AUD-CH-130-Dat-6612,CH-130,Data Quality Agent,2026-03-03T03:38:14,0.93,passed,1973,False
AUD-CH-130-Con-3848,CH-130,Confidence and Abstention Agent,2026-03-03T03:38:20,0.97,passed,901,False
AUD-CH-131-Inp-5821,CH-131,Input Aggregation Agent,2026-03-02T05:19:00,0.98,completed,2332,False
AUD-CH-131-Pro-9330,CH-131,Profile Synthesis Agent,2026-03-02T05:19:37,0.74,escalated_to_human,238,True
AUD-CH-131-Pre-1421,CH-131,Prediction Agent,2026-03-02T05:20:18,0.92,completed,467,False
AUD-CH-131-Dom-5135,CH-131,Domain Analysis Agent,2026-03-02T05:20:21,0.75,completed,2903,False
AUD-CH-131-Gui-2860,CH-131,Guideline Generation Agent,2026-03-02T05:20:57,0.98,completed,5951,False
AUD-CH-131-Goa-2922,CH-131,Goal Generation Agent,2026-03-02T05:21:02,0.97,completed,4475,False
AUD-CH-131-Mil-4612,CH-131,Milestone Planning Agent,2026-03-02T05:21:47,0.9,completed,2142,False
AUD-CH-131-Car-9058,CH-131,Caregiver Guidance Agent,2026-03-02T05:22:12,0.81,completed,2431,False
AUD-CH-131-Eth-8645,CH-131,Ethics and Consent Agent,2026-03-02T05:22:41,0.95,passed,812,False
AUD-CH-131-Bia-6163,CH-131,Bias Monitoring Agent,2026-03-02T05:22:48,0.92,passed,2216,False
AUD-CH-131-Dat-1062,CH-131,Data Quality Agent,2026-03-02T05:22:55,0.98,passed,425,False
AUD-CH-131-Con-2972,CH-131,Confidence and Abstention Agent,2026-03-02T05:23:06,0.98,passed,1010,False
AUD-CH-132-Inp-9754,CH-132,Input Aggregation Agent,2026-03-02T21:17:00,0.92,completed,5410,False
AUD-CH-132-Pro-5697,CH-132,Profile Synthesis Agent,2026-03-02T21:17:37,0.88,completed,3757,False
AUD-CH-132-Pre-2529,CH-132,Prediction Agent,2026-03-02T21:17:55,0.98,completed,202,False
AUD-CH-132-Dom-2441,CH-132,Domain Analysis Agent,2026-03-02T21:18:01,0.88,completed,2023,False
AUD-CH-132-Gui-8511,CH-132,Guideline Generation Agent,2026-03-02T21:18:16,0.93,completed,302,False
AUD-CH-132-Goa-5388,CH-132,Goal Generation Agent,2026-03-02T21:18:33,0.92,completed,1687,False
AUD-CH-132-Mil-6340,CH-132,Milestone Planning Agent,2026-03-02T21:18:57,0.8,completed,524,False
AUD-CH-132-Car-7477,CH-132,Caregiver Guidance Agent,2026-03-02T21:19:29,0.89,completed,4289,False
AUD-CH-132-Eth-5443,CH-132,Ethics and Consent Agent,2026-03-02T21:19:51,0.96,passed,1703,False
AUD-CH-132-Bia-6037,CH-132,Bias Monitoring Agent,2026-03-02T21:19:53,0.95,passed,520,False
AUD-CH-132-Dat-5670,CH-132,Data Quality Agent,2026-03-02T21:19:57,0.94,passed,1287,False
AUD-CH-132-Con-1291,CH-132,Confidence and Abstention Agent,2026-03-02T21:20:04,0.92,passed,285,False
AUD-CH-133-Inp-1084,CH-133,Input Aggregation Agent,2026-03-02T05:17:00,0.85,completed,2991,False
AUD-CH-133-Pro-7767,CH-133,Profile Synthesis Agent,2026-03-02T05:17:27,0.92,completed,2982,False
AUD-CH-133-Pre-2160,CH-133,Prediction Agent,2026-03-02T05:18:01,0.92,completed,5409,False
AUD-CH-133-Dom-5488,CH-133,Domain Analysis Agent,2026-03-02T05:18:24,0.77,completed,1930,False
AUD-CH-133-Gui-8759,CH-133,Guideline Generation Agent,2026-03-02T05:18:33,0.84,completed,5928,False
AUD-CH-133-Goa-5032,CH-133,Goal Generation Agent,2026-03-02T05:18:45,0.91,completed,1766,False
AUD-CH-133-Mil-5484,CH-133,Milestone Planning Agent,2026-03-02T05:19:13,0.82,completed,1893,False
AUD-CH-133-Car-5530,CH-133,Caregiver Guidance Agent,2026-03-02T05:19:38,0.94,completed,784,False
AUD-CH-133-Eth-5924,CH-133,Ethics and Consent Agent,2026-03-02T05:19:49,0.75,flagged_for_review,816,True
AUD-CH-133-Bia-4940,CH-133,Bias Monitoring Agent,2026-03-02T05:19:58,0.92,passed,886,False
AUD-CH-133-Dat-1578,CH-133,Data Quality Agent,2026-03-02T05:20:06,0.95,passed,1363,False
AUD-CH-133-Con-5521,CH-133,Confidence and Abstention Agent,2026-03-02T05:20:12,0.99,passed,1021,False
AUD-CH-134-Inp-2456,CH-134,Input Aggregation Agent,2026-03-02T18:49:00,0.78,completed,3467,False
AUD-CH-134-Pro-2838,CH-134,Profile Synthesis Agent,2026-03-02T18:49:16,0.77,completed,2818,False
AUD-CH-134-Pre-7996,CH-134,Prediction Agent,2026-03-02T18:49:47,0.95,completed,5550,False
AUD-CH-134-Dom-8275,CH-134,Domain Analysis Agent,2026-03-02T18:50:05,0.83,completed,1258,False
AUD-CH-134-Gui-6198,CH-134,Guideline Generation Agent,2026-03-02T18:50:39,0.97,completed,1514,False
AUD-CH-134-Goa-3953,CH-134,Goal Generation Agent,2026-03-02T18:51:00,0.75,completed,5165,False
AUD-CH-134-Mil-7445,CH-134,Milestone Planning Agent,2026-03-02T18:51:30,0.72,escalated_to_human,219,True
AUD-CH-134-Car-1279,CH-134,Caregiver Guidance Agent,2026-03-02T18:51:55,0.78,completed,247,False
AUD-CH-134-Eth-3572,CH-134,Ethics and Consent Agent,2026-03-02T18:52:29,0.98,passed,606,False
AUD-CH-134-Bia-1704,CH-134,Bias Monitoring Agent,2026-03-02T18:52:31,0.98,passed,450,False
AUD-CH-134-Dat-1877,CH-134,Data Quality Agent,2026-03-02T18:52:35,0.95,passed,1948,False
AUD-CH-134-Con-8537,CH-134,Confidence and Abstention Agent,2026-03-02T18:52:46,0.95,passed,839,False
AUD-CH-135-Inp-5466,CH-135,Input Aggregation Agent,2026-03-02T09:43:00,0.72,escalated_to_human,5459,True
AUD-CH-135-Pro-9940,CH-135,Profile Synthesis Agent,2026-03-02T09:43:43,0.92,completed,2856,False
AUD-CH-135-Pre-8049,CH-135,Prediction Agent,2026-03-02T09:44:03,0.96,completed,4418,False
AUD-CH-135-Dom-7987,CH-135,Domain Analysis Agent,2026-03-02T09:44:25,0.98,completed,1911,False
AUD-CH-135-Gui-5910,CH-135,Guideline Generation Agent,2026-03-02T09:44:28,0.9,completed,3523,False
AUD-CH-135-Goa-1778,CH-135,Goal Generation Agent,2026-03-02T09:44:45,0.79,completed,3999,False
AUD-CH-135-Mil-3595,CH-135,Milestone Planning Agent,2026-03-02T09:45:06,0.86,completed,5429,False
AUD-CH-135-Car-6431,CH-135,Caregiver Guidance Agent,2026-03-02T09:45:17,0.84,completed,3682,False
AUD-CH-135-Eth-3702,CH-135,Ethics and Consent Agent,2026-03-02T09:45:28,0.94,passed,1145,False
AUD-CH-135-Bia-3876,CH-135,Bias Monitoring Agent,2026-03-02T09:45:35,0.98,passed,1934,False
AUD-CH-135-Dat-4733,CH-135,Data Quality Agent,2026-03-02T09:45:48,0.98,passed,874,False
AUD-CH-135-Con-7393,CH-135,Confidence and Abstention Agent,2026-03-02T09:45:57,0.98,passed,2427,False
AUD-CH-136-Inp-3326,CH-136,Input Aggregation Agent,2026-03-02T08:18:00,0.73,escalated_to_human,971,True
AUD-CH-136-Pro-6365,CH-136,Profile Synthesis Agent,2026-03-02T08:18:45,0.83,completed,2299,False
AUD-CH-136-Pre-6512,CH-136,Prediction Agent,2026-03-02T08:18:56,0.75,completed,1345,False
AUD-CH-136-Dom-1081,CH-136,Domain Analysis Agent,2026-03-02T08:19:15,0.73,escalated_to_human,5346,True
AUD-CH-136-Gui-9801,CH-136,Guideline Generation Agent,2026-03-02T08:19:49,0.73,escalated_to_human,463,True
AUD-CH-136-Goa-3294,CH-136,Goal Generation Agent,2026-03-02T08:20:34,0.86,completed,1701,False
AUD-CH-136-Mil-4606,CH-136,Milestone Planning Agent,2026-03-02T08:20:38,0.96,completed,614,False
AUD-CH-136-Car-2185,CH-136,Caregiver Guidance Agent,2026-03-02T08:21:16,0.91,completed,5845,False
AUD-CH-136-Eth-7771,CH-136,Ethics and Consent Agent,2026-03-02T08:21:43,0.94,passed,821,False
AUD-CH-136-Bia-7586,CH-136,Bias Monitoring Agent,2026-03-02T08:21:51,0.93,passed,2459,False
AUD-CH-136-Dat-6580,CH-136,Data Quality Agent,2026-03-02T08:22:02,0.94,passed,1656,False
AUD-CH-136-Con-8353,CH-136,Confidence and Abstention Agent,2026-03-02T08:22:16,0.98,passed,488,False
AUD-CH-137-Inp-3234,CH-137,Input Aggregation Agent,2026-03-02T11:35:00,0.83,completed,1612,False
AUD-CH-137-Pro-2686,CH-137,Profile Synthesis Agent,2026-03-02T11:35:04,0.7,escalated_to_human,1954,True
AUD-CH-137-Pre-7886,CH-137,Prediction Agent,2026-03-02T11:35:32,0.71,escalated_to_human,2240,True
AUD-CH-137-Dom-6780,CH-137,Domain Analysis Agent,2026-03-02T11:36:08,0.86,completed,814,False
AUD-CH-137-Gui-2514,CH-137,Guideline Generation Agent,2026-03-02T11:36:33,0.71,escalated_to_human,5146,True
AUD-CH-137-Goa-1716,CH-137,Goal Generation Agent,2026-03-02T11:36:42,0.87,completed,1778,False
AUD-CH-137-Mil-7478,CH-137,Milestone Planning Agent,2026-03-02T11:36:55,0.88,completed,4290,False
AUD-CH-137-Car-9522,CH-137,Caregiver Guidance Agent,2026-03-02T11:37:14,0.8,completed,5129,False
AUD-CH-137-Eth-4531,CH-137,Ethics and Consent Agent,2026-03-02T11:37:54,0.95,passed,1754,False
AUD-CH-137-Bia-3950,CH-137,Bias Monitoring Agent,2026-03-02T11:38:08,0.97,passed,1453,False
AUD-CH-137-Dat-3669,CH-137,Data Quality Agent,2026-03-02T11:38:13,0.98,passed,1595,False
AUD-CH-137-Con-5838,CH-137,Confidence and Abstention Agent,2026-03-02T11:38:27,0.94,passed,2089,False
AUD-CH-138-Inp-8612,CH-138,Input Aggregation Agent,2026-03-02T13:24:00,0.77,completed,3079,False
AUD-CH-138-Pro-7562,CH-138,Profile Synthesis Agent,2026-03-02T13:24:17,0.73,escalated_to_human,3795,True
AUD-CH-138-Pre-4278,CH-138,Prediction Agent,2026-03-02T13:24:58,0.83,completed,1318,False
AUD-CH-138-Dom-3588,CH-138,Domain Analysis Agent,2026-03-02T13:25:09,0.82,completed,5341,False
AUD-CH-138-Gui-9369,CH-138,Guideline Generation Agent,2026-03-02T13:25:26,0.9,completed,1500,False
AUD-CH-138-Goa-4152,CH-138,Goal Generation Agent,2026-03-02T13:25:32,0.89,completed,5537,False
AUD-CH-138-Mil-4829,CH-138,Milestone Planning Agent,2026-03-02T13:25:46,0.84,completed,4064,False
AUD-CH-138-Car-7064,CH-138,Caregiver Guidance Agent,2026-03-02T13:25:50,0.86,completed,5817,False
AUD-CH-138-Eth-6232,CH-138,Ethics and Consent Agent,2026-03-02T13:26:31,0.96,passed,2415,False
AUD-CH-138-Bia-2039,CH-138,Bias Monitoring Agent,2026-03-02T13:26:41,0.94,passed,1528,False
AUD-CH-138-Dat-5100,CH-138,Data Quality Agent,2026-03-02T13:26:50,0.98,passed,1838,False
AUD-CH-138-Con-3424,CH-138,Confidence and Abstention Agent,2026-03-02T13:27:01,0.72,flagged_for_review,1188,True
AUD-CH-139-Inp-6092,CH-139,Input Aggregation Agent,2026-03-02T11:53:00,0.86,completed,1816,False
AUD-CH-139-Pro-7378,CH-139,Profile Synthesis Agent,2026-03-02T11:53:06,0.97,completed,5052,False
AUD-CH-139-Pre-5959,CH-139,Prediction Agent,2026-03-02T11:53:40,0.7,escalated_to_human,3746,True
AUD-CH-139-Dom-8209,CH-139,Domain Analysis Agent,2026-03-02T11:54:17,0.79,completed,1163,False
AUD-CH-139-Gui-1283,CH-139,Guideline Generation Agent,2026-03-02T11:54:48,0.86,completed,4695,False
AUD-CH-139-Goa-2553,CH-139,Goal Generation Agent,2026-03-02T11:55:18,0.94,completed,161,False
AUD-CH-139-Mil-8007,CH-139,Milestone Planning Agent,2026-03-02T11:56:01,0.77,completed,5866,False
AUD-CH-139-Car-3031,CH-139,Caregiver Guidance Agent,2026-03-02T11:56:04,0.72,escalated_to_human,2317,True
AUD-CH-139-Eth-2231,CH-139,Ethics and Consent Agent,2026-03-02T11:56:34,0.98,passed,1305,False
AUD-CH-139-Bia-3288,CH-139,Bias Monitoring Agent,2026-03-02T11:56:37,0.95,passed,212,False
AUD-CH-139-Dat-8916,CH-139,Data Quality Agent,2026-03-02T11:56:44,0.57,flagged_for_review,866,True
AUD-CH-139-Con-8201,CH-139,Confidence and Abstention Agent,2026-03-02T11:56:48,0.91,passed,1763,False
AUD-CH-140-Inp-3279,CH-140,Input Aggregation Agent,2026-03-01T20:01:00,0.72,escalated_to_human,5347,True
AUD-CH-140-Pro-9897,CH-140,Profile Synthesis Agent,2026-03-01T20:01:39,0.74,escalated_to_human,3081,True
AUD-CH-140-Pre-1514,CH-140,Prediction Agent,2026-03-01T20:02:21,0.77,completed,2107,False
AUD-CH-140-Dom-4014,CH-140,Domain Analysis Agent,2026-03-01T20:02:53,0.9,completed,3833,False
AUD-CH-140-Gui-2024,CH-140,Guideline Generation Agent,2026-03-01T20:03:23,0.74,escalated_to_human,5711,True
AUD-CH-140-Goa-6084,CH-140,Goal Generation Agent,2026-03-01T20:03:48,0.84,completed,3673,False
AUD-CH-140-Mil-7477,CH-140,Milestone Planning Agent,2026-03-01T20:03:55,0.72,escalated_to_human,3768,True
AUD-CH-140-Car-8487,CH-140,Caregiver Guidance Agent,2026-03-01T20:04:18,0.95,completed,324,False
AUD-CH-140-Eth-9645,CH-140,Ethics and Consent Agent,2026-03-01T20:04:29,0.92,passed,891,False
AUD-CH-140-Bia-3949,CH-140,Bias Monitoring Agent,2026-03-01T20:04:38,0.99,passed,1399,False
AUD-CH-140-Dat-9961,CH-140,Data Quality Agent,2026-03-01T20:04:52,0.98,passed,2240,False
AUD-CH-140-Con-7667,CH-140,Confidence and Abstention Agent,2026-03-01T20:05:01,0.97,passed,2342,False
AUD-CH-141-Inp-2517,CH-141,Input Aggregation Agent,2026-03-02T12:07:00,0.87,completed,1263,False
AUD-CH-141-Pro-7986,CH-141,Profile Synthesis Agent,2026-03-02T12:07:18,0.71,escalated_to_human,3056,True
AUD-CH-141-Pre-9146,CH-141,Prediction Agent,2026-03-02T12:07:30,0.8,completed,4503,False
AUD-CH-141-Dom-5694,CH-141,Domain Analysis Agent,2026-03-02T12:07:34,0.81,completed,2304,False
AUD-CH-141-Gui-4831,CH-141,Guideline Generation Agent,2026-03-02T12:07:45,0.72,escalated_to_human,3777,True
AUD-CH-141-Goa-4166,CH-141,Goal Generation Agent,2026-03-02T12:08:00,0.97,completed,1388,False
AUD-CH-141-Mil-3450,CH-141,Milestone Planning Agent,2026-03-02T12:08:33,0.88,completed,2137,False
AUD-CH-141-Car-4508,CH-141,Caregiver Guidance Agent,2026-03-02T12:09:13,0.82,completed,3230,False
AUD-CH-141-Eth-9559,CH-141,Ethics and Consent Agent,2026-03-02T12:09:16,0.94,passed,1543,False
AUD-CH-141-Bia-6263,CH-141,Bias Monitoring Agent,2026-03-02T12:09:23,0.93,passed,523,False
AUD-CH-141-Dat-4395,CH-141,Data Quality Agent,2026-03-02T12:09:35,0.95,passed,2103,False
AUD-CH-141-Con-2623,CH-141,Confidence and Abstention Agent,2026-03-02T12:09:49,0.96,passed,1555,False
AUD-CH-142-Inp-3582,CH-142,Input Aggregation Agent,2026-03-03T07:18:00,0.89,completed,759,False
AUD-CH-142-Pro-9902,CH-142,Profile Synthesis Agent,2026-03-03T07:18:25,0.77,completed,4266,False
AUD-CH-142-Pre-4897,CH-142,Prediction Agent,2026-03-03T07:19:01,0.95,completed,862,False
AUD-CH-142-Dom-9596,CH-142,Domain Analysis Agent,2026-03-03T07:19:15,0.74,escalated_to_human,1674,True
AUD-CH-142-Gui-6649,CH-142,Guideline Generation Agent,2026-03-03T07:19:43,0.85,completed,2112,False
AUD-CH-142-Goa-2025,CH-142,Goal Generation Agent,2026-03-03T07:19:59,0.98,completed,1728,False
AUD-CH-142-Mil-2374,CH-142,Milestone Planning Agent,2026-03-03T07:20:24,0.88,completed,813,False
AUD-CH-142-Car-3763,CH-142,Caregiver Guidance Agent,2026-03-03T07:20:35,0.95,completed,2090,False
AUD-CH-142-Eth-1340,CH-142,Ethics and Consent Agent,2026-03-03T07:20:46,0.96,passed,461,False
AUD-CH-142-Bia-2363,CH-142,Bias Monitoring Agent,2026-03-03T07:20:48,0.96,passed,762,False
AUD-CH-142-Dat-8116,CH-142,Data Quality Agent,2026-03-03T07:20:54,0.93,passed,567,False
AUD-CH-142-Con-7582,CH-142,Confidence and Abstention Agent,2026-03-03T07:21:04,0.78,flagged_for_review,1969,True
AUD-CH-143-Inp-1446,CH-143,Input Aggregation Agent,2026-03-03T00:17:00,0.71,escalated_to_human,5542,True
AUD-CH-143-Pro-9237,CH-143,Profile Synthesis Agent,2026-03-03T00:17:45,0.98,completed,1291,False
AUD-CH-143-Pre-2905,CH-143,Prediction Agent,2026-03-03T00:18:22,0.8,completed,941,False
AUD-CH-143-Dom-1563,CH-143,Domain Analysis Agent,2026-03-03T00:18:43,0.96,completed,658,False
AUD-CH-143-Gui-5843,CH-143,Guideline Generation Agent,2026-03-03T00:19:13,0.71,escalated_to_human,4633,True
AUD-CH-143-Goa-8642,CH-143,Goal Generation Agent,2026-03-03T00:19:27,0.86,completed,450,False
AUD-CH-143-Mil-3677,CH-143,Milestone Planning Agent,2026-03-03T00:20:12,0.96,completed,4096,False
AUD-CH-143-Car-1121,CH-143,Caregiver Guidance Agent,2026-03-03T00:20:15,0.94,completed,2766,False
AUD-CH-143-Eth-4755,CH-143,Ethics and Consent Agent,2026-03-03T00:20:42,0.93,passed,1104,False
AUD-CH-143-Bia-2873,CH-143,Bias Monitoring Agent,2026-03-03T00:20:47,0.96,passed,2006,False
AUD-CH-143-Dat-9728,CH-143,Data Quality Agent,2026-03-03T00:20:55,0.95,passed,644,False
AUD-CH-143-Con-2984,CH-143,Confidence and Abstention Agent,2026-03-03T00:21:05,0.94,passed,572,False
AUD-CH-144-Inp-3525,CH-144,Input Aggregation Agent,2026-03-03T02:27:00,0.8,completed,5556,False
AUD-CH-144-Pro-3832,CH-144,Profile Synthesis Agent,2026-03-03T02:27:14,0.74,escalated_to_human,671,True
AUD-CH-144-Pre-8405,CH-144,Prediction Agent,2026-03-03T02:27:30,0.92,completed,4749,False
AUD-CH-144-Dom-7419,CH-144,Domain Analysis Agent,2026-03-03T02:27:53,0.88,completed,2189,False
AUD-CH-144-Gui-7932,CH-144,Guideline Generation Agent,2026-03-03T02:28:25,0.86,completed,2270,False
AUD-CH-144-Goa-7424,CH-144,Goal Generation Agent,2026-03-03T02:29:02,0.95,completed,1038,False
AUD-CH-144-Mil-6918,CH-144,Milestone Planning Agent,2026-03-03T02:29:30,0.88,completed,3746,False
AUD-CH-144-Car-4408,CH-144,Caregiver Guidance Agent,2026-03-03T02:30:03,0.96,completed,2182,False
AUD-CH-144-Eth-3400,CH-144,Ethics and Consent Agent,2026-03-03T02:30:37,0.98,passed,1861,False
AUD-CH-144-Bia-5450,CH-144,Bias Monitoring Agent,2026-03-03T02:30:48,0.98,passed,1357,False
AUD-CH-144-Dat-4376,CH-144,Data Quality Agent,2026-03-03T02:30:56,0.93,passed,1138,False
AUD-CH-144-Con-2396,CH-144,Confidence and Abstention Agent,2026-03-03T02:31:00,0.92,passed,2141,False
AUD-CH-145-Inp-7361,CH-145,Input Aggregation Agent,2026-03-02T22:23:00,0.74,escalated_to_human,2168,True
AUD-CH-145-Pro-3390,CH-145,Profile Synthesis Agent,2026-03-02T22:23:37,0.76,completed,4336,False
AUD-CH-145-Pre-4183,CH-145,Prediction Agent,2026-03-02T22:23:51,0.93,completed,2955,False
AUD-CH-145-Dom-6687,CH-145,Domain Analysis Agent,2026-03-02T22:23:58,0.86,completed,1302,False
AUD-CH-145-Gui-2757,CH-145,Guideline Generation Agent,2026-03-02T22:24:36,0.8,completed,5139,False
AUD-CH-145-Goa-7125,CH-145,Goal Generation Agent,2026-03-02T22:25:14,0.69,escalated_to_human,3688,True
AUD-CH-145-Mil-7870,CH-145,Milestone Planning Agent,2026-03-02T22:25:48,0.76,completed,2928,False
AUD-CH-145-Car-9579,CH-145,Caregiver Guidance Agent,2026-03-02T22:25:52,0.85,completed,5054,False
AUD-CH-145-Eth-3419,CH-145,Ethics and Consent Agent,2026-03-02T22:26:01,0.97,passed,1071,False
AUD-CH-145-Bia-5151,CH-145,Bias Monitoring Agent,2026-03-02T22:26:08,0.96,passed,117,False
AUD-CH-145-Dat-2190,CH-145,Data Quality Agent,2026-03-02T22:26:17,0.94,passed,1463,False
AUD-CH-145-Con-7865,CH-145,Confidence and Abstention Agent,2026-03-02T22:26:24,0.94,passed,1456,False
AUD-CH-146-Inp-3458,CH-146,Input Aggregation Agent,2026-03-01T08:07:00,0.92,completed,222,False
AUD-CH-146-Pro-4575,CH-146,Profile Synthesis Agent,2026-03-01T08:07:05,0.98,completed,2742,False
AUD-CH-146-Pre-3857,CH-146,Prediction Agent,2026-03-01T08:07:30,0.69,escalated_to_human,2107,True
AUD-CH-146-Dom-3320,CH-146,Domain Analysis Agent,2026-03-01T08:08:15,0.74,escalated_to_human,948,True
AUD-CH-146-Gui-5023,CH-146,Guideline Generation Agent,2026-03-01T08:08:56,0.84,completed,5556,False
AUD-CH-146-Goa-3420,CH-146,Goal Generation Agent,2026-03-01T08:09:35,0.84,completed,4420,False
AUD-CH-146-Mil-3888,CH-146,Milestone Planning Agent,2026-03-01T08:09:52,0.98,completed,2480,False
AUD-CH-146-Car-4834,CH-146,Caregiver Guidance Agent,2026-03-01T08:10:15,0.87,completed,902,False
AUD-CH-146-Eth-8519,CH-146,Ethics and Consent Agent,2026-03-01T08:10:48,0.93,passed,2383,False
AUD-CH-146-Bia-3560,CH-146,Bias Monitoring Agent,2026-03-01T08:10:54,0.96,passed,264,False
AUD-CH-146-Dat-9311,CH-146,Data Quality Agent,2026-03-01T08:11:00,0.92,passed,624,False
AUD-CH-146-Con-8746,CH-146,Confidence and Abstention Agent,2026-03-01T08:11:10,0.91,passed,755,False
AUD-CH-147-Inp-5717,CH-147,Input Aggregation Agent,2026-03-02T18:36:00,0.82,completed,4808,False
AUD-CH-147-Pro-6054,CH-147,Profile Synthesis Agent,2026-03-02T18:36:23,0.87,completed,2920,False
AUD-CH-147-Pre-4808,CH-147,Prediction Agent,2026-03-02T18:37:05,0.75,completed,474,False
AUD-CH-147-Dom-2058,CH-147,Domain Analysis Agent,2026-03-02T18:37:42,0.87,completed,858,False
AUD-CH-147-Gui-6599,CH-147,Guideline Generation Agent,2026-03-02T18:38:24,0.68,escalated_to_human,3176,True
AUD-CH-147-Goa-1977,CH-147,Goal Generation Agent,2026-03-02T18:38:31,0.85,completed,2297,False
AUD-CH-147-Mil-1970,CH-147,Milestone Planning Agent,2026-03-02T18:38:43,0.77,completed,554,False
AUD-CH-147-Car-9915,CH-147,Caregiver Guidance Agent,2026-03-02T18:39:26,0.78,completed,4860,False
AUD-CH-147-Eth-3594,CH-147,Ethics and Consent Agent,2026-03-02T18:40:05,0.92,passed,719,False
AUD-CH-147-Bia-4338,CH-147,Bias Monitoring Agent,2026-03-02T18:40:16,0.95,passed,1321,False
AUD-CH-147-Dat-8369,CH-147,Data Quality Agent,2026-03-02T18:40:21,0.96,passed,2322,False
AUD-CH-147-Con-8968,CH-147,Confidence and Abstention Agent,2026-03-02T18:40:29,0.93,passed,690,False
AUD-CH-148-Inp-1535,CH-148,Input Aggregation Agent,2026-03-03T06:44:00,0.91,completed,3290,False
AUD-CH-148-Pro-2841,CH-148,Profile Synthesis Agent,2026-03-03T06:44:07,0.75,completed,4226,False
AUD-CH-148-Pre-5207,CH-148,Prediction Agent,2026-03-03T06:44:19,0.99,completed,1725,False
AUD-CH-148-Dom-3151,CH-148,Domain Analysis Agent,2026-03-03T06:44:40,0.75,completed,4268,False
AUD-CH-148-Gui-4857,CH-148,Guideline Generation Agent,2026-03-03T06:45:11,0.8,completed,5895,False
AUD-CH-148-Goa-9494,CH-148,Goal Generation Agent,2026-03-03T06:45:21,0.76,completed,2823,False
AUD-CH-148-Mil-6018,CH-148,Milestone Planning Agent,2026-03-03T06:46:03,0.88,completed,3020,False
AUD-CH-148-Car-4923,CH-148,Caregiver Guidance Agent,2026-03-03T06:46:21,0.96,completed,5300,False
AUD-CH-148-Eth-3063,CH-148,Ethics and Consent Agent,2026-03-03T06:46:37,0.92,passed,125,False
AUD-CH-148-Bia-6233,CH-148,Bias Monitoring Agent,2026-03-03T06:46:44,0.95,passed,1353,False
AUD-CH-148-Dat-9005,CH-148,Data Quality Agent,2026-03-03T06:46:57,0.95,passed,1385,False
AUD-CH-148-Con-7269,CH-148,Confidence and Abstention Agent,2026-03-03T06:47:10,0.95,passed,1765,False
AUD-CH-149-Inp-3839,CH-149,Input Aggregation Agent,2026-03-02T23:19:00,0.94,completed,5349,False
AUD-CH-149-Pro-8059,CH-149,Profile Synthesis Agent,2026-03-02T23:19:25,0.75,completed,895,False
AUD-CH-149-Pre-3483,CH-149,Prediction Agent,2026-03-02T23:19:30,0.92,completed,5688,False
AUD-CH-149-Dom-3147,CH-149,Domain Analysis Agent,2026-03-02T23:20:00,0.72,escalated_to_human,5334,True
AUD-CH-149-Gui-7975,CH-149,Guideline Generation Agent,2026-03-02T23:20:44,0.84,completed,4572,False
AUD-CH-149-Goa-3586,CH-149,Goal Generation Agent,2026-03-02T23:20:56,0.85,completed,544,False
AUD-CH-149-Mil-3738,CH-149,Milestone Planning Agent,2026-03-02T23:21:36,0.92,completed,3129,False
AUD-CH-149-Car-8890,CH-149,Caregiver Guidance Agent,2026-03-02T23:22:05,0.92,completed,2862,False
AUD-CH-149-Eth-1700,CH-149,Ethics and Consent Agent,2026-03-02T23:22:15,0.97,passed,598,False
AUD-CH-149-Bia-4360,CH-149,Bias Monitoring Agent,2026-03-02T23:22:21,0.96,passed,1395,False
AUD-CH-149-Dat-3342,CH-149,Data Quality Agent,2026-03-02T23:22:35,0.91,passed,1101,False
AUD-CH-149-Con-3643,CH-149,Confidence and Abstention Agent,2026-03-02T23:22:37,0.95,passed,2443,False
AUD-CH-150-Inp-9906,CH-150,Input Aggregation Agent,2026-03-02T14:07:00,0.8,completed,5124,False
AUD-CH-150-Pro-2525,CH-150,Profile Synthesis Agent,2026-03-02T14:07:34,0.93,completed,414,False
AUD-CH-150-Pre-3590,CH-150,Prediction Agent,2026-03-02T14:07:51,0.93,completed,3668,False
AUD-CH-150-Dom-3075,CH-150,Domain Analysis Agent,2026-03-02T14:08:25,0.93,completed,2208,False
AUD-CH-150-Gui-6934,CH-150,Guideline Generation Agent,2026-03-02T14:08:50,0.97,completed,5946,False
AUD-CH-150-Goa-6348,CH-150,Goal Generation Agent,2026-03-02T14:09:12,0.68,escalated_to_human,2125,True
AUD-CH-150-Mil-4423,CH-150,Milestone Planning Agent,2026-03-02T14:09:16,0.69,escalated_to_human,720,True
AUD-CH-150-Car-3572,CH-150,Caregiver Guidance Agent,2026-03-02T14:09:59,0.97,completed,1413,False
AUD-CH-150-Eth-3581,CH-150,Ethics and Consent Agent,2026-03-02T14:10:37,0.99,passed,1009,False
AUD-CH-150-Bia-1460,CH-150,Bias Monitoring Agent,2026-03-02T14:10:48,0.96,passed,1580,False
AUD-CH-150-Dat-2219,CH-150,Data Quality Agent,2026-03-02T14:10:57,0.96,passed,383,False
AUD-CH-150-Con-7152,CH-150,Confidence and Abstention Agent,2026-03-02T14:11:08,0.98,passed,1437,False
AUD-CH-151-Inp-2928,CH-151,Input Aggregation Agent,2026-03-01T09:40:00,0.9,completed,921,False
AUD-CH-151-Pro-8077,CH-151,Profile Synthesis Agent,2026-03-01T09:40:30,0.85,completed,5152,False
AUD-CH-151-Pre-1409,CH-151,Prediction Agent,2026-03-01T09:41:00,0.99,completed,1890,False
AUD-CH-151-Dom-3004,CH-151,Domain Analysis Agent,2026-03-01T09:41:41,0.92,completed,533,False
AUD-CH-151-Gui-5970,CH-151,Guideline Generation Agent,2026-03-01T09:42:18,0.94,completed,914,False
AUD-CH-151-Goa-8330,CH-151,Goal Generation Agent,2026-03-01T09:42:46,0.92,completed,993,False
AUD-CH-151-Mil-5445,CH-151,Milestone Planning Agent,2026-03-01T09:42:49,0.83,completed,3619,False
AUD-CH-151-Car-5325,CH-151,Caregiver Guidance Agent,2026-03-01T09:43:10,0.98,completed,646,False
AUD-CH-151-Eth-9611,CH-151,Ethics and Consent Agent,2026-03-01T09:43:20,0.98,passed,602,False
AUD-CH-151-Bia-4908,CH-151,Bias Monitoring Agent,2026-03-01T09:43:32,0.94,passed,599,False
AUD-CH-151-Dat-2074,CH-151,Data Quality Agent,2026-03-01T09:43:42,0.93,passed,1573,False
AUD-CH-151-Con-6432,CH-151,Confidence and Abstention Agent,2026-03-01T09:43:45,0.94,passed,1905,False
AUD-CH-152-Inp-5769,CH-152,Input Aggregation Agent,2026-03-01T21:11:00,0.68,escalated_to_human,930,True
AUD-CH-152-Pro-7511,CH-152,Profile Synthesis Agent,2026-03-01T21:11:32,0.81,completed,3444,False
AUD-CH-152-Pre-7804,CH-152,Prediction Agent,2026-03-01T21:11:45,0.83,completed,5395,False
AUD-CH-152-Dom-7041,CH-152,Domain Analysis Agent,2026-03-01T21:12:14,0.96,completed,2886,False
AUD-CH-152-Gui-2024,CH-152,Guideline Generation Agent,2026-03-01T21:12:56,0.72,escalated_to_human,245,True
AUD-CH-152-Goa-5846,CH-152,Goal Generation Agent,2026-03-01T21:13:23,0.83,completed,3350,False
AUD-CH-152-Mil-4215,CH-152,Milestone Planning Agent,2026-03-01T21:14:00,0.85,completed,1156,False
AUD-CH-152-Car-9095,CH-152,Caregiver Guidance Agent,2026-03-01T21:14:31,0.93,completed,2563,False
AUD-CH-152-Eth-4301,CH-152,Ethics and Consent Agent,2026-03-01T21:14:52,0.93,passed,863,False
AUD-CH-152-Bia-2376,CH-152,Bias Monitoring Agent,2026-03-01T21:15:03,0.94,passed,2003,False
AUD-CH-152-Dat-9369,CH-152,Data Quality Agent,2026-03-01T21:15:14,0.94,passed,1634,False
AUD-CH-152-Con-2186,CH-152,Confidence and Abstention Agent,2026-03-01T21:15:25,0.91,passed,1485,False
AUD-CH-153-Inp-4999,CH-153,Input Aggregation Agent,2026-03-01T15:53:00,0.93,completed,2210,False
AUD-CH-153-Pro-5965,CH-153,Profile Synthesis Agent,2026-03-01T15:53:04,0.74,escalated_to_human,4480,True
AUD-CH-153-Pre-4334,CH-153,Prediction Agent,2026-03-01T15:53:49,0.95,completed,2445,False
AUD-CH-153-Dom-1886,CH-153,Domain Analysis Agent,2026-03-01T15:53:56,0.77,completed,3778,False
AUD-CH-153-Gui-7344,CH-153,Guideline Generation Agent,2026-03-01T15:54:24,0.74,escalated_to_human,2742,True
AUD-CH-153-Goa-4244,CH-153,Goal Generation Agent,2026-03-01T15:54:39,0.91,completed,1322,False
AUD-CH-153-Mil-1705,CH-153,Milestone Planning Agent,2026-03-01T15:54:48,0.78,completed,835,False
AUD-CH-153-Car-7211,CH-153,Caregiver Guidance Agent,2026-03-01T15:55:01,0.91,completed,1602,False
AUD-CH-153-Eth-2143,CH-153,Ethics and Consent Agent,2026-03-01T15:55:43,0.97,passed,2143,False
AUD-CH-153-Bia-3900,CH-153,Bias Monitoring Agent,2026-03-01T15:55:51,0.95,passed,769,False
AUD-CH-153-Dat-3064,CH-153,Data Quality Agent,2026-03-01T15:55:54,0.94,passed,1803,False
AUD-CH-153-Con-5261,CH-153,Confidence and Abstention Agent,2026-03-01T15:55:58,0.92,passed,507,False
AUD-CH-154-Inp-4211,CH-154,Input Aggregation Agent,2026-03-02T03:26:00,0.96,completed,1090,False
AUD-CH-154-Pro-4568,CH-154,Profile Synthesis Agent,2026-03-02T03:26:25,0.97,completed,1927,False
AUD-CH-154-Pre-3936,CH-154,Prediction Agent,2026-03-02T03:26:33,0.82,completed,1876,False
AUD-CH-154-Dom-1019,CH-154,Domain Analysis Agent,2026-03-02T03:27:01,0.98,completed,4518,False
AUD-CH-154-Gui-7868,CH-154,Guideline Generation Agent,2026-03-02T03:27:44,0.79,completed,2692,False
AUD-CH-154-Goa-7721,CH-154,Goal Generation Agent,2026-03-02T03:28:03,0.88,completed,2048,False
AUD-CH-154-Mil-1091,CH-154,Milestone Planning Agent,2026-03-02T03:28:24,0.81,completed,1547,False
AUD-CH-154-Car-8828,CH-154,Caregiver Guidance Agent,2026-03-02T03:28:49,0.88,completed,2604,False
AUD-CH-154-Eth-1055,CH-154,Ethics and Consent Agent,2026-03-02T03:29:10,0.98,passed,1677,False
AUD-CH-154-Bia-8889,CH-154,Bias Monitoring Agent,2026-03-02T03:29:14,0.97,passed,429,False
AUD-CH-154-Dat-5240,CH-154,Data Quality Agent,2026-03-02T03:29:21,0.93,passed,499,False
AUD-CH-154-Con-7285,CH-154,Confidence and Abstention Agent,2026-03-02T03:29:32,0.96,passed,1116,False
AUD-CH-155-Inp-4142,CH-155,Input Aggregation Agent,2026-03-02T14:33:00,0.73,escalated_to_human,1708,True
AUD-CH-155-Pro-7997,CH-155,Profile Synthesis Agent,2026-03-02T14:33:27,0.94,completed,725,False
AUD-CH-155-Pre-9752,CH-155,Prediction Agent,2026-03-02T14:34:05,0.92,completed,1250,False
AUD-CH-155-Dom-1819,CH-155,Domain Analysis Agent,2026-03-02T14:34:10,0.7,escalated_to_human,1398,True
AUD-CH-155-Gui-4535,CH-155,Guideline Generation Agent,2026-03-02T14:34:43,0.79,completed,1843,False
AUD-CH-155-Goa-9095,CH-155,Goal Generation Agent,2026-03-02T14:35:20,0.72,escalated_to_human,1358,True
AUD-CH-155-Mil-6629,CH-155,Milestone Planning Agent,2026-03-02T14:35:43,0.7,escalated_to_human,1111,True
AUD-CH-155-Car-4049,CH-155,Caregiver Guidance Agent,2026-03-02T14:35:58,0.68,escalated_to_human,1478,True
AUD-CH-155-Eth-6090,CH-155,Ethics and Consent Agent,2026-03-02T14:36:08,0.95,passed,691,False
AUD-CH-155-Bia-2183,CH-155,Bias Monitoring Agent,2026-03-02T14:36:20,0.96,passed,2235,False
AUD-CH-155-Dat-6680,CH-155,Data Quality Agent,2026-03-02T14:36:31,0.93,passed,1677,False
AUD-CH-155-Con-8893,CH-155,Confidence and Abstention Agent,2026-03-02T14:36:37,0.97,passed,1395,False
AUD-CH-156-Inp-9044,CH-156,Input Aggregation Agent,2026-03-02T19:37:00,0.81,completed,3258,False
AUD-CH-156-Pro-3158,CH-156,Profile Synthesis Agent,2026-03-02T19:37:40,0.89,completed,837,False
AUD-CH-156-Pre-2767,CH-156,Prediction Agent,2026-03-02T19:38:22,0.91,completed,5481,False
AUD-CH-156-Dom-6130,CH-156,Domain Analysis Agent,2026-03-02T19:38:25,0.85,completed,5057,False
AUD-CH-156-Gui-8406,CH-156,Guideline Generation Agent,2026-03-02T19:38:51,0.96,completed,1385,False
AUD-CH-156-Goa-4311,CH-156,Goal Generation Agent,2026-03-02T19:39:15,0.82,completed,4055,False
AUD-CH-156-Mil-3836,CH-156,Milestone Planning Agent,2026-03-02T19:39:40,0.91,completed,4588,False
AUD-CH-156-Car-8318,CH-156,Caregiver Guidance Agent,2026-03-02T19:40:13,0.7,escalated_to_human,1798,True
AUD-CH-156-Eth-9327,CH-156,Ethics and Consent Agent,2026-03-02T19:40:21,0.95,passed,786,False
AUD-CH-156-Bia-1645,CH-156,Bias Monitoring Agent,2026-03-02T19:40:32,0.99,passed,241,False
AUD-CH-156-Dat-5572,CH-156,Data Quality Agent,2026-03-02T19:40:37,0.93,passed,2444,False
AUD-CH-156-Con-2297,CH-156,Confidence and Abstention Agent,2026-03-02T19:40:52,0.94,passed,1261,False
AUD-CH-157-Inp-3554,CH-157,Input Aggregation Agent,2026-03-02T13:40:00,0.86,completed,627,False
AUD-CH-157-Pro-7329,CH-157,Profile Synthesis Agent,2026-03-02T13:40:13,0.96,completed,4550,False
AUD-CH-157-Pre-6513,CH-157,Prediction Agent,2026-03-02T13:40:22,0.98,completed,2397,False
AUD-CH-157-Dom-8595,CH-157,Domain Analysis Agent,2026-03-02T13:40:54,0.85,completed,308,False
AUD-CH-157-Gui-4244,CH-157,Guideline Generation Agent,2026-03-02T13:41:02,0.73,escalated_to_human,342,True
AUD-CH-157-Goa-6577,CH-157,Goal Generation Agent,2026-03-02T13:41:28,0.96,completed,3151,False
AUD-CH-157-Mil-2845,CH-157,Milestone Planning Agent,2026-03-02T13:41:31,0.72,escalated_to_human,247,True
AUD-CH-157-Car-3786,CH-157,Caregiver Guidance Agent,2026-03-02T13:41:52,0.95,completed,489,False
AUD-CH-157-Eth-5370,CH-157,Ethics and Consent Agent,2026-03-02T13:42:32,0.98,passed,317,False
AUD-CH-157-Bia-5892,CH-157,Bias Monitoring Agent,2026-03-02T13:42:45,0.97,passed,2104,False
AUD-CH-157-Dat-2351,CH-157,Data Quality Agent,2026-03-02T13:42:56,0.93,passed,1472,False
AUD-CH-157-Con-9026,CH-157,Confidence and Abstention Agent,2026-03-02T13:42:58,0.92,passed,823,False
AUD-CH-158-Inp-2737,CH-158,Input Aggregation Agent,2026-03-01T09:51:00,0.98,completed,5649,False
AUD-CH-158-Pro-8007,CH-158,Profile Synthesis Agent,2026-03-01T09:51:34,0.84,completed,4422,False
AUD-CH-158-Pre-3074,CH-158,Prediction Agent,2026-03-01T09:51:56,0.97,completed,3187,False
AUD-CH-158-Dom-9084,CH-158,Domain Analysis Agent,2026-03-01T09:52:05,0.8,completed,5203,False
AUD-CH-158-Gui-6295,CH-158,Guideline Generation Agent,2026-03-01T09:52:08,0.89,completed,5058,False
AUD-CH-158-Goa-9530,CH-158,Goal Generation Agent,2026-03-01T09:52:44,0.81,completed,851,False
AUD-CH-158-Mil-7604,CH-158,Milestone Planning Agent,2026-03-01T09:53:11,0.85,completed,3385,False
AUD-CH-158-Car-6520,CH-158,Caregiver Guidance Agent,2026-03-01T09:53:22,0.77,completed,4965,False
AUD-CH-158-Eth-9128,CH-158,Ethics and Consent Agent,2026-03-01T09:53:35,0.92,passed,1868,False
AUD-CH-158-Bia-7629,CH-158,Bias Monitoring Agent,2026-03-01T09:53:46,0.96,passed,1030,False
AUD-CH-158-Dat-6457,CH-158,Data Quality Agent,2026-03-01T09:53:54,0.92,passed,2285,False
AUD-CH-158-Con-1062,CH-158,Confidence and Abstention Agent,2026-03-01T09:54:08,0.92,passed,893,False
AUD-CH-159-Inp-6451,CH-159,Input Aggregation Agent,2026-03-01T14:29:00,0.69,escalated_to_human,3659,True
AUD-CH-159-Pro-9400,CH-159,Profile Synthesis Agent,2026-03-01T14:29:17,0.99,completed,3906,False
AUD-CH-159-Pre-1861,CH-159,Prediction Agent,2026-03-01T14:29:55,0.73,escalated_to_human,3505,True
AUD-CH-159-Dom-8972,CH-159,Domain Analysis Agent,2026-03-01T14:30:34,0.92,completed,371,False
AUD-CH-159-Gui-6464,CH-159,Guideline Generation Agent,2026-03-01T14:30:41,0.93,completed,3658,False
AUD-CH-159-Goa-8014,CH-159,Goal Generation Agent,2026-03-01T14:30:45,0.83,completed,2795,False
AUD-CH-159-Mil-6152,CH-159,Milestone Planning Agent,2026-03-01T14:31:21,0.94,completed,3397,False
AUD-CH-159-Car-9773,CH-159,Caregiver Guidance Agent,2026-03-01T14:31:27,0.84,completed,2688,False
AUD-CH-159-Eth-2458,CH-159,Ethics and Consent Agent,2026-03-01T14:31:57,0.97,passed,558,False
AUD-CH-159-Bia-8747,CH-159,Bias Monitoring Agent,2026-03-01T14:32:02,0.97,passed,1291,False
AUD-CH-159-Dat-7720,CH-159,Data Quality Agent,2026-03-01T14:32:08,0.91,passed,788,False
AUD-CH-159-Con-1699,CH-159,Confidence and Abstention Agent,2026-03-01T14:32:16,0.92,passed,426,False
AUD-CH-160-Inp-4505,CH-160,Input Aggregation Agent,2026-03-01T22:39:00,0.81,completed,1809,False
AUD-CH-160-Pro-9624,CH-160,Profile Synthesis Agent,2026-03-01T22:39:04,0.97,completed,2832,False
AUD-CH-160-Pre-9329,CH-160,Prediction Agent,2026-03-01T22:39:13,0.94,completed,1840,False
AUD-CH-160-Dom-7039,CH-160,Domain Analysis Agent,2026-03-01T22:39:28,0.99,completed,705,False
AUD-CH-160-Gui-1987,CH-160,Guideline Generation Agent,2026-03-01T22:39:42,0.79,completed,3363,False
AUD-CH-160-Goa-9329,CH-160,Goal Generation Agent,2026-03-01T22:40:20,0.83,completed,709,False
AUD-CH-160-Mil-4509,CH-160,Milestone Planning Agent,2026-03-01T22:41:05,0.94,completed,2475,False
AUD-CH-160-Car-2009,CH-160,Caregiver Guidance Agent,2026-03-01T22:41:41,0.85,completed,4106,False
AUD-CH-160-Eth-1196,CH-160,Ethics and Consent Agent,2026-03-01T22:41:45,0.94,passed,188,False
AUD-CH-160-Bia-1111,CH-160,Bias Monitoring Agent,2026-03-01T22:41:55,0.96,passed,328,False
AUD-CH-160-Dat-8299,CH-160,Data Quality Agent,2026-03-01T22:42:05,0.99,passed,1064,False
AUD-CH-160-Con-4463,CH-160,Confidence and Abstention Agent,2026-03-01T22:42:17,0.98,passed,2491,False
AUD-CH-161-Inp-9117,CH-161,Input Aggregation Agent,2026-03-01T11:23:00,0.87,completed,1187,False
AUD-CH-161-Pro-1730,CH-161,Profile Synthesis Agent,2026-03-01T11:23:45,0.81,completed,2443,False
AUD-CH-161-Pre-5975,CH-161,Prediction Agent,2026-03-01T11:23:53,0.75,completed,3189,False
AUD-CH-161-Dom-2776,CH-161,Domain Analysis Agent,2026-03-01T11:24:37,0.77,completed,2207,False
AUD-CH-161-Gui-1869,CH-161,Guideline Generation Agent,2026-03-01T11:24:45,0.86,completed,3405,False
AUD-CH-161-Goa-4731,CH-161,Goal Generation Agent,2026-03-01T11:25:02,0.92,completed,1767,False
AUD-CH-161-Mil-6297,CH-161,Milestone Planning Agent,2026-03-01T11:25:23,0.73,escalated_to_human,1700,True
AUD-CH-161-Car-5825,CH-161,Caregiver Guidance Agent,2026-03-01T11:25:52,0.94,completed,1477,False
AUD-CH-161-Eth-2156,CH-161,Ethics and Consent Agent,2026-03-01T11:26:15,0.94,passed,535,False
AUD-CH-161-Bia-8962,CH-161,Bias Monitoring Agent,2026-03-01T11:26:28,0.94,passed,1211,False
AUD-CH-161-Dat-4536,CH-161,Data Quality Agent,2026-03-01T11:26:36,0.98,passed,1861,False
AUD-CH-161-Con-7933,CH-161,Confidence and Abstention Agent,2026-03-01T11:26:51,0.97,passed,1805,False
AUD-CH-162-Inp-8281,CH-162,Input Aggregation Agent,2026-03-02T18:05:00,0.75,completed,2725,False
AUD-CH-162-Pro-9070,CH-162,Profile Synthesis Agent,2026-03-02T18:05:08,0.87,completed,3774,False
AUD-CH-162-Pre-7467,CH-162,Prediction Agent,2026-03-02T18:05:30,0.94,completed,5112,False
AUD-CH-162-Dom-7032,CH-162,Domain Analysis Agent,2026-03-02T18:06:12,0.7,escalated_to_human,373,True
AUD-CH-162-Gui-5753,CH-162,Guideline Generation Agent,2026-03-02T18:06:30,0.88,completed,4761,False
AUD-CH-162-Goa-6605,CH-162,Goal Generation Agent,2026-03-02T18:07:01,0.73,escalated_to_human,4417,True
AUD-CH-162-Mil-2489,CH-162,Milestone Planning Agent,2026-03-02T18:07:24,0.73,escalated_to_human,1224,True
AUD-CH-162-Car-1356,CH-162,Caregiver Guidance Agent,2026-03-02T18:07:57,0.97,completed,1806,False
AUD-CH-162-Eth-8803,CH-162,Ethics and Consent Agent,2026-03-02T18:08:14,0.91,passed,509,False
AUD-CH-162-Bia-6023,CH-162,Bias Monitoring Agent,2026-03-02T18:08:24,0.98,passed,426,False
AUD-CH-162-Dat-8974,CH-162,Data Quality Agent,2026-03-02T18:08:39,0.99,passed,179,False
AUD-CH-162-Con-9492,CH-162,Confidence and Abstention Agent,2026-03-02T18:08:41,0.99,passed,718,False
AUD-CH-163-Inp-9098,CH-163,Input Aggregation Agent,2026-03-02T07:50:00,0.79,completed,4333,False
AUD-CH-163-Pro-9671,CH-163,Profile Synthesis Agent,2026-03-02T07:50:03,0.77,completed,5669,False
AUD-CH-163-Pre-4854,CH-163,Prediction Agent,2026-03-02T07:50:11,0.95,completed,1377,False
AUD-CH-163-Dom-8947,CH-163,Domain Analysis Agent,2026-03-02T07:50:51,0.9,completed,2718,False
AUD-CH-163-Gui-2564,CH-163,Guideline Generation Agent,2026-03-02T07:51:03,0.98,completed,2036,False
AUD-CH-163-Goa-2201,CH-163,Goal Generation Agent,2026-03-02T07:51:15,0.76,completed,2361,False
AUD-CH-163-Mil-5946,CH-163,Milestone Planning Agent,2026-03-02T07:51:37,0.94,completed,464,False
AUD-CH-163-Car-6284,CH-163,Caregiver Guidance Agent,2026-03-02T07:52:04,0.78,completed,4825,False
AUD-CH-163-Eth-2434,CH-163,Ethics and Consent Agent,2026-03-02T07:52:20,0.98,passed,1573,False
AUD-CH-163-Bia-7365,CH-163,Bias Monitoring Agent,2026-03-02T07:52:23,0.67,flagged_for_review,1117,True
AUD-CH-163-Dat-3627,CH-163,Data Quality Agent,2026-03-02T07:52:25,0.91,passed,1294,False
AUD-CH-163-Con-1499,CH-163,Confidence and Abstention Agent,2026-03-02T07:52:36,0.98,passed,1092,False
AUD-CH-164-Inp-1096,CH-164,Input Aggregation Agent,2026-03-02T17:22:00,0.74,escalated_to_human,4678,True
AUD-CH-164-Pro-3530,CH-164,Profile Synthesis Agent,2026-03-02T17:22:40,0.72,escalated_to_human,5430,True
AUD-CH-164-Pre-9474,CH-164,Prediction Agent,2026-03-02T17:23:20,0.71,escalated_to_human,481,True
AUD-CH-164-Dom-3008,CH-164,Domain Analysis Agent,2026-03-02T17:23:33,0.75,completed,461,False
AUD-CH-164-Gui-8541,CH-164,Guideline Generation Agent,2026-03-02T17:24:06,0.7,escalated_to_human,5369,True
AUD-CH-164-Goa-1521,CH-164,Goal Generation Agent,2026-03-02T17:24:19,0.71,escalated_to_human,178,True
AUD-CH-164-Mil-5954,CH-164,Milestone Planning Agent,2026-03-02T17:24:48,0.9,completed,2308,False
AUD-CH-164-Car-7802,CH-164,Caregiver Guidance Agent,2026-03-02T17:24:59,0.87,completed,3147,False
AUD-CH-164-Eth-7887,CH-164,Ethics and Consent Agent,2026-03-02T17:25:36,0.94,passed,81,False
AUD-CH-164-Bia-2014,CH-164,Bias Monitoring Agent,2026-03-02T17:25:47,0.72,flagged_for_review,460,True
AUD-CH-164-Dat-8902,CH-164,Data Quality Agent,2026-03-02T17:26:02,0.97,passed,1290,False
AUD-CH-164-Con-5806,CH-164,Confidence and Abstention Agent,2026-03-02T17:26:08,0.95,passed,587,False
AUD-CH-165-Inp-3249,CH-165,Input Aggregation Agent,2026-03-01T09:48:00,0.85,completed,4515,False
AUD-CH-165-Pro-9099,CH-165,Profile Synthesis Agent,2026-03-01T09:48:36,0.87,completed,4998,False
AUD-CH-165-Pre-6996,CH-165,Prediction Agent,2026-03-01T09:49:21,0.88,completed,1751,False
AUD-CH-165-Dom-7656,CH-165,Domain Analysis Agent,2026-03-01T09:49:29,0.85,completed,4711,False
AUD-CH-165-Gui-3961,CH-165,Guideline Generation Agent,2026-03-01T09:49:57,0.74,escalated_to_human,632,True
AUD-CH-165-Goa-7668,CH-165,Goal Generation Agent,2026-03-01T09:50:36,0.73,escalated_to_human,333,True
AUD-CH-165-Mil-4666,CH-165,Milestone Planning Agent,2026-03-01T09:50:43,0.75,completed,2979,False
AUD-CH-165-Car-3946,CH-165,Caregiver Guidance Agent,2026-03-01T09:51:22,0.91,completed,612,False
AUD-CH-165-Eth-6372,CH-165,Ethics and Consent Agent,2026-03-01T09:51:52,0.93,passed,1120,False
AUD-CH-165-Bia-6037,CH-165,Bias Monitoring Agent,2026-03-01T09:51:56,0.93,passed,686,False
AUD-CH-165-Dat-1365,CH-165,Data Quality Agent,2026-03-01T09:52:03,0.61,flagged_for_review,492,True
AUD-CH-165-Con-8273,CH-165,Confidence and Abstention Agent,2026-03-01T09:52:14,0.93,passed,802,False
AUD-CH-166-Inp-8172,CH-166,Input Aggregation Agent,2026-03-02T14:07:00,0.91,completed,2144,False
AUD-CH-166-Pro-8614,CH-166,Profile Synthesis Agent,2026-03-02T14:07:19,0.94,completed,1953,False
AUD-CH-166-Pre-6484,CH-166,Prediction Agent,2026-03-02T14:07:41,0.82,completed,3377,False
AUD-CH-166-Dom-7641,CH-166,Domain Analysis Agent,2026-03-02T14:08:23,0.92,completed,5758,False
AUD-CH-166-Gui-1116,CH-166,Guideline Generation Agent,2026-03-02T14:08:46,0.83,completed,1598,False
AUD-CH-166-Goa-6261,CH-166,Goal Generation Agent,2026-03-02T14:08:55,0.77,completed,442,False
AUD-CH-166-Mil-1118,CH-166,Milestone Planning Agent,2026-03-02T14:09:33,0.75,completed,538,False
AUD-CH-166-Car-8021,CH-166,Caregiver Guidance Agent,2026-03-02T14:09:57,0.69,escalated_to_human,2160,True
AUD-CH-166-Eth-1259,CH-166,Ethics and Consent Agent,2026-03-02T14:10:09,0.94,passed,1716,False
AUD-CH-166-Bia-5865,CH-166,Bias Monitoring Agent,2026-03-02T14:10:13,0.92,passed,2310,False
AUD-CH-166-Dat-1178,CH-166,Data Quality Agent,2026-03-02T14:10:19,0.95,passed,1080,False
AUD-CH-166-Con-9998,CH-166,Confidence and Abstention Agent,2026-03-02T14:10:31,0.97,passed,1140,False
AUD-CH-167-Inp-8635,CH-167,Input Aggregation Agent,2026-03-02T17:12:00,0.97,completed,2336,False
AUD-CH-167-Pro-1960,CH-167,Profile Synthesis Agent,2026-03-02T17:12:18,0.69,escalated_to_human,4038,True
AUD-CH-167-Pre-6708,CH-167,Prediction Agent,2026-03-02T17:13:01,0.82,completed,3639,False
AUD-CH-167-Dom-8344,CH-167,Domain Analysis Agent,2026-03-02T17:13:34,0.94,completed,3000,False
AUD-CH-167-Gui-6778,CH-167,Guideline Generation Agent,2026-03-02T17:13:48,0.75,completed,2463,False
AUD-CH-167-Goa-1418,CH-167,Goal Generation Agent,2026-03-02T17:14:09,0.83,completed,4844,False
AUD-CH-167-Mil-7102,CH-167,Milestone Planning Agent,2026-03-02T17:14:20,0.74,escalated_to_human,4494,True
AUD-CH-167-Car-1092,CH-167,Caregiver Guidance Agent,2026-03-02T17:14:26,0.74,escalated_to_human,1787,True
AUD-CH-167-Eth-6553,CH-167,Ethics and Consent Agent,2026-03-02T17:14:55,0.95,passed,1141,False
AUD-CH-167-Bia-3128,CH-167,Bias Monitoring Agent,2026-03-02T17:14:59,0.98,passed,1275,False
AUD-CH-167-Dat-2998,CH-167,Data Quality Agent,2026-03-02T17:15:02,0.98,passed,284,False
AUD-CH-167-Con-1560,CH-167,Confidence and Abstention Agent,2026-03-02T17:15:06,0.96,passed,2373,False
AUD-CH-168-Inp-1241,CH-168,Input Aggregation Agent,2026-03-03T06:14:00,0.95,completed,3404,False
AUD-CH-168-Pro-8196,CH-168,Profile Synthesis Agent,2026-03-03T06:14:04,0.94,completed,5704,False
AUD-CH-168-Pre-3558,CH-168,Prediction Agent,2026-03-03T06:14:41,0.92,completed,930,False
AUD-CH-168-Dom-3024,CH-168,Domain Analysis Agent,2026-03-03T06:15:16,0.88,completed,2073,False
AUD-CH-168-Gui-6581,CH-168,Guideline Generation Agent,2026-03-03T06:15:24,0.96,completed,522,False
AUD-CH-168-Goa-9755,CH-168,Goal Generation Agent,2026-03-03T06:15:36,0.88,completed,3715,False
AUD-CH-168-Mil-9941,CH-168,Milestone Planning Agent,2026-03-03T06:15:50,0.91,completed,820,False
AUD-CH-168-Car-5614,CH-168,Caregiver Guidance Agent,2026-03-03T06:16:00,0.78,completed,4571,False
AUD-CH-168-Eth-4294,CH-168,Ethics and Consent Agent,2026-03-03T06:16:23,0.95,passed,1556,False
AUD-CH-168-Bia-9876,CH-168,Bias Monitoring Agent,2026-03-03T06:16:37,0.94,passed,176,False
AUD-CH-168-Dat-6227,CH-168,Data Quality Agent,2026-03-03T06:16:43,0.97,passed,1381,False
AUD-CH-168-Con-6298,CH-168,Confidence and Abstention Agent,2026-03-03T06:16:57,0.97,passed,1847,False
AUD-CH-169-Inp-5194,CH-169,Input Aggregation Agent,2026-03-03T02:06:00,0.91,completed,1093,False
AUD-CH-169-Pro-6549,CH-169,Profile Synthesis Agent,2026-03-03T02:06:37,0.7,escalated_to_human,776,True
AUD-CH-169-Pre-6577,CH-169,Prediction Agent,2026-03-03T02:06:53,0.85,completed,3310,False
AUD-CH-169-Dom-4659,CH-169,Domain Analysis Agent,2026-03-03T02:07:11,0.71,escalated_to_human,4873,True
AUD-CH-169-Gui-5233,CH-169,Guideline Generation Agent,2026-03-03T02:07:23,0.76,completed,945,False
AUD-CH-169-Goa-6584,CH-169,Goal Generation Agent,2026-03-03T02:07:39,0.91,completed,5664,False
AUD-CH-169-Mil-7149,CH-169,Milestone Planning Agent,2026-03-03T02:07:45,0.9,completed,1809,False
AUD-CH-169-Car-5291,CH-169,Caregiver Guidance Agent,2026-03-03T02:08:05,0.98,completed,1295,False
AUD-CH-169-Eth-9755,CH-169,Ethics and Consent Agent,2026-03-03T02:08:19,0.96,passed,457,False
AUD-CH-169-Bia-7859,CH-169,Bias Monitoring Agent,2026-03-03T02:08:24,0.97,passed,1910,False
AUD-CH-169-Dat-4531,CH-169,Data Quality Agent,2026-03-03T02:08:35,0.98,passed,2221,False
AUD-CH-169-Con-9363,CH-169,Confidence and Abstention Agent,2026-03-03T02:08:49,0.91,passed,1896,False
AUD-CH-170-Inp-5411,CH-170,Input Aggregation Agent,2026-03-01T11:19:00,0.86,completed,287,False
AUD-CH-170-Pro-8914,CH-170,Profile Synthesis Agent,2026-03-01T11:19:30,0.8,completed,5057,False
AUD-CH-170-Pre-2557,CH-170,Prediction Agent,2026-03-01T11:19:54,0.69,escalated_to_human,5874,True
AUD-CH-170-Dom-6483,CH-170,Domain Analysis Agent,2026-03-01T11:20:04,0.72,escalated_to_human,2287,True
AUD-CH-170-Gui-5916,CH-170,Guideline Generation Agent,2026-03-01T11:20:37,0.89,completed,4073,False
AUD-CH-170-Goa-4264,CH-170,Goal Generation Agent,2026-03-01T11:20:48,0.7,escalated_to_human,2175,True
AUD-CH-170-Mil-2704,CH-170,Milestone Planning Agent,2026-03-01T11:21:09,0.96,completed,5611,False
AUD-CH-170-Car-3247,CH-170,Caregiver Guidance Agent,2026-03-01T11:21:13,0.95,completed,4224,False
AUD-CH-170-Eth-3736,CH-170,Ethics and Consent Agent,2026-03-01T11:21:19,0.98,passed,1730,False
AUD-CH-170-Bia-5925,CH-170,Bias Monitoring Agent,2026-03-01T11:21:22,0.93,passed,154,False
AUD-CH-170-Dat-8432,CH-170,Data Quality Agent,2026-03-01T11:21:37,0.97,passed,610,False
AUD-CH-170-Con-2164,CH-170,Confidence and Abstention Agent,2026-03-01T11:21:42,0.87,flagged_for_review,1594,True
AUD-CH-171-Inp-9800,CH-171,Input Aggregation Agent,2026-03-01T22:45:00,0.85,completed,4935,False
AUD-CH-171-Pro-6440,CH-171,Profile Synthesis Agent,2026-03-01T22:45:09,0.69,escalated_to_human,275,True
AUD-CH-171-Pre-3764,CH-171,Prediction Agent,2026-03-01T22:45:18,0.91,completed,2759,False
AUD-CH-171-Dom-7730,CH-171,Domain Analysis Agent,2026-03-01T22:45:44,0.69,escalated_to_human,983,True
AUD-CH-171-Gui-2188,CH-171,Guideline Generation Agent,2026-03-01T22:46:10,0.92,completed,679,False
AUD-CH-171-Goa-9203,CH-171,Goal Generation Agent,2026-03-01T22:46:37,0.83,completed,1363,False
AUD-CH-171-Mil-4119,CH-171,Milestone Planning Agent,2026-03-01T22:46:46,0.92,completed,3039,False
AUD-CH-171-Car-2259,CH-171,Caregiver Guidance Agent,2026-03-01T22:47:30,0.71,escalated_to_human,3434,True
AUD-CH-171-Eth-8674,CH-171,Ethics and Consent Agent,2026-03-01T22:47:36,0.94,passed,570,False
AUD-CH-171-Bia-1579,CH-171,Bias Monitoring Agent,2026-03-01T22:47:38,0.96,passed,1578,False
AUD-CH-171-Dat-2081,CH-171,Data Quality Agent,2026-03-01T22:47:51,0.99,passed,1928,False
AUD-CH-171-Con-5260,CH-171,Confidence and Abstention Agent,2026-03-01T22:47:58,0.92,passed,1260,False
AUD-CH-172-Inp-2702,CH-172,Input Aggregation Agent,2026-03-02T06:03:00,0.82,completed,2669,False
AUD-CH-172-Pro-9997,CH-172,Profile Synthesis Agent,2026-03-02T06:03:04,0.87,completed,2281,False
AUD-CH-172-Pre-3459,CH-172,Prediction Agent,2026-03-02T06:03:21,0.8,completed,1292,False
AUD-CH-172-Dom-3791,CH-172,Domain Analysis Agent,2026-03-02T06:03:31,0.76,completed,955,False
AUD-CH-172-Gui-8302,CH-172,Guideline Generation Agent,2026-03-02T06:03:42,0.81,completed,4095,False
AUD-CH-172-Goa-6834,CH-172,Goal Generation Agent,2026-03-02T06:04:20,0.83,completed,4562,False
AUD-CH-172-Mil-5883,CH-172,Milestone Planning Agent,2026-03-02T06:04:49,0.7,escalated_to_human,1455,True
AUD-CH-172-Car-4785,CH-172,Caregiver Guidance Agent,2026-03-02T06:05:21,0.84,completed,3448,False
AUD-CH-172-Eth-3700,CH-172,Ethics and Consent Agent,2026-03-02T06:05:38,0.94,passed,2165,False
AUD-CH-172-Bia-9735,CH-172,Bias Monitoring Agent,2026-03-02T06:05:44,0.94,passed,2183,False
AUD-CH-172-Dat-8414,CH-172,Data Quality Agent,2026-03-02T06:05:47,0.95,passed,1974,False
AUD-CH-172-Con-6230,CH-172,Confidence and Abstention Agent,2026-03-02T06:05:52,0.92,passed,824,False
AUD-CH-173-Inp-3225,CH-173,Input Aggregation Agent,2026-03-02T14:58:00,0.73,escalated_to_human,3665,True
AUD-CH-173-Pro-2649,CH-173,Profile Synthesis Agent,2026-03-02T14:58:43,0.9,completed,5379,False
AUD-CH-173-Pre-5613,CH-173,Prediction Agent,2026-03-02T14:59:04,0.78,completed,579,False
AUD-CH-173-Dom-9853,CH-173,Domain Analysis Agent,2026-03-02T14:59:29,0.86,completed,5212,False
AUD-CH-173-Gui-9617,CH-173,Guideline Generation Agent,2026-03-02T14:59:53,0.98,completed,1397,False
AUD-CH-173-Goa-8389,CH-173,Goal Generation Agent,2026-03-02T15:00:21,0.73,escalated_to_human,4921,True
AUD-CH-173-Mil-9811,CH-173,Milestone Planning Agent,2026-03-02T15:00:44,0.79,completed,536,False
AUD-CH-173-Car-4485,CH-173,Caregiver Guidance Agent,2026-03-02T15:00:58,0.91,completed,1211,False
AUD-CH-173-Eth-4276,CH-173,Ethics and Consent Agent,2026-03-02T15:01:37,0.92,passed,654,False
AUD-CH-173-Bia-4092,CH-173,Bias Monitoring Agent,2026-03-02T15:01:41,0.94,passed,982,False
AUD-CH-173-Dat-5281,CH-173,Data Quality Agent,2026-03-02T15:01:55,0.93,passed,1174,False
AUD-CH-173-Con-7946,CH-173,Confidence and Abstention Agent,2026-03-02T15:02:10,0.96,passed,1729,False
AUD-CH-174-Inp-2883,CH-174,Input Aggregation Agent,2026-03-02T03:10:00,0.82,completed,2504,False
AUD-CH-174-Pro-3969,CH-174,Profile Synthesis Agent,2026-03-02T03:10:11,0.98,completed,1533,False
AUD-CH-174-Pre-4382,CH-174,Prediction Agent,2026-03-02T03:10:45,0.87,completed,5911,False
AUD-CH-174-Dom-6126,CH-174,Domain Analysis Agent,2026-03-02T03:11:19,0.89,completed,1361,False
AUD-CH-174-Gui-6821,CH-174,Guideline Generation Agent,2026-03-02T03:11:36,0.95,completed,773,False
AUD-CH-174-Goa-1492,CH-174,Goal Generation Agent,2026-03-02T03:11:46,0.84,completed,4372,False
AUD-CH-174-Mil-1510,CH-174,Milestone Planning Agent,2026-03-02T03:11:49,0.93,completed,921,False
AUD-CH-174-Car-8294,CH-174,Caregiver Guidance Agent,2026-03-02T03:12:26,0.69,escalated_to_human,3625,True
AUD-CH-174-Eth-1183,CH-174,Ethics and Consent Agent,2026-03-02T03:13:01,0.93,passed,446,False
AUD-CH-174-Bia-1940,CH-174,Bias Monitoring Agent,2026-03-02T03:13:09,0.95,passed,1007,False
AUD-CH-174-Dat-8085,CH-174,Data Quality Agent,2026-03-02T03:13:11,0.97,passed,1412,False
AUD-CH-174-Con-3894,CH-174,Confidence and Abstention Agent,2026-03-02T03:13:25,0.96,passed,1503,False
AUD-CH-175-Inp-7774,CH-175,Input Aggregation Agent,2026-03-02T09:09:00,0.94,completed,1767,False
AUD-CH-175-Pro-2334,CH-175,Profile Synthesis Agent,2026-03-02T09:09:32,0.91,completed,5766,False
AUD-CH-175-Pre-7749,CH-175,Prediction Agent,2026-03-02T09:09:58,0.94,completed,1435,False
AUD-CH-175-Dom-7768,CH-175,Domain Analysis Agent,2026-03-02T09:10:38,0.89,completed,4931,False
AUD-CH-175-Gui-8712,CH-175,Guideline Generation Agent,2026-03-02T09:10:43,0.7,escalated_to_human,4005,True
AUD-CH-175-Goa-9038,CH-175,Goal Generation Agent,2026-03-02T09:11:17,0.77,completed,2882,False
AUD-CH-175-Mil-9760,CH-175,Milestone Planning Agent,2026-03-02T09:12:01,0.97,completed,1585,False
AUD-CH-175-Car-5665,CH-175,Caregiver Guidance Agent,2026-03-02T09:12:16,0.94,completed,2722,False
AUD-CH-175-Eth-4237,CH-175,Ethics and Consent Agent,2026-03-02T09:12:25,0.92,passed,1887,False
AUD-CH-175-Bia-2766,CH-175,Bias Monitoring Agent,2026-03-02T09:12:27,0.95,passed,1077,False
AUD-CH-175-Dat-1034,CH-175,Data Quality Agent,2026-03-02T09:12:36,0.91,passed,705,False
AUD-CH-175-Con-6632,CH-175,Confidence and Abstention Agent,2026-03-02T09:12:50,0.92,passed,823,False
AUD-CH-176-Inp-6337,CH-176,Input Aggregation Agent,2026-03-01T11:06:00,0.71,escalated_to_human,2534,True
AUD-CH-176-Pro-8073,CH-176,Profile Synthesis Agent,2026-03-01T11:06:24,0.98,completed,4496,False
AUD-CH-176-Pre-1776,CH-176,Prediction Agent,2026-03-01T11:06:44,0.76,completed,2658,False
AUD-CH-176-Dom-7967,CH-176,Domain Analysis Agent,2026-03-01T11:07:02,0.81,completed,2259,False
AUD-CH-176-Gui-5134,CH-176,Guideline Generation Agent,2026-03-01T11:07:18,0.8,completed,4859,False
AUD-CH-176-Goa-5441,CH-176,Goal Generation Agent,2026-03-01T11:07:23,0.94,completed,1972,False
AUD-CH-176-Mil-5669,CH-176,Milestone Planning Agent,2026-03-01T11:08:02,0.89,completed,5899,False
AUD-CH-176-Car-8370,CH-176,Caregiver Guidance Agent,2026-03-01T11:08:22,0.94,completed,2915,False
AUD-CH-176-Eth-4790,CH-176,Ethics and Consent Agent,2026-03-01T11:08:36,0.98,passed,2083,False
AUD-CH-176-Bia-9616,CH-176,Bias Monitoring Agent,2026-03-01T11:08:49,0.99,passed,566,False
AUD-CH-176-Dat-9875,CH-176,Data Quality Agent,2026-03-01T11:09:03,0.94,passed,1231,False
AUD-CH-176-Con-3400,CH-176,Confidence and Abstention Agent,2026-03-01T11:09:11,0.92,passed,1677,False
AUD-CH-177-Inp-6257,CH-177,Input Aggregation Agent,2026-03-02T08:57:00,0.78,completed,4860,False
AUD-CH-177-Pro-7234,CH-177,Profile Synthesis Agent,2026-03-02T08:57:35,0.87,completed,2082,False
AUD-CH-177-Pre-3085,CH-177,Prediction Agent,2026-03-02T08:58:20,0.84,completed,5961,False
AUD-CH-177-Dom-6837,CH-177,Domain Analysis Agent,2026-03-02T08:58:44,0.77,completed,291,False
AUD-CH-177-Gui-9296,CH-177,Guideline Generation Agent,2026-03-02T08:58:50,0.71,escalated_to_human,2435,True
AUD-CH-177-Goa-6766,CH-177,Goal Generation Agent,2026-03-02T08:59:28,0.96,completed,4621,False
AUD-CH-177-Mil-4039,CH-177,Milestone Planning Agent,2026-03-02T08:59:53,0.71,escalated_to_human,1940,True
AUD-CH-177-Car-7254,CH-177,Caregiver Guidance Agent,2026-03-02T09:00:33,0.89,completed,1703,False
AUD-CH-177-Eth-4236,CH-177,Ethics and Consent Agent,2026-03-02T09:01:05,0.95,passed,1480,False
AUD-CH-177-Bia-4426,CH-177,Bias Monitoring Agent,2026-03-02T09:01:19,0.97,passed,592,False
AUD-CH-177-Dat-8852,CH-177,Data Quality Agent,2026-03-02T09:01:23,0.66,flagged_for_review,1599,True
AUD-CH-177-Con-1837,CH-177,Confidence and Abstention Agent,2026-03-02T09:01:34,0.95,passed,1226,False
AUD-CH-178-Inp-5741,CH-178,Input Aggregation Agent,2026-03-02T02:18:00,0.89,completed,5179,False
AUD-CH-178-Pro-3985,CH-178,Profile Synthesis Agent,2026-03-02T02:18:07,0.83,completed,4810,False
AUD-CH-178-Pre-4956,CH-178,Prediction Agent,2026-03-02T02:18:10,0.82,completed,2797,False
AUD-CH-178-Dom-4574,CH-178,Domain Analysis Agent,2026-03-02T02:18:49,0.84,completed,4803,False
AUD-CH-178-Gui-6101,CH-178,Guideline Generation Agent,2026-03-02T02:19:11,0.83,completed,3507,False
AUD-CH-178-Goa-5459,CH-178,Goal Generation Agent,2026-03-02T02:19:52,0.8,completed,2442,False
AUD-CH-178-Mil-8487,CH-178,Milestone Planning Agent,2026-03-02T02:20:24,0.9,completed,1423,False
AUD-CH-178-Car-9496,CH-178,Caregiver Guidance Agent,2026-03-02T02:20:31,0.92,completed,743,False
AUD-CH-178-Eth-6311,CH-178,Ethics and Consent Agent,2026-03-02T02:21:04,0.94,passed,850,False
AUD-CH-178-Bia-3812,CH-178,Bias Monitoring Agent,2026-03-02T02:21:07,0.98,passed,839,False
AUD-CH-178-Dat-2317,CH-178,Data Quality Agent,2026-03-02T02:21:17,0.94,passed,752,False
AUD-CH-178-Con-9985,CH-178,Confidence and Abstention Agent,2026-03-02T02:21:30,0.92,passed,693,False
AUD-CH-179-Inp-4178,CH-179,Input Aggregation Agent,2026-03-02T05:30:00,0.75,completed,3890,False
AUD-CH-179-Pro-7552,CH-179,Profile Synthesis Agent,2026-03-02T05:30:31,0.68,escalated_to_human,5923,True
AUD-CH-179-Pre-4711,CH-179,Prediction Agent,2026-03-02T05:31:13,0.88,completed,3495,False
AUD-CH-179-Dom-2547,CH-179,Domain Analysis Agent,2026-03-02T05:31:37,0.76,completed,2778,False
AUD-CH-179-Gui-5164,CH-179,Guideline Generation Agent,2026-03-02T05:32:05,0.84,completed,438,False
AUD-CH-179-Goa-7383,CH-179,Goal Generation Agent,2026-03-02T05:32:28,0.87,completed,2421,False
AUD-CH-179-Mil-6154,CH-179,Milestone Planning Agent,2026-03-02T05:32:38,0.89,completed,5390,False
AUD-CH-179-Car-7811,CH-179,Caregiver Guidance Agent,2026-03-02T05:33:07,0.78,completed,3665,False
AUD-CH-179-Eth-1177,CH-179,Ethics and Consent Agent,2026-03-02T05:33:19,0.96,passed,2296,False
AUD-CH-179-Bia-1044,CH-179,Bias Monitoring Agent,2026-03-02T05:33:34,0.96,passed,535,False
AUD-CH-179-Dat-3990,CH-179,Data Quality Agent,2026-03-02T05:33:49,0.95,passed,1092,False
AUD-CH-179-Con-4101,CH-179,Confidence and Abstention Agent,2026-03-02T05:34:02,0.98,passed,1231,False
AUD-CH-180-Inp-9562,CH-180,Input Aggregation Agent,2026-03-02T11:28:00,0.73,escalated_to_human,248,True
AUD-CH-180-Pro-7180,CH-180,Profile Synthesis Agent,2026-03-02T11:28:32,0.77,completed,3633,False
AUD-CH-180-Pre-2481,CH-180,Prediction Agent,2026-03-02T11:28:55,0.93,completed,5358,False
AUD-CH-180-Dom-6142,CH-180,Domain Analysis Agent,2026-03-02T11:29:37,0.73,escalated_to_human,1588,True
AUD-CH-180-Gui-6055,CH-180,Guideline Generation Agent,2026-03-02T11:29:55,0.75,completed,372,False
AUD-CH-180-Goa-8512,CH-180,Goal Generation Agent,2026-03-02T11:30:24,0.76,completed,5756,False
AUD-CH-180-Mil-5423,CH-180,Milestone Planning Agent,2026-03-02T11:31:00,0.71,escalated_to_human,325,True
AUD-CH-180-Car-9531,CH-180,Caregiver Guidance Agent,2026-03-02T11:31:12,0.91,completed,4288,False
AUD-CH-180-Eth-6017,CH-180,Ethics and Consent Agent,2026-03-02T11:31:49,0.97,passed,574,False
AUD-CH-180-Bia-6225,CH-180,Bias Monitoring Agent,2026-03-02T11:31:54,0.99,passed,367,False
AUD-CH-180-Dat-7291,CH-180,Data Quality Agent,2026-03-02T11:31:58,0.97,passed,2291,False
AUD-CH-180-Con-9196,CH-180,Confidence and Abstention Agent,2026-03-02T11:32:02,0.93,passed,2288,False
AUD-CH-181-Inp-7154,CH-181,Input Aggregation Agent,2026-03-02T17:05:00,0.95,completed,2429,False
AUD-CH-181-Pro-6301,CH-181,Profile Synthesis Agent,2026-03-02T17:05:25,0.8,completed,5232,False
AUD-CH-181-Pre-6941,CH-181,Prediction Agent,2026-03-02T17:05:58,0.74,escalated_to_human,1240,True
AUD-CH-181-Dom-2193,CH-181,Domain Analysis Agent,2026-03-02T17:06:40,0.69,escalated_to_human,5356,True
AUD-CH-181-Gui-2619,CH-181,Guideline Generation Agent,2026-03-02T17:07:16,0.76,completed,5074,False
AUD-CH-181-Goa-6487,CH-181,Goal Generation Agent,2026-03-02T17:07:57,0.89,completed,3808,False
AUD-CH-181-Mil-3407,CH-181,Milestone Planning Agent,2026-03-02T17:08:14,0.91,completed,3762,False
AUD-CH-181-Car-3594,CH-181,Caregiver Guidance Agent,2026-03-02T17:08:26,0.97,completed,1501,False
AUD-CH-181-Eth-9868,CH-181,Ethics and Consent Agent,2026-03-02T17:08:36,0.98,passed,1250,False
AUD-CH-181-Bia-2944,CH-181,Bias Monitoring Agent,2026-03-02T17:08:49,0.99,passed,403,False
AUD-CH-181-Dat-4906,CH-181,Data Quality Agent,2026-03-02T17:08:51,0.92,passed,1946,False
AUD-CH-181-Con-1519,CH-181,Confidence and Abstention Agent,2026-03-02T17:09:02,0.94,passed,2374,False
AUD-CH-182-Inp-6008,CH-182,Input Aggregation Agent,2026-03-01T18:39:00,0.83,completed,718,False
AUD-CH-182-Pro-3253,CH-182,Profile Synthesis Agent,2026-03-01T18:39:21,0.7,escalated_to_human,405,True
AUD-CH-182-Pre-7370,CH-182,Prediction Agent,2026-03-01T18:39:46,0.83,completed,736,False
AUD-CH-182-Dom-1377,CH-182,Domain Analysis Agent,2026-03-01T18:39:54,0.71,escalated_to_human,4176,True
AUD-CH-182-Gui-7763,CH-182,Guideline Generation Agent,2026-03-01T18:40:23,0.97,completed,674,False
AUD-CH-182-Goa-5520,CH-182,Goal Generation Agent,2026-03-01T18:41:07,0.76,completed,5192,False
AUD-CH-182-Mil-1966,CH-182,Milestone Planning Agent,2026-03-01T18:41:42,0.83,completed,2312,False
AUD-CH-182-Car-8841,CH-182,Caregiver Guidance Agent,2026-03-01T18:42:16,0.81,completed,1538,False
AUD-CH-182-Eth-9539,CH-182,Ethics and Consent Agent,2026-03-01T18:42:35,0.92,passed,1528,False
AUD-CH-182-Bia-5782,CH-182,Bias Monitoring Agent,2026-03-01T18:42:41,0.98,passed,220,False
AUD-CH-182-Dat-1771,CH-182,Data Quality Agent,2026-03-01T18:42:43,0.99,passed,213,False
AUD-CH-182-Con-1333,CH-182,Confidence and Abstention Agent,2026-03-01T18:42:46,0.97,passed,853,False
AUD-CH-183-Inp-1817,CH-183,Input Aggregation Agent,2026-03-03T00:02:00,0.78,completed,3741,False
AUD-CH-183-Pro-1384,CH-183,Profile Synthesis Agent,2026-03-03T00:02:26,0.76,completed,4482,False
AUD-CH-183-Pre-1303,CH-183,Prediction Agent,2026-03-03T00:02:44,0.83,completed,4668,False
AUD-CH-183-Dom-8589,CH-183,Domain Analysis Agent,2026-03-03T00:03:10,0.71,escalated_to_human,266,True
AUD-CH-183-Gui-5812,CH-183,Guideline Generation Agent,2026-03-03T00:03:54,0.83,completed,1967,False
AUD-CH-183-Goa-7031,CH-183,Goal Generation Agent,2026-03-03T00:04:05,0.92,completed,1182,False
AUD-CH-183-Mil-2810,CH-183,Milestone Planning Agent,2026-03-03T00:04:23,0.84,completed,4633,False
AUD-CH-183-Car-2973,CH-183,Caregiver Guidance Agent,2026-03-03T00:05:00,0.83,completed,1005,False
AUD-CH-183-Eth-2062,CH-183,Ethics and Consent Agent,2026-03-03T00:05:04,0.91,passed,2463,False
AUD-CH-183-Bia-5364,CH-183,Bias Monitoring Agent,2026-03-03T00:05:15,0.93,passed,2042,False
AUD-CH-183-Dat-5512,CH-183,Data Quality Agent,2026-03-03T00:05:23,0.86,flagged_for_review,555,True
AUD-CH-183-Con-7559,CH-183,Confidence and Abstention Agent,2026-03-03T00:05:36,0.93,passed,1910,False
AUD-CH-184-Inp-6268,CH-184,Input Aggregation Agent,2026-03-01T22:45:00,0.84,completed,5714,False
AUD-CH-184-Pro-5677,CH-184,Profile Synthesis Agent,2026-03-01T22:45:39,0.88,completed,5612,False
AUD-CH-184-Pre-8160,CH-184,Prediction Agent,2026-03-01T22:46:15,0.91,completed,2961,False
AUD-CH-184-Dom-5334,CH-184,Domain Analysis Agent,2026-03-01T22:46:26,0.95,completed,4496,False
AUD-CH-184-Gui-2103,CH-184,Guideline Generation Agent,2026-03-01T22:46:47,0.8,completed,2132,False
AUD-CH-184-Goa-9227,CH-184,Goal Generation Agent,2026-03-01T22:47:31,0.86,completed,4903,False
AUD-CH-184-Mil-6961,CH-184,Milestone Planning Agent,2026-03-01T22:47:56,0.79,completed,3846,False
AUD-CH-184-Car-7791,CH-184,Caregiver Guidance Agent,2026-03-01T22:48:36,0.88,completed,2523,False
AUD-CH-184-Eth-5401,CH-184,Ethics and Consent Agent,2026-03-01T22:48:41,0.97,passed,143,False
AUD-CH-184-Bia-7156,CH-184,Bias Monitoring Agent,2026-03-01T22:48:56,0.78,flagged_for_review,1308,True
AUD-CH-184-Dat-6990,CH-184,Data Quality Agent,2026-03-01T22:48:59,0.59,flagged_for_review,2358,True
AUD-CH-184-Con-6249,CH-184,Confidence and Abstention Agent,2026-03-01T22:49:13,0.94,passed,157,False
AUD-CH-185-Inp-8603,CH-185,Input Aggregation Agent,2026-03-02T23:07:00,0.97,completed,2976,False
AUD-CH-185-Pro-7605,CH-185,Profile Synthesis Agent,2026-03-02T23:07:21,0.69,escalated_to_human,3372,True
AUD-CH-185-Pre-5962,CH-185,Prediction Agent,2026-03-02T23:07:53,0.71,escalated_to_human,3921,True
AUD-CH-185-Dom-4922,CH-185,Domain Analysis Agent,2026-03-02T23:08:36,0.69,escalated_to_human,4139,True
AUD-CH-185-Gui-4917,CH-185,Guideline Generation Agent,2026-03-02T23:08:42,0.82,completed,619,False
AUD-CH-185-Goa-3426,CH-185,Goal Generation Agent,2026-03-02T23:09:10,0.92,completed,721,False
AUD-CH-185-Mil-5053,CH-185,Milestone Planning Agent,2026-03-02T23:09:41,0.83,completed,1813,False
AUD-CH-185-Car-8675,CH-185,Caregiver Guidance Agent,2026-03-02T23:10:21,0.69,escalated_to_human,3897,True
AUD-CH-185-Eth-1753,CH-185,Ethics and Consent Agent,2026-03-02T23:10:49,0.96,passed,505,False
AUD-CH-185-Bia-6736,CH-185,Bias Monitoring Agent,2026-03-02T23:11:02,0.92,passed,2298,False
AUD-CH-185-Dat-6943,CH-185,Data Quality Agent,2026-03-02T23:11:13,0.92,passed,385,False
AUD-CH-185-Con-6958,CH-185,Confidence and Abstention Agent,2026-03-02T23:11:28,0.93,passed,2286,False
AUD-CH-186-Inp-8981,CH-186,Input Aggregation Agent,2026-03-02T08:14:00,0.86,completed,3810,False
AUD-CH-186-Pro-3744,CH-186,Profile Synthesis Agent,2026-03-02T08:14:40,0.72,escalated_to_human,2241,True
AUD-CH-186-Pre-1662,CH-186,Prediction Agent,2026-03-02T08:15:13,0.71,escalated_to_human,283,True
AUD-CH-186-Dom-6745,CH-186,Domain Analysis Agent,2026-03-02T08:15:49,0.72,escalated_to_human,2279,True
AUD-CH-186-Gui-1724,CH-186,Guideline Generation Agent,2026-03-02T08:15:59,0.82,completed,1790,False
AUD-CH-186-Goa-7042,CH-186,Goal Generation Agent,2026-03-02T08:16:16,0.87,completed,2789,False
AUD-CH-186-Mil-8952,CH-186,Milestone Planning Agent,2026-03-02T08:16:39,0.69,escalated_to_human,5873,True
AUD-CH-186-Car-6314,CH-186,Caregiver Guidance Agent,2026-03-02T08:16:48,0.88,completed,3680,False
AUD-CH-186-Eth-7311,CH-186,Ethics and Consent Agent,2026-03-02T08:17:04,0.95,passed,2216,False
AUD-CH-186-Bia-5875,CH-186,Bias Monitoring Agent,2026-03-02T08:17:16,0.99,passed,2206,False
AUD-CH-186-Dat-3742,CH-186,Data Quality Agent,2026-03-02T08:17:23,0.94,passed,1944,False
AUD-CH-186-Con-6724,CH-186,Confidence and Abstention Agent,2026-03-02T08:17:32,0.93,passed,767,False
AUD-CH-187-Inp-1725,CH-187,Input Aggregation Agent,2026-03-03T05:08:00,0.93,completed,4539,False
AUD-CH-187-Pro-6957,CH-187,Profile Synthesis Agent,2026-03-03T05:08:18,0.93,completed,3411,False
AUD-CH-187-Pre-4887,CH-187,Prediction Agent,2026-03-03T05:08:22,0.97,completed,3965,False
AUD-CH-187-Dom-1186,CH-187,Domain Analysis Agent,2026-03-03T05:09:01,0.7,escalated_to_human,1721,True
AUD-CH-187-Gui-5038,CH-187,Guideline Generation Agent,2026-03-03T05:09:45,0.97,completed,1321,False
AUD-CH-187-Goa-7957,CH-187,Goal Generation Agent,2026-03-03T05:10:13,0.69,escalated_to_human,5554,True
AUD-CH-187-Mil-2474,CH-187,Milestone Planning Agent,2026-03-03T05:10:38,0.89,completed,5026,False
AUD-CH-187-Car-8496,CH-187,Caregiver Guidance Agent,2026-03-03T05:10:48,0.98,completed,3954,False
AUD-CH-187-Eth-9832,CH-187,Ethics and Consent Agent,2026-03-03T05:11:29,0.93,passed,125,False
AUD-CH-187-Bia-7865,CH-187,Bias Monitoring Agent,2026-03-03T05:11:38,0.96,passed,486,False
AUD-CH-187-Dat-1830,CH-187,Data Quality Agent,2026-03-03T05:11:47,0.91,passed,259,False
AUD-CH-187-Con-6965,CH-187,Confidence and Abstention Agent,2026-03-03T05:11:55,0.94,passed,788,False
AUD-CH-188-Inp-1098,CH-188,Input Aggregation Agent,2026-03-02T01:33:00,0.75,completed,4300,False
AUD-CH-188-Pro-6018,CH-188,Profile Synthesis Agent,2026-03-02T01:33:35,0.76,completed,4922,False
AUD-CH-188-Pre-1183,CH-188,Prediction Agent,2026-03-02T01:33:48,0.95,completed,5377,False
AUD-CH-188-Dom-3658,CH-188,Domain Analysis Agent,2026-03-02T01:34:20,0.77,completed,4138,False
AUD-CH-188-Gui-1572,CH-188,Guideline Generation Agent,2026-03-02T01:35:04,0.96,completed,907,False
AUD-CH-188-Goa-6150,CH-188,Goal Generation Agent,2026-03-02T01:35:13,0.87,completed,2507,False
AUD-CH-188-Mil-1835,CH-188,Milestone Planning Agent,2026-03-02T01:35:19,0.81,completed,5825,False
AUD-CH-188-Car-4014,CH-188,Caregiver Guidance Agent,2026-03-02T01:36:02,0.85,completed,1931,False
AUD-CH-188-Eth-8685,CH-188,Ethics and Consent Agent,2026-03-02T01:36:16,0.95,passed,1506,False
AUD-CH-188-Bia-2320,CH-188,Bias Monitoring Agent,2026-03-02T01:36:22,0.93,passed,1831,False
AUD-CH-188-Dat-6992,CH-188,Data Quality Agent,2026-03-02T01:36:35,0.84,flagged_for_review,1983,True
AUD-CH-188-Con-2856,CH-188,Confidence and Abstention Agent,2026-03-02T01:36:45,0.97,passed,2313,False
AUD-CH-189-Inp-8543,CH-189,Input Aggregation Agent,2026-03-01T08:44:00,0.73,escalated_to_human,1882,True
AUD-CH-189-Pro-5874,CH-189,Profile Synthesis Agent,2026-03-01T08:44:06,0.92,completed,1236,False
AUD-CH-189-Pre-4926,CH-189,Prediction Agent,2026-03-01T08:44:27,0.88,completed,736,False
AUD-CH-189-Dom-4478,CH-189,Domain Analysis Agent,2026-03-01T08:45:01,0.79,completed,1664,False
AUD-CH-189-Gui-5392,CH-189,Guideline Generation Agent,2026-03-01T08:45:20,0.97,completed,1181,False
AUD-CH-189-Goa-3110,CH-189,Goal Generation Agent,2026-03-01T08:45:52,0.99,completed,3383,False
AUD-CH-189-Mil-2005,CH-189,Milestone Planning Agent,2026-03-01T08:46:10,0.84,completed,718,False
AUD-CH-189-Car-3512,CH-189,Caregiver Guidance Agent,2026-03-01T08:46:28,0.82,completed,3831,False
AUD-CH-189-Eth-4037,CH-189,Ethics and Consent Agent,2026-03-01T08:47:07,0.56,flagged_for_review,1934,True
AUD-CH-189-Bia-2507,CH-189,Bias Monitoring Agent,2026-03-01T08:47:09,0.94,passed,1286,False
AUD-CH-189-Dat-5612,CH-189,Data Quality Agent,2026-03-01T08:47:23,0.97,passed,547,False
AUD-CH-189-Con-4615,CH-189,Confidence and Abstention Agent,2026-03-01T08:47:38,0.91,passed,2136,False
AUD-CH-190-Inp-7591,CH-190,Input Aggregation Agent,2026-03-02T12:57:00,0.87,completed,3608,False
AUD-CH-190-Pro-5886,CH-190,Profile Synthesis Agent,2026-03-02T12:57:45,0.7,escalated_to_human,3286,True
AUD-CH-190-Pre-2744,CH-190,Prediction Agent,2026-03-02T12:58:30,0.73,escalated_to_human,1827,True
AUD-CH-190-Dom-6152,CH-190,Domain Analysis Agent,2026-03-02T12:59:03,0.71,escalated_to_human,2068,True
AUD-CH-190-Gui-6416,CH-190,Guideline Generation Agent,2026-03-02T12:59:10,0.7,escalated_to_human,5412,True
AUD-CH-190-Goa-8116,CH-190,Goal Generation Agent,2026-03-02T12:59:16,0.96,completed,2289,False
AUD-CH-190-Mil-3687,CH-190,Milestone Planning Agent,2026-03-02T12:59:42,0.75,completed,5187,False
AUD-CH-190-Car-2736,CH-190,Caregiver Guidance Agent,2026-03-02T13:00:03,0.81,completed,3635,False
AUD-CH-190-Eth-9225,CH-190,Ethics and Consent Agent,2026-03-02T13:00:47,0.76,flagged_for_review,1192,True
AUD-CH-190-Bia-4662,CH-190,Bias Monitoring Agent,2026-03-02T13:00:53,0.95,passed,2481,False
AUD-CH-190-Dat-6201,CH-190,Data Quality Agent,2026-03-02T13:01:02,0.57,flagged_for_review,2180,True
AUD-CH-190-Con-5237,CH-190,Confidence and Abstention Agent,2026-03-02T13:01:06,0.95,passed,891,False
AUD-CH-191-Inp-2519,CH-191,Input Aggregation Agent,2026-03-02T03:43:00,0.91,completed,5960,False
AUD-CH-191-Pro-6516,CH-191,Profile Synthesis Agent,2026-03-02T03:43:34,0.82,completed,677,False
AUD-CH-191-Pre-9836,CH-191,Prediction Agent,2026-03-02T03:43:46,0.85,completed,3716,False
AUD-CH-191-Dom-2114,CH-191,Domain Analysis Agent,2026-03-02T03:44:27,0.8,completed,1339,False
AUD-CH-191-Gui-4274,CH-191,Guideline Generation Agent,2026-03-02T03:45:12,0.97,completed,1849,False
AUD-CH-191-Goa-6441,CH-191,Goal Generation Agent,2026-03-02T03:45:55,0.99,completed,4570,False
AUD-CH-191-Mil-1206,CH-191,Milestone Planning Agent,2026-03-02T03:46:17,0.9,completed,641,False
AUD-CH-191-Car-8653,CH-191,Caregiver Guidance Agent,2026-03-02T03:46:25,0.99,completed,1558,False
AUD-CH-191-Eth-7675,CH-191,Ethics and Consent Agent,2026-03-02T03:47:07,0.98,passed,2401,False
AUD-CH-191-Bia-3345,CH-191,Bias Monitoring Agent,2026-03-02T03:47:19,0.93,passed,989,False
AUD-CH-191-Dat-9315,CH-191,Data Quality Agent,2026-03-02T03:47:30,0.98,passed,2328,False
AUD-CH-191-Con-9365,CH-191,Confidence and Abstention Agent,2026-03-02T03:47:35,0.97,passed,947,False
AUD-CH-192-Inp-8360,CH-192,Input Aggregation Agent,2026-03-01T21:10:00,0.87,completed,4081,False
AUD-CH-192-Pro-2121,CH-192,Profile Synthesis Agent,2026-03-01T21:10:11,0.85,completed,3216,False
AUD-CH-192-Pre-5877,CH-192,Prediction Agent,2026-03-01T21:10:19,0.96,completed,2844,False
AUD-CH-192-Dom-9727,CH-192,Domain Analysis Agent,2026-03-01T21:10:46,0.88,completed,1646,False
AUD-CH-192-Gui-7809,CH-192,Guideline Generation Agent,2026-03-01T21:10:54,0.96,completed,392,False
AUD-CH-192-Goa-3123,CH-192,Goal Generation Agent,2026-03-01T21:11:20,0.83,completed,5613,False
AUD-CH-192-Mil-9056,CH-192,Milestone Planning Agent,2026-03-01T21:11:36,0.74,escalated_to_human,3144,True
AUD-CH-192-Car-9624,CH-192,Caregiver Guidance Agent,2026-03-01T21:11:50,0.82,completed,3207,False
AUD-CH-192-Eth-7554,CH-192,Ethics and Consent Agent,2026-03-01T21:12:08,0.94,passed,2487,False
AUD-CH-192-Bia-8114,CH-192,Bias Monitoring Agent,2026-03-01T21:12:18,0.92,passed,477,False
AUD-CH-192-Dat-2911,CH-192,Data Quality Agent,2026-03-01T21:12:26,0.94,passed,277,False
AUD-CH-192-Con-9651,CH-192,Confidence and Abstention Agent,2026-03-01T21:12:30,0.94,passed,1412,False
AUD-CH-193-Inp-8845,CH-193,Input Aggregation Agent,2026-03-01T09:54:00,0.81,completed,4788,False
AUD-CH-193-Pro-2713,CH-193,Profile Synthesis Agent,2026-03-01T09:54:20,0.9,completed,4037,False
AUD-CH-193-Pre-9296,CH-193,Prediction Agent,2026-03-01T09:54:36,0.98,completed,1060,False
AUD-CH-193-Dom-8544,CH-193,Domain Analysis Agent,2026-03-01T09:54:55,0.75,completed,730,False
AUD-CH-193-Gui-4088,CH-193,Guideline Generation Agent,2026-03-01T09:55:07,0.71,escalated_to_human,5567,True
AUD-CH-193-Goa-4561,CH-193,Goal Generation Agent,2026-03-01T09:55:13,0.9,completed,5772,False
AUD-CH-193-Mil-9003,CH-193,Milestone Planning Agent,2026-03-01T09:55:33,0.95,completed,5882,False
AUD-CH-193-Car-9389,CH-193,Caregiver Guidance Agent,2026-03-01T09:55:40,0.83,completed,3782,False
AUD-CH-193-Eth-1648,CH-193,Ethics and Consent Agent,2026-03-01T09:56:17,0.97,passed,1682,False
AUD-CH-193-Bia-2512,CH-193,Bias Monitoring Agent,2026-03-01T09:56:19,0.91,passed,2441,False
AUD-CH-193-Dat-1238,CH-193,Data Quality Agent,2026-03-01T09:56:22,0.96,passed,446,False
AUD-CH-193-Con-2891,CH-193,Confidence and Abstention Agent,2026-03-01T09:56:33,0.96,passed,2269,False
AUD-CH-194-Inp-9430,CH-194,Input Aggregation Agent,2026-03-03T04:55:00,0.87,completed,964,False
AUD-CH-194-Pro-1062,CH-194,Profile Synthesis Agent,2026-03-03T04:55:07,0.84,completed,3302,False
AUD-CH-194-Pre-5553,CH-194,Prediction Agent,2026-03-03T04:55:19,0.77,completed,1800,False
AUD-CH-194-Dom-6050,CH-194,Domain Analysis Agent,2026-03-03T04:55:41,0.98,completed,1976,False
AUD-CH-194-Gui-6533,CH-194,Guideline Generation Agent,2026-03-03T04:55:46,0.8,completed,5269,False
AUD-CH-194-Goa-3732,CH-194,Goal Generation Agent,2026-03-03T04:56:03,0.74,escalated_to_human,1152,True
AUD-CH-194-Mil-5754,CH-194,Milestone Planning Agent,2026-03-03T04:56:19,0.82,completed,4485,False
AUD-CH-194-Car-7663,CH-194,Caregiver Guidance Agent,2026-03-03T04:56:57,0.8,completed,5049,False
AUD-CH-194-Eth-1164,CH-194,Ethics and Consent Agent,2026-03-03T04:57:40,0.99,passed,264,False
AUD-CH-194-Bia-2086,CH-194,Bias Monitoring Agent,2026-03-03T04:57:46,0.96,passed,1429,False
AUD-CH-194-Dat-1218,CH-194,Data Quality Agent,2026-03-03T04:57:51,0.95,passed,2466,False
AUD-CH-194-Con-2601,CH-194,Confidence and Abstention Agent,2026-03-03T04:57:59,0.91,passed,215,False
AUD-CH-195-Inp-4650,CH-195,Input Aggregation Agent,2026-03-01T21:21:00,0.78,completed,2981,False
AUD-CH-195-Pro-6833,CH-195,Profile Synthesis Agent,2026-03-01T21:21:35,0.8,completed,5807,False
AUD-CH-195-Pre-7311,CH-195,Prediction Agent,2026-03-01T21:22:11,0.87,completed,778,False
AUD-CH-195-Dom-6146,CH-195,Domain Analysis Agent,2026-03-01T21:22:20,0.71,escalated_to_human,1222,True
AUD-CH-195-Gui-9999,CH-195,Guideline Generation Agent,2026-03-01T21:22:55,0.78,completed,2213,False
AUD-CH-195-Goa-7736,CH-195,Goal Generation Agent,2026-03-01T21:23:32,0.73,escalated_to_human,3951,True
AUD-CH-195-Mil-1019,CH-195,Milestone Planning Agent,2026-03-01T21:24:04,0.91,completed,883,False
AUD-CH-195-Car-5060,CH-195,Caregiver Guidance Agent,2026-03-01T21:24:15,0.97,completed,2904,False
AUD-CH-195-Eth-8905,CH-195,Ethics and Consent Agent,2026-03-01T21:24:27,0.98,passed,693,False
AUD-CH-195-Bia-6922,CH-195,Bias Monitoring Agent,2026-03-01T21:24:34,0.98,passed,1678,False
AUD-CH-195-Dat-6183,CH-195,Data Quality Agent,2026-03-01T21:24:45,0.97,passed,696,False
AUD-CH-195-Con-1070,CH-195,Confidence and Abstention Agent,2026-03-01T21:24:47,0.98,passed,2361,False
AUD-CH-196-Inp-7803,CH-196,Input Aggregation Agent,2026-03-02T22:24:00,0.72,escalated_to_human,2850,True
AUD-CH-196-Pro-4549,CH-196,Profile Synthesis Agent,2026-03-02T22:24:34,0.82,completed,4831,False
AUD-CH-196-Pre-5462,CH-196,Prediction Agent,2026-03-02T22:24:45,0.73,escalated_to_human,5770,True
AUD-CH-196-Dom-1939,CH-196,Domain Analysis Agent,2026-03-02T22:25:27,0.97,completed,2492,False
AUD-CH-196-Gui-5838,CH-196,Guideline Generation Agent,2026-03-02T22:25:43,0.9,completed,4178,False
AUD-CH-196-Goa-9860,CH-196,Goal Generation Agent,2026-03-02T22:26:28,0.82,completed,3692,False
AUD-CH-196-Mil-8356,CH-196,Milestone Planning Agent,2026-03-02T22:26:42,0.73,escalated_to_human,1142,True
AUD-CH-196-Car-3317,CH-196,Caregiver Guidance Agent,2026-03-02T22:27:09,0.71,escalated_to_human,5657,True
AUD-CH-196-Eth-1819,CH-196,Ethics and Consent Agent,2026-03-02T22:27:28,0.93,passed,1287,False
AUD-CH-196-Bia-3384,CH-196,Bias Monitoring Agent,2026-03-02T22:27:40,0.95,passed,1145,False
AUD-CH-196-Dat-8933,CH-196,Data Quality Agent,2026-03-02T22:27:54,0.98,passed,1006,False
AUD-CH-196-Con-2017,CH-196,Confidence and Abstention Agent,2026-03-02T22:28:03,0.98,passed,1367,False
AUD-CH-197-Inp-2814,CH-197,Input Aggregation Agent,2026-03-02T22:57:00,0.77,completed,1737,False
AUD-CH-197-Pro-7538,CH-197,Profile Synthesis Agent,2026-03-02T22:57:04,0.76,completed,264,False
AUD-CH-197-Pre-2624,CH-197,Prediction Agent,2026-03-02T22:57:34,0.75,completed,1753,False
AUD-CH-197-Dom-1736,CH-197,Domain Analysis Agent,2026-03-02T22:58:02,0.74,escalated_to_human,4207,True
AUD-CH-197-Gui-3695,CH-197,Guideline Generation Agent,2026-03-02T22:58:11,0.82,completed,2480,False
AUD-CH-197-Goa-3548,CH-197,Goal Generation Agent,2026-03-02T22:58:33,0.86,completed,2510,False
AUD-CH-197-Mil-5743,CH-197,Milestone Planning Agent,2026-03-02T22:58:48,0.91,completed,3842,False
AUD-CH-197-Car-7301,CH-197,Caregiver Guidance Agent,2026-03-02T22:59:00,0.96,completed,889,False
AUD-CH-197-Eth-3279,CH-197,Ethics and Consent Agent,2026-03-02T22:59:37,0.95,passed,1603,False
AUD-CH-197-Bia-4019,CH-197,Bias Monitoring Agent,2026-03-02T22:59:41,0.96,passed,1390,False
AUD-CH-197-Dat-5937,CH-197,Data Quality Agent,2026-03-02T22:59:49,0.97,passed,479,False
AUD-CH-197-Con-9709,CH-197,Confidence and Abstention Agent,2026-03-02T23:00:04,0.99,passed,1127,False
AUD-CH-198-Inp-6134,CH-198,Input Aggregation Agent,2026-03-02T22:31:00,0.86,completed,2919,False
AUD-CH-198-Pro-7613,CH-198,Profile Synthesis Agent,2026-03-02T22:31:17,0.99,completed,5565,False
AUD-CH-198-Pre-8123,CH-198,Prediction Agent,2026-03-02T22:31:22,0.85,completed,3849,False
AUD-CH-198-Dom-5095,CH-198,Domain Analysis Agent,2026-03-02T22:31:36,0.74,escalated_to_human,5615,True
AUD-CH-198-Gui-3224,CH-198,Guideline Generation Agent,2026-03-02T22:31:52,0.74,escalated_to_human,1207,True
AUD-CH-198-Goa-1781,CH-198,Goal Generation Agent,2026-03-02T22:32:21,0.8,completed,3472,False
AUD-CH-198-Mil-2115,CH-198,Milestone Planning Agent,2026-03-02T22:32:47,0.68,escalated_to_human,1562,True
AUD-CH-198-Car-8759,CH-198,Caregiver Guidance Agent,2026-03-02T22:33:17,0.8,completed,746,False
AUD-CH-198-Eth-9546,CH-198,Ethics and Consent Agent,2026-03-02T22:33:25,0.92,passed,1626,False
AUD-CH-198-Bia-7205,CH-198,Bias Monitoring Agent,2026-03-02T22:33:35,0.93,passed,1956,False
AUD-CH-198-Dat-5987,CH-198,Data Quality Agent,2026-03-02T22:33:37,0.93,passed,1924,False
AUD-CH-198-Con-3207,CH-198,Confidence and Abstention Agent,2026-03-02T22:33:42,0.96,passed,1397,False
AUD-CH-199-Inp-7045,CH-199,Input Aggregation Agent,2026-03-01T08:09:00,0.89,completed,3035,False
AUD-CH-199-Pro-9154,CH-199,Profile Synthesis Agent,2026-03-01T08:09:25,0.88,completed,3942,False
AUD-CH-199-Pre-5256,CH-199,Prediction Agent,2026-03-01T08:09:40,0.84,completed,307,False
AUD-CH-199-Dom-1948,CH-199,Domain Analysis Agent,2026-03-01T08:10:05,0.74,escalated_to_human,4281,True
AUD-CH-199-Gui-5077,CH-199,Guideline Generation Agent,2026-03-01T08:10:38,0.78,completed,3110,False
AUD-CH-199-Goa-5432,CH-199,Goal Generation Agent,2026-03-01T08:11:14,0.78,completed,990,False
AUD-CH-199-Mil-6359,CH-199,Milestone Planning Agent,2026-03-01T08:11:33,0.89,completed,4983,False
AUD-CH-199-Car-5143,CH-199,Caregiver Guidance Agent,2026-03-01T08:12:18,0.91,completed,2384,False
AUD-CH-199-Eth-6772,CH-199,Ethics and Consent Agent,2026-03-01T08:12:46,0.92,passed,99,False
AUD-CH-199-Bia-9684,CH-199,Bias Monitoring Agent,2026-03-01T08:12:55,0.95,passed,2121,False
AUD-CH-199-Dat-9928,CH-199,Data Quality Agent,2026-03-01T08:13:06,0.95,passed,1571,False
AUD-CH-199-Con-7927,CH-199,Confidence and Abstention Agent,2026-03-01T08:13:19,0.98,passed,2248,False
AUD-CH-200-Inp-4807,CH-200,Input Aggregation Agent,2026-03-03T01:38:00,0.76,completed,2986,False
AUD-CH-200-Pro-4519,CH-200,Profile Synthesis Agent,2026-03-03T01:38:21,0.7,escalated_to_human,5377,True
AUD-CH-200-Pre-6208,CH-200,Prediction Agent,2026-03-03T01:38:54,0.84,completed,1525,False
AUD-CH-200-Dom-4617,CH-200,Domain Analysis Agent,2026-03-03T01:39:33,0.92,completed,2240,False
AUD-CH-200-Gui-7988,CH-200,Guideline Generation Agent,2026-03-03T01:40:01,0.95,completed,2042,False
AUD-CH-200-Goa-2354,CH-200,Goal Generation Agent,2026-03-03T01:40:22,0.97,completed,1796,False
AUD-CH-200-Mil-9786,CH-200,Milestone Planning Agent,2026-03-03T01:40:37,0.83,completed,5854,False
AUD-CH-200-Car-6133,CH-200,Caregiver Guidance Agent,2026-03-03T01:40:47,0.97,completed,1198,False
AUD-CH-200-Eth-6247,CH-200,Ethics and Consent Agent,2026-03-03T01:41:07,0.98,passed,2380,False
AUD-CH-200-Bia-8278,CH-200,Bias Monitoring Agent,2026-03-03T01:41:13,0.94,passed,194,False
AUD-CH-200-Dat-3503,CH-200,Data Quality Agent,2026-03-03T01:41:21,0.91,passed,833,False
AUD-CH-200-Con-1549,CH-200,Confidence and Abstention Agent,2026-03-03T01:41:23,0.92,passed,879,False
AUD-CH-201-Inp-8762,CH-201,Input Aggregation Agent,2026-03-02T02:54:00,0.69,escalated_to_human,4511,True
AUD-CH-201-Pro-1666,CH-201,Profile Synthesis Agent,2026-03-02T02:54:09,0.78,completed,2224,False
AUD-CH-201-Pre-7990,CH-201,Prediction Agent,2026-03-02T02:54:51,0.99,completed,4902,False
AUD-CH-201-Dom-9047,CH-201,Domain Analysis Agent,2026-03-02T02:55:13,0.72,escalated_to_human,628,True
AUD-CH-201-Gui-6558,CH-201,Guideline Generation Agent,2026-03-02T02:55:42,0.95,completed,3522,False
AUD-CH-201-Goa-8624,CH-201,Goal Generation Agent,2026-03-02T02:55:57,0.94,completed,5670,False
AUD-CH-201-Mil-9491,CH-201,Milestone Planning Agent,2026-03-02T02:56:16,0.9,completed,5668,False
AUD-CH-201-Car-1493,CH-201,Caregiver Guidance Agent,2026-03-02T02:56:19,0.83,completed,251,False
AUD-CH-201-Eth-7703,CH-201,Ethics and Consent Agent,2026-03-02T02:56:28,0.94,passed,947,False
AUD-CH-201-Bia-5932,CH-201,Bias Monitoring Agent,2026-03-02T02:56:43,0.93,passed,1319,False
AUD-CH-201-Dat-4713,CH-201,Data Quality Agent,2026-03-02T02:56:46,0.68,flagged_for_review,1153,True
AUD-CH-201-Con-5424,CH-201,Confidence and Abstention Agent,2026-03-02T02:56:55,0.93,passed,817,False
AUD-CH-202-Inp-6544,CH-202,Input Aggregation Agent,2026-03-01T17:31:00,0.69,escalated_to_human,4261,True
AUD-CH-202-Pro-1940,CH-202,Profile Synthesis Agent,2026-03-01T17:31:28,0.9,completed,3783,False
AUD-CH-202-Pre-4078,CH-202,Prediction Agent,2026-03-01T17:32:06,0.87,completed,4012,False
AUD-CH-202-Dom-8795,CH-202,Domain Analysis Agent,2026-03-01T17:32:09,0.79,completed,889,False
AUD-CH-202-Gui-3164,CH-202,Guideline Generation Agent,2026-03-01T17:32:25,0.71,escalated_to_human,907,True
AUD-CH-202-Goa-6054,CH-202,Goal Generation Agent,2026-03-01T17:32:42,0.98,completed,2088,False
AUD-CH-202-Mil-4913,CH-202,Milestone Planning Agent,2026-03-01T17:32:56,0.84,completed,2801,False
AUD-CH-202-Car-3909,CH-202,Caregiver Guidance Agent,2026-03-01T17:33:10,0.79,completed,3589,False
AUD-CH-202-Eth-1773,CH-202,Ethics and Consent Agent,2026-03-01T17:33:43,0.98,passed,1117,False
AUD-CH-202-Bia-2480,CH-202,Bias Monitoring Agent,2026-03-01T17:33:57,0.95,passed,864,False
AUD-CH-202-Dat-5598,CH-202,Data Quality Agent,2026-03-01T17:34:02,0.96,passed,1903,False
AUD-CH-202-Con-9171,CH-202,Confidence and Abstention Agent,2026-03-01T17:34:09,0.92,passed,1471,False
AUD-CH-203-Inp-3470,CH-203,Input Aggregation Agent,2026-03-02T07:45:00,0.95,completed,4918,False
AUD-CH-203-Pro-4570,CH-203,Profile Synthesis Agent,2026-03-02T07:45:12,0.81,completed,5305,False
AUD-CH-203-Pre-7218,CH-203,Prediction Agent,2026-03-02T07:45:29,0.73,escalated_to_human,2527,True
AUD-CH-203-Dom-9784,CH-203,Domain Analysis Agent,2026-03-02T07:46:14,0.7,escalated_to_human,1824,True
AUD-CH-203-Gui-1397,CH-203,Guideline Generation Agent,2026-03-02T07:46:31,0.92,completed,1830,False
AUD-CH-203-Goa-7708,CH-203,Goal Generation Agent,2026-03-02T07:46:39,0.85,completed,3423,False
AUD-CH-203-Mil-5880,CH-203,Milestone Planning Agent,2026-03-02T07:47:18,0.76,completed,1972,False
AUD-CH-203-Car-8189,CH-203,Caregiver Guidance Agent,2026-03-02T07:47:21,0.88,completed,5458,False
AUD-CH-203-Eth-5640,CH-203,Ethics and Consent Agent,2026-03-02T07:48:00,0.99,passed,82,False
AUD-CH-203-Bia-8592,CH-203,Bias Monitoring Agent,2026-03-02T07:48:04,0.94,passed,755,False
AUD-CH-203-Dat-6533,CH-203,Data Quality Agent,2026-03-02T07:48:15,0.96,passed,230,False
AUD-CH-203-Con-8454,CH-203,Confidence and Abstention Agent,2026-03-02T07:48:17,0.94,passed,695,False
AUD-CH-204-Inp-5155,CH-204,Input Aggregation Agent,2026-03-01T09:41:00,0.93,completed,5426,False
AUD-CH-204-Pro-3650,CH-204,Profile Synthesis Agent,2026-03-01T09:41:36,0.86,completed,734,False
AUD-CH-204-Pre-9968,CH-204,Prediction Agent,2026-03-01T09:41:54,0.97,completed,503,False
AUD-CH-204-Dom-2881,CH-204,Domain Analysis Agent,2026-03-01T09:42:27,0.92,completed,3835,False
AUD-CH-204-Gui-9962,CH-204,Guideline Generation Agent,2026-03-01T09:42:58,0.82,completed,1326,False
AUD-CH-204-Goa-8781,CH-204,Goal Generation Agent,2026-03-01T09:43:24,0.69,escalated_to_human,1437,True
AUD-CH-204-Mil-8115,CH-204,Milestone Planning Agent,2026-03-01T09:43:53,0.75,completed,935,False
AUD-CH-204-Car-3990,CH-204,Caregiver Guidance Agent,2026-03-01T09:44:01,0.72,escalated_to_human,1875,True
AUD-CH-204-Eth-8287,CH-204,Ethics and Consent Agent,2026-03-01T09:44:33,0.91,passed,2470,False
AUD-CH-204-Bia-3335,CH-204,Bias Monitoring Agent,2026-03-01T09:44:37,0.92,passed,1265,False
AUD-CH-204-Dat-8795,CH-204,Data Quality Agent,2026-03-01T09:44:39,0.93,passed,1611,False
AUD-CH-204-Con-8000,CH-204,Confidence and Abstention Agent,2026-03-01T09:44:53,0.93,passed,304,False
AUD-CH-205-Inp-7317,CH-205,Input Aggregation Agent,2026-03-02T12:14:00,0.93,completed,1159,False
AUD-CH-205-Pro-5030,CH-205,Profile Synthesis Agent,2026-03-02T12:14:34,0.72,escalated_to_human,5885,True
AUD-CH-205-Pre-6601,CH-205,Prediction Agent,2026-03-02T12:14:55,0.91,completed,3551,False
AUD-CH-205-Dom-4740,CH-205,Domain Analysis Agent,2026-03-02T12:15:22,0.99,completed,1168,False
AUD-CH-205-Gui-6238,CH-205,Guideline Generation Agent,2026-03-02T12:15:25,0.75,completed,234,False
AUD-CH-205-Goa-3102,CH-205,Goal Generation Agent,2026-03-02T12:15:51,0.77,completed,1194,False
AUD-CH-205-Mil-7493,CH-205,Milestone Planning Agent,2026-03-02T12:16:31,0.8,completed,962,False
AUD-CH-205-Car-4622,CH-205,Caregiver Guidance Agent,2026-03-02T12:17:03,0.85,completed,4026,False
AUD-CH-205-Eth-1300,CH-205,Ethics and Consent Agent,2026-03-02T12:17:14,0.99,passed,803,False
AUD-CH-205-Bia-8589,CH-205,Bias Monitoring Agent,2026-03-02T12:17:16,0.98,passed,1404,False
AUD-CH-205-Dat-1154,CH-205,Data Quality Agent,2026-03-02T12:17:22,0.99,passed,87,False
AUD-CH-205-Con-3303,CH-205,Confidence and Abstention Agent,2026-03-02T12:17:30,0.91,passed,2395,False
AUD-CH-206-Inp-1498,CH-206,Input Aggregation Agent,2026-03-02T10:06:00,0.77,completed,5736,False
AUD-CH-206-Pro-9176,CH-206,Profile Synthesis Agent,2026-03-02T10:06:43,0.71,escalated_to_human,5209,True
AUD-CH-206-Pre-4570,CH-206,Prediction Agent,2026-03-02T10:06:48,0.8,completed,1013,False
AUD-CH-206-Dom-5872,CH-206,Domain Analysis Agent,2026-03-02T10:07:26,0.98,completed,3554,False
AUD-CH-206-Gui-2225,CH-206,Guideline Generation Agent,2026-03-02T10:07:41,0.93,completed,5453,False
AUD-CH-206-Goa-1476,CH-206,Goal Generation Agent,2026-03-02T10:07:54,0.78,completed,4889,False
AUD-CH-206-Mil-8864,CH-206,Milestone Planning Agent,2026-03-02T10:07:59,0.82,completed,1718,False
AUD-CH-206-Car-6746,CH-206,Caregiver Guidance Agent,2026-03-02T10:08:31,0.72,escalated_to_human,5295,True
AUD-CH-206-Eth-2354,CH-206,Ethics and Consent Agent,2026-03-02T10:08:54,0.96,passed,2118,False
AUD-CH-206-Bia-9177,CH-206,Bias Monitoring Agent,2026-03-02T10:09:08,0.97,passed,832,False
AUD-CH-206-Dat-7869,CH-206,Data Quality Agent,2026-03-02T10:09:10,0.96,passed,1407,False
AUD-CH-206-Con-6225,CH-206,Confidence and Abstention Agent,2026-03-02T10:09:12,0.95,passed,1658,False
AUD-CH-207-Inp-1307,CH-207,Input Aggregation Agent,2026-03-02T17:41:00,0.86,completed,3285,False
AUD-CH-207-Pro-2270,CH-207,Profile Synthesis Agent,2026-03-02T17:41:38,0.96,completed,5272,False
AUD-CH-207-Pre-4910,CH-207,Prediction Agent,2026-03-02T17:42:15,0.85,completed,5871,False
AUD-CH-207-Dom-5087,CH-207,Domain Analysis Agent,2026-03-02T17:42:51,0.93,completed,3512,False
AUD-CH-207-Gui-9693,CH-207,Guideline Generation Agent,2026-03-02T17:43:26,0.69,escalated_to_human,1166,True
AUD-CH-207-Goa-7645,CH-207,Goal Generation Agent,2026-03-02T17:43:54,0.69,escalated_to_human,5851,True
AUD-CH-207-Mil-1521,CH-207,Milestone Planning Agent,2026-03-02T17:44:35,0.84,completed,497,False
AUD-CH-207-Car-3524,CH-207,Caregiver Guidance Agent,2026-03-02T17:44:46,0.78,completed,3107,False
AUD-CH-207-Eth-3536,CH-207,Ethics and Consent Agent,2026-03-02T17:44:58,0.85,flagged_for_review,2362,True
AUD-CH-207-Bia-4174,CH-207,Bias Monitoring Agent,2026-03-02T17:45:08,0.94,passed,1777,False
AUD-CH-207-Dat-9962,CH-207,Data Quality Agent,2026-03-02T17:45:17,0.98,passed,106,False
AUD-CH-207-Con-5816,CH-207,Confidence and Abstention Agent,2026-03-02T17:45:28,0.97,passed,1351,False
AUD-CH-208-Inp-6172,CH-208,Input Aggregation Agent,2026-03-01T18:25:00,0.81,completed,5701,False
AUD-CH-208-Pro-8647,CH-208,Profile Synthesis Agent,2026-03-01T18:25:12,0.98,completed,3448,False
AUD-CH-208-Pre-7941,CH-208,Prediction Agent,2026-03-01T18:25:47,0.73,escalated_to_human,4720,True
AUD-CH-208-Dom-5308,CH-208,Domain Analysis Agent,2026-03-01T18:26:15,0.84,completed,3739,False
AUD-CH-208-Gui-6370,CH-208,Guideline Generation Agent,2026-03-01T18:26:36,0.72,escalated_to_human,4617,True
AUD-CH-208-Goa-6724,CH-208,Goal Generation Agent,2026-03-01T18:27:09,0.8,completed,3417,False
AUD-CH-208-Mil-6464,CH-208,Milestone Planning Agent,2026-03-01T18:27:16,0.96,completed,1441,False
AUD-CH-208-Car-5976,CH-208,Caregiver Guidance Agent,2026-03-01T18:27:46,0.76,completed,5934,False
AUD-CH-208-Eth-8048,CH-208,Ethics and Consent Agent,2026-03-01T18:27:57,0.96,passed,1881,False
AUD-CH-208-Bia-3679,CH-208,Bias Monitoring Agent,2026-03-01T18:28:03,0.98,passed,2166,False
AUD-CH-208-Dat-8955,CH-208,Data Quality Agent,2026-03-01T18:28:10,0.92,passed,1028,False
AUD-CH-208-Con-7779,CH-208,Confidence and Abstention Agent,2026-03-01T18:28:19,0.97,passed,628,False
AUD-CH-209-Inp-1889,CH-209,Input Aggregation Agent,2026-03-02T04:05:00,0.96,completed,3878,False
AUD-CH-209-Pro-9149,CH-209,Profile Synthesis Agent,2026-03-02T04:05:19,0.86,completed,375,False
AUD-CH-209-Pre-1669,CH-209,Prediction Agent,2026-03-02T04:06:04,0.93,completed,3542,False
AUD-CH-209-Dom-6192,CH-209,Domain Analysis Agent,2026-03-02T04:06:28,0.8,completed,968,False
AUD-CH-209-Gui-7942,CH-209,Guideline Generation Agent,2026-03-02T04:07:06,0.83,completed,3728,False
AUD-CH-209-Goa-7562,CH-209,Goal Generation Agent,2026-03-02T04:07:22,0.88,completed,1445,False
AUD-CH-209-Mil-2662,CH-209,Milestone Planning Agent,2026-03-02T04:07:59,0.81,completed,1356,False
AUD-CH-209-Car-4193,CH-209,Caregiver Guidance Agent,2026-03-02T04:08:43,0.83,completed,5991,False
AUD-CH-209-Eth-7993,CH-209,Ethics and Consent Agent,2026-03-02T04:09:15,0.98,passed,160,False
AUD-CH-209-Bia-5987,CH-209,Bias Monitoring Agent,2026-03-02T04:09:25,0.95,passed,588,False
AUD-CH-209-Dat-7918,CH-209,Data Quality Agent,2026-03-02T04:09:38,0.97,passed,1174,False
AUD-CH-209-Con-5344,CH-209,Confidence and Abstention Agent,2026-03-02T04:09:51,0.95,passed,2477,False
AUD-CH-210-Inp-1676,CH-210,Input Aggregation Agent,2026-03-01T12:25:00,0.92,completed,172,False
AUD-CH-210-Pro-1972,CH-210,Profile Synthesis Agent,2026-03-01T12:25:21,0.81,completed,2577,False
AUD-CH-210-Pre-6863,CH-210,Prediction Agent,2026-03-01T12:25:29,0.94,completed,543,False
AUD-CH-210-Dom-4647,CH-210,Domain Analysis Agent,2026-03-01T12:25:39,0.9,completed,4461,False
AUD-CH-210-Gui-1556,CH-210,Guideline Generation Agent,2026-03-01T12:26:16,0.87,completed,3163,False
AUD-CH-210-Goa-2263,CH-210,Goal Generation Agent,2026-03-01T12:26:41,0.81,completed,965,False
AUD-CH-210-Mil-6771,CH-210,Milestone Planning Agent,2026-03-01T12:26:52,0.73,escalated_to_human,1059,True
AUD-CH-210-Car-7035,CH-210,Caregiver Guidance Agent,2026-03-01T12:27:13,0.97,completed,4688,False
AUD-CH-210-Eth-8715,CH-210,Ethics and Consent Agent,2026-03-01T12:27:36,0.92,passed,1529,False
AUD-CH-210-Bia-4154,CH-210,Bias Monitoring Agent,2026-03-01T12:27:49,0.93,passed,1953,False
AUD-CH-210-Dat-6510,CH-210,Data Quality Agent,2026-03-01T12:27:51,0.96,passed,925,False
AUD-CH-210-Con-5169,CH-210,Confidence and Abstention Agent,2026-03-01T12:28:04,0.93,passed,2289,False
AUD-CH-211-Inp-2056,CH-211,Input Aggregation Agent,2026-03-03T05:35:00,0.69,escalated_to_human,2371,True
AUD-CH-211-Pro-6946,CH-211,Profile Synthesis Agent,2026-03-03T05:35:39,0.89,completed,5262,False
AUD-CH-211-Pre-7337,CH-211,Prediction Agent,2026-03-03T05:36:09,0.76,completed,4428,False
AUD-CH-211-Dom-6532,CH-211,Domain Analysis Agent,2026-03-03T05:36:18,0.7,escalated_to_human,4913,True
AUD-CH-211-Gui-8205,CH-211,Guideline Generation Agent,2026-03-03T05:36:49,0.9,completed,325,False
AUD-CH-211-Goa-3601,CH-211,Goal Generation Agent,2026-03-03T05:37:10,0.76,completed,1438,False
AUD-CH-211-Mil-4908,CH-211,Milestone Planning Agent,2026-03-03T05:37:29,0.93,completed,792,False
AUD-CH-211-Car-5043,CH-211,Caregiver Guidance Agent,2026-03-03T05:37:48,0.75,completed,3185,False
AUD-CH-211-Eth-5550,CH-211,Ethics and Consent Agent,2026-03-03T05:38:23,0.91,passed,2391,False
AUD-CH-211-Bia-7180,CH-211,Bias Monitoring Agent,2026-03-03T05:38:38,0.66,flagged_for_review,1533,True
AUD-CH-211-Dat-4112,CH-211,Data Quality Agent,2026-03-03T05:38:45,0.93,passed,2315,False
AUD-CH-211-Con-3918,CH-211,Confidence and Abstention Agent,2026-03-03T05:38:55,0.97,passed,2016,False
AUD-CH-212-Inp-7357,CH-212,Input Aggregation Agent,2026-03-02T16:28:00,0.73,escalated_to_human,3873,True
AUD-CH-212-Pro-3847,CH-212,Profile Synthesis Agent,2026-03-02T16:28:34,0.86,completed,806,False
AUD-CH-212-Pre-8327,CH-212,Prediction Agent,2026-03-02T16:29:16,0.76,completed,4049,False
AUD-CH-212-Dom-2223,CH-212,Domain Analysis Agent,2026-03-02T16:29:37,0.83,completed,4248,False
AUD-CH-212-Gui-6223,CH-212,Guideline Generation Agent,2026-03-02T16:29:59,0.72,escalated_to_human,891,True
AUD-CH-212-Goa-1007,CH-212,Goal Generation Agent,2026-03-02T16:30:25,0.77,completed,5813,False
AUD-CH-212-Mil-6901,CH-212,Milestone Planning Agent,2026-03-02T16:30:48,0.92,completed,572,False
AUD-CH-212-Car-4535,CH-212,Caregiver Guidance Agent,2026-03-02T16:31:14,0.97,completed,3630,False
AUD-CH-212-Eth-9544,CH-212,Ethics and Consent Agent,2026-03-02T16:31:47,0.95,passed,1929,False
AUD-CH-212-Bia-8016,CH-212,Bias Monitoring Agent,2026-03-02T16:32:00,0.98,passed,1264,False
AUD-CH-212-Dat-2765,CH-212,Data Quality Agent,2026-03-02T16:32:14,0.92,passed,594,False
AUD-CH-212-Con-1661,CH-212,Confidence and Abstention Agent,2026-03-02T16:32:21,0.95,passed,952,False
AUD-CH-213-Inp-3880,CH-213,Input Aggregation Agent,2026-03-02T18:48:00,0.72,escalated_to_human,1684,True
AUD-CH-213-Pro-3548,CH-213,Profile Synthesis Agent,2026-03-02T18:48:19,0.7,escalated_to_human,5806,True
AUD-CH-213-Pre-5122,CH-213,Prediction Agent,2026-03-02T18:48:57,0.77,completed,5015,False
AUD-CH-213-Dom-1427,CH-213,Domain Analysis Agent,2026-03-02T18:49:22,0.91,completed,648,False
AUD-CH-213-Gui-1975,CH-213,Guideline Generation Agent,2026-03-02T18:49:38,0.86,completed,4516,False
AUD-CH-213-Goa-5101,CH-213,Goal Generation Agent,2026-03-02T18:50:11,0.76,completed,4909,False
AUD-CH-213-Mil-8991,CH-213,Milestone Planning Agent,2026-03-02T18:50:54,0.69,escalated_to_human,5839,True
AUD-CH-213-Car-8048,CH-213,Caregiver Guidance Agent,2026-03-02T18:51:11,0.7,escalated_to_human,1903,True
AUD-CH-213-Eth-7715,CH-213,Ethics and Consent Agent,2026-03-02T18:51:44,0.95,passed,2033,False
AUD-CH-213-Bia-2783,CH-213,Bias Monitoring Agent,2026-03-02T18:51:59,0.92,passed,664,False
AUD-CH-213-Dat-6112,CH-213,Data Quality Agent,2026-03-02T18:52:07,0.94,passed,166,False
AUD-CH-213-Con-1529,CH-213,Confidence and Abstention Agent,2026-03-02T18:52:11,0.98,passed,1556,False
AUD-CH-214-Inp-2203,CH-214,Input Aggregation Agent,2026-03-02T11:06:00,0.81,completed,5783,False
AUD-CH-214-Pro-4801,CH-214,Profile Synthesis Agent,2026-03-02T11:06:17,0.87,completed,4863,False
AUD-CH-214-Pre-8729,CH-214,Prediction Agent,2026-03-02T11:06:36,0.9,completed,5131,False
AUD-CH-214-Dom-6431,CH-214,Domain Analysis Agent,2026-03-02T11:07:11,0.95,completed,3848,False
AUD-CH-214-Gui-7926,CH-214,Guideline Generation Agent,2026-03-02T11:07:41,0.99,completed,3012,False
AUD-CH-214-Goa-6114,CH-214,Goal Generation Agent,2026-03-02T11:08:13,0.74,escalated_to_human,373,True
AUD-CH-214-Mil-1790,CH-214,Milestone Planning Agent,2026-03-02T11:08:36,0.86,completed,4374,False
AUD-CH-214-Car-9571,CH-214,Caregiver Guidance Agent,2026-03-02T11:09:09,0.79,completed,5135,False
AUD-CH-214-Eth-4782,CH-214,Ethics and Consent Agent,2026-03-02T11:09:39,0.93,passed,1368,False
AUD-CH-214-Bia-2675,CH-214,Bias Monitoring Agent,2026-03-02T11:09:46,0.98,passed,602,False
AUD-CH-214-Dat-9275,CH-214,Data Quality Agent,2026-03-02T11:09:59,0.93,passed,351,False
AUD-CH-214-Con-1268,CH-214,Confidence and Abstention Agent,2026-03-02T11:10:01,0.97,passed,1795,False
AUD-CH-215-Inp-4652,CH-215,Input Aggregation Agent,2026-03-02T22:44:00,0.71,escalated_to_human,3245,True
AUD-CH-215-Pro-1153,CH-215,Profile Synthesis Agent,2026-03-02T22:44:30,0.74,escalated_to_human,1381,True
AUD-CH-215-Pre-3580,CH-215,Prediction Agent,2026-03-02T22:44:55,0.9,completed,2529,False
AUD-CH-215-Dom-5516,CH-215,Domain Analysis Agent,2026-03-02T22:45:19,0.95,completed,1891,False
AUD-CH-215-Gui-5781,CH-215,Guideline Generation Agent,2026-03-02T22:45:56,0.73,escalated_to_human,2465,True
AUD-CH-215-Goa-2515,CH-215,Goal Generation Agent,2026-03-02T22:46:36,0.88,completed,1463,False
AUD-CH-215-Mil-9812,CH-215,Milestone Planning Agent,2026-03-02T22:47:17,0.92,completed,1160,False
AUD-CH-215-Car-1832,CH-215,Caregiver Guidance Agent,2026-03-02T22:47:54,0.81,completed,3857,False
AUD-CH-215-Eth-6852,CH-215,Ethics and Consent Agent,2026-03-02T22:48:04,0.96,passed,1533,False
AUD-CH-215-Bia-2923,CH-215,Bias Monitoring Agent,2026-03-02T22:48:07,0.99,passed,2193,False
AUD-CH-215-Dat-6213,CH-215,Data Quality Agent,2026-03-02T22:48:17,0.96,passed,419,False
AUD-CH-215-Con-1553,CH-215,Confidence and Abstention Agent,2026-03-02T22:48:32,0.98,passed,434,False
AUD-CH-216-Inp-9811,CH-216,Input Aggregation Agent,2026-03-02T03:24:00,0.68,escalated_to_human,740,True
AUD-CH-216-Pro-5346,CH-216,Profile Synthesis Agent,2026-03-02T03:24:10,0.74,escalated_to_human,4248,True
AUD-CH-216-Pre-1364,CH-216,Prediction Agent,2026-03-02T03:24:34,0.74,escalated_to_human,4198,True
AUD-CH-216-Dom-3454,CH-216,Domain Analysis Agent,2026-03-02T03:24:45,0.72,escalated_to_human,2660,True
AUD-CH-216-Gui-1387,CH-216,Guideline Generation Agent,2026-03-02T03:25:16,0.91,completed,334,False
AUD-CH-216-Goa-7155,CH-216,Goal Generation Agent,2026-03-02T03:25:30,0.73,escalated_to_human,4760,True
AUD-CH-216-Mil-4058,CH-216,Milestone Planning Agent,2026-03-02T03:26:10,0.86,completed,3850,False
AUD-CH-216-Car-4526,CH-216,Caregiver Guidance Agent,2026-03-02T03:26:39,0.93,completed,266,False
AUD-CH-216-Eth-5297,CH-216,Ethics and Consent Agent,2026-03-02T03:26:45,0.92,passed,2376,False
AUD-CH-216-Bia-5356,CH-216,Bias Monitoring Agent,2026-03-02T03:26:55,0.96,passed,972,False
AUD-CH-216-Dat-8350,CH-216,Data Quality Agent,2026-03-02T03:27:06,0.97,passed,2302,False
AUD-CH-216-Con-8916,CH-216,Confidence and Abstention Agent,2026-03-02T03:27:20,0.91,passed,1479,False
AUD-CH-217-Inp-2273,CH-217,Input Aggregation Agent,2026-03-01T21:20:00,0.84,completed,3501,False
AUD-CH-217-Pro-3166,CH-217,Profile Synthesis Agent,2026-03-01T21:20:30,0.79,completed,2874,False
AUD-CH-217-Pre-4847,CH-217,Prediction Agent,2026-03-01T21:20:34,0.77,completed,5474,False
AUD-CH-217-Dom-5448,CH-217,Domain Analysis Agent,2026-03-01T21:21:00,0.8,completed,3487,False
AUD-CH-217-Gui-1087,CH-217,Guideline Generation Agent,2026-03-01T21:21:12,0.98,completed,841,False
AUD-CH-217-Goa-8113,CH-217,Goal Generation Agent,2026-03-01T21:21:46,0.68,escalated_to_human,5259,True
AUD-CH-217-Mil-7388,CH-217,Milestone Planning Agent,2026-03-01T21:22:23,0.83,completed,3175,False
AUD-CH-217-Car-5774,CH-217,Caregiver Guidance Agent,2026-03-01T21:22:53,0.87,completed,5031,False
AUD-CH-217-Eth-2959,CH-217,Ethics and Consent Agent,2026-03-01T21:22:59,0.95,passed,2162,False
AUD-CH-217-Bia-8269,CH-217,Bias Monitoring Agent,2026-03-01T21:23:06,0.91,passed,190,False
AUD-CH-217-Dat-6011,CH-217,Data Quality Agent,2026-03-01T21:23:10,0.97,passed,1842,False
AUD-CH-217-Con-3757,CH-217,Confidence and Abstention Agent,2026-03-01T21:23:25,0.93,passed,1526,False
AUD-CH-218-Inp-4702,CH-218,Input Aggregation Agent,2026-03-03T02:57:00,0.97,completed,1256,False
AUD-CH-218-Pro-5080,CH-218,Profile Synthesis Agent,2026-03-03T02:57:13,0.75,completed,2834,False
AUD-CH-218-Pre-1650,CH-218,Prediction Agent,2026-03-03T02:57:56,0.95,completed,821,False
AUD-CH-218-Dom-6800,CH-218,Domain Analysis Agent,2026-03-03T02:58:24,0.91,completed,1061,False
AUD-CH-218-Gui-5793,CH-218,Guideline Generation Agent,2026-03-03T02:59:09,0.95,completed,1657,False
AUD-CH-218-Goa-3047,CH-218,Goal Generation Agent,2026-03-03T02:59:30,0.72,escalated_to_human,4820,True
AUD-CH-218-Mil-3867,CH-218,Milestone Planning Agent,2026-03-03T03:00:05,0.85,completed,256,False
AUD-CH-218-Car-3317,CH-218,Caregiver Guidance Agent,2026-03-03T03:00:50,0.98,completed,5409,False
AUD-CH-218-Eth-1448,CH-218,Ethics and Consent Agent,2026-03-03T03:01:35,0.93,passed,482,False
AUD-CH-218-Bia-2323,CH-218,Bias Monitoring Agent,2026-03-03T03:01:43,0.99,passed,836,False
AUD-CH-218-Dat-8679,CH-218,Data Quality Agent,2026-03-03T03:01:52,0.94,passed,280,False
AUD-CH-218-Con-7090,CH-218,Confidence and Abstention Agent,2026-03-03T03:02:05,0.98,passed,625,False
AUD-CH-219-Inp-3539,CH-219,Input Aggregation Agent,2026-03-03T07:14:00,0.83,completed,3720,False
AUD-CH-219-Pro-2441,CH-219,Profile Synthesis Agent,2026-03-03T07:14:38,0.96,completed,5955,False
AUD-CH-219-Pre-6463,CH-219,Prediction Agent,2026-03-03T07:15:09,0.77,completed,2042,False
AUD-CH-219-Dom-1722,CH-219,Domain Analysis Agent,2026-03-03T07:15:23,0.94,completed,2193,False
AUD-CH-219-Gui-7563,CH-219,Guideline Generation Agent,2026-03-03T07:15:57,0.86,completed,1400,False
AUD-CH-219-Goa-6724,CH-219,Goal Generation Agent,2026-03-03T07:16:21,0.78,completed,3656,False
AUD-CH-219-Mil-7454,CH-219,Milestone Planning Agent,2026-03-03T07:16:52,0.96,completed,4618,False
AUD-CH-219-Car-5533,CH-219,Caregiver Guidance Agent,2026-03-03T07:17:32,0.71,escalated_to_human,2608,True
AUD-CH-219-Eth-2664,CH-219,Ethics and Consent Agent,2026-03-03T07:18:04,0.96,passed,2435,False
AUD-CH-219-Bia-7154,CH-219,Bias Monitoring Agent,2026-03-03T07:18:12,0.92,passed,1767,False
AUD-CH-219-Dat-4826,CH-219,Data Quality Agent,2026-03-03T07:18:18,0.94,passed,1788,False
AUD-CH-219-Con-5063,CH-219,Confidence and Abstention Agent,2026-03-03T07:18:27,0.94,passed,1349,False
AUD-CH-220-Inp-9081,CH-220,Input Aggregation Agent,2026-03-02T04:33:00,0.73,escalated_to_human,2511,True
AUD-CH-220-Pro-8483,CH-220,Profile Synthesis Agent,2026-03-02T04:33:27,0.72,escalated_to_human,1869,True
AUD-CH-220-Pre-5405,CH-220,Prediction Agent,2026-03-02T04:33:57,0.95,completed,3861,False
AUD-CH-220-Dom-1593,CH-220,Domain Analysis Agent,2026-03-02T04:34:39,0.76,completed,762,False
AUD-CH-220-Gui-7165,CH-220,Guideline Generation Agent,2026-03-02T04:34:46,0.81,completed,3034,False
AUD-CH-220-Goa-9820,CH-220,Goal Generation Agent,2026-03-02T04:35:25,0.97,completed,1516,False
AUD-CH-220-Mil-1516,CH-220,Milestone Planning Agent,2026-03-02T04:36:09,0.83,completed,5828,False
AUD-CH-220-Car-5125,CH-220,Caregiver Guidance Agent,2026-03-02T04:36:21,0.9,completed,1472,False
AUD-CH-220-Eth-4379,CH-220,Ethics and Consent Agent,2026-03-02T04:36:46,0.96,passed,319,False
AUD-CH-220-Bia-2956,CH-220,Bias Monitoring Agent,2026-03-02T04:36:55,0.93,passed,1389,False
AUD-CH-220-Dat-3833,CH-220,Data Quality Agent,2026-03-02T04:36:58,0.93,passed,308,False
AUD-CH-220-Con-7368,CH-220,Confidence and Abstention Agent,2026-03-02T04:37:08,0.98,passed,619,False
AUD-CH-221-Inp-3981,CH-221,Input Aggregation Agent,2026-03-01T14:32:00,0.93,completed,3414,False
AUD-CH-221-Pro-2113,CH-221,Profile Synthesis Agent,2026-03-01T14:32:38,0.81,completed,1468,False
AUD-CH-221-Pre-4875,CH-221,Prediction Agent,2026-03-01T14:32:54,0.87,completed,2718,False
AUD-CH-221-Dom-7246,CH-221,Domain Analysis Agent,2026-03-01T14:33:18,0.95,completed,5914,False
AUD-CH-221-Gui-7550,CH-221,Guideline Generation Agent,2026-03-01T14:33:45,0.87,completed,1685,False
AUD-CH-221-Goa-1647,CH-221,Goal Generation Agent,2026-03-01T14:33:50,0.76,completed,5194,False
AUD-CH-221-Mil-3946,CH-221,Milestone Planning Agent,2026-03-01T14:34:23,0.77,completed,2230,False
AUD-CH-221-Car-5717,CH-221,Caregiver Guidance Agent,2026-03-01T14:34:34,0.92,completed,5178,False
AUD-CH-221-Eth-7505,CH-221,Ethics and Consent Agent,2026-03-01T14:35:16,0.98,passed,1146,False
AUD-CH-221-Bia-9610,CH-221,Bias Monitoring Agent,2026-03-01T14:35:26,0.94,passed,1096,False
AUD-CH-221-Dat-8129,CH-221,Data Quality Agent,2026-03-01T14:35:38,0.99,passed,2096,False
AUD-CH-221-Con-8222,CH-221,Confidence and Abstention Agent,2026-03-01T14:35:42,0.92,passed,1931,False
AUD-CH-222-Inp-7329,CH-222,Input Aggregation Agent,2026-03-03T02:06:00,0.78,completed,3971,False
AUD-CH-222-Pro-1045,CH-222,Profile Synthesis Agent,2026-03-03T02:06:40,0.91,completed,1465,False
AUD-CH-222-Pre-1050,CH-222,Prediction Agent,2026-03-03T02:06:52,0.91,completed,2835,False
AUD-CH-222-Dom-4421,CH-222,Domain Analysis Agent,2026-03-03T02:07:03,0.85,completed,759,False
AUD-CH-222-Gui-8291,CH-222,Guideline Generation Agent,2026-03-03T02:07:25,0.91,completed,1574,False
AUD-CH-222-Goa-5678,CH-222,Goal Generation Agent,2026-03-03T02:07:34,0.74,escalated_to_human,2749,True
AUD-CH-222-Mil-7568,CH-222,Milestone Planning Agent,2026-03-03T02:08:08,0.85,completed,1124,False
AUD-CH-222-Car-5205,CH-222,Caregiver Guidance Agent,2026-03-03T02:08:24,0.75,completed,1807,False
AUD-CH-222-Eth-2803,CH-222,Ethics and Consent Agent,2026-03-03T02:08:40,0.91,passed,2324,False
AUD-CH-222-Bia-1639,CH-222,Bias Monitoring Agent,2026-03-03T02:08:55,0.92,passed,1478,False
AUD-CH-222-Dat-8745,CH-222,Data Quality Agent,2026-03-03T02:09:03,0.97,passed,474,False
AUD-CH-222-Con-9439,CH-222,Confidence and Abstention Agent,2026-03-03T02:09:17,0.94,passed,138,False
AUD-CH-223-Inp-6556,CH-223,Input Aggregation Agent,2026-03-03T06:56:00,0.93,completed,1281,False
AUD-CH-223-Pro-3463,CH-223,Profile Synthesis Agent,2026-03-03T06:56:27,0.93,completed,748,False
AUD-CH-223-Pre-8937,CH-223,Prediction Agent,2026-03-03T06:56:44,0.9,completed,4585,False
AUD-CH-223-Dom-7249,CH-223,Domain Analysis Agent,2026-03-03T06:56:52,0.81,completed,4590,False
AUD-CH-223-Gui-4595,CH-223,Guideline Generation Agent,2026-03-03T06:57:06,0.89,completed,3163,False
AUD-CH-223-Goa-1615,CH-223,Goal Generation Agent,2026-03-03T06:57:35,0.88,completed,5008,False
AUD-CH-223-Mil-9149,CH-223,Milestone Planning Agent,2026-03-03T06:57:56,0.87,completed,5001,False
AUD-CH-223-Car-2271,CH-223,Caregiver Guidance Agent,2026-03-03T06:58:29,0.96,completed,1770,False
AUD-CH-223-Eth-6994,CH-223,Ethics and Consent Agent,2026-03-03T06:58:34,0.95,passed,2451,False
AUD-CH-223-Bia-2647,CH-223,Bias Monitoring Agent,2026-03-03T06:58:49,0.96,passed,1021,False
AUD-CH-223-Dat-4675,CH-223,Data Quality Agent,2026-03-03T06:58:51,0.98,passed,363,False
AUD-CH-223-Con-6296,CH-223,Confidence and Abstention Agent,2026-03-03T06:58:55,0.95,passed,1026,False
AUD-CH-224-Inp-5456,CH-224,Input Aggregation Agent,2026-03-02T21:46:00,0.88,completed,3909,False
AUD-CH-224-Pro-9495,CH-224,Profile Synthesis Agent,2026-03-02T21:46:37,0.7,escalated_to_human,362,True
AUD-CH-224-Pre-1744,CH-224,Prediction Agent,2026-03-02T21:47:22,0.8,completed,1460,False
AUD-CH-224-Dom-4890,CH-224,Domain Analysis Agent,2026-03-02T21:48:07,0.92,completed,4539,False
AUD-CH-224-Gui-3856,CH-224,Guideline Generation Agent,2026-03-02T21:48:27,0.94,completed,2880,False
AUD-CH-224-Goa-9431,CH-224,Goal Generation Agent,2026-03-02T21:48:49,0.73,escalated_to_human,2879,True
AUD-CH-224-Mil-8904,CH-224,Milestone Planning Agent,2026-03-02T21:49:01,0.78,completed,5008,False
AUD-CH-224-Car-3918,CH-224,Caregiver Guidance Agent,2026-03-02T21:49:35,0.81,completed,2216,False
AUD-CH-224-Eth-9514,CH-224,Ethics and Consent Agent,2026-03-02T21:49:57,0.94,passed,298,False
AUD-CH-224-Bia-9077,CH-224,Bias Monitoring Agent,2026-03-02T21:50:00,0.91,passed,2337,False
AUD-CH-224-Dat-1571,CH-224,Data Quality Agent,2026-03-02T21:50:05,0.96,passed,2137,False
AUD-CH-224-Con-5206,CH-224,Confidence and Abstention Agent,2026-03-02T21:50:07,0.97,passed,1856,False
AUD-CH-225-Inp-1356,CH-225,Input Aggregation Agent,2026-03-02T18:14:00,0.99,completed,2262,False
AUD-CH-225-Pro-7311,CH-225,Profile Synthesis Agent,2026-03-02T18:14:08,0.92,completed,4854,False
AUD-CH-225-Pre-5308,CH-225,Prediction Agent,2026-03-02T18:14:37,0.73,escalated_to_human,5085,True
AUD-CH-225-Dom-5985,CH-225,Domain Analysis Agent,2026-03-02T18:15:05,0.74,escalated_to_human,3392,True
AUD-CH-225-Gui-4366,CH-225,Guideline Generation Agent,2026-03-02T18:15:36,0.83,completed,2212,False
AUD-CH-225-Goa-9061,CH-225,Goal Generation Agent,2026-03-02T18:16:11,0.69,escalated_to_human,1842,True
AUD-CH-225-Mil-1795,CH-225,Milestone Planning Agent,2026-03-02T18:16:31,0.93,completed,2789,False
AUD-CH-225-Car-3622,CH-225,Caregiver Guidance Agent,2026-03-02T18:16:35,0.97,completed,4086,False
AUD-CH-225-Eth-7831,CH-225,Ethics and Consent Agent,2026-03-02T18:16:55,0.94,passed,277,False
AUD-CH-225-Bia-8764,CH-225,Bias Monitoring Agent,2026-03-02T18:17:10,0.78,flagged_for_review,885,True
AUD-CH-225-Dat-1243,CH-225,Data Quality Agent,2026-03-02T18:17:25,0.99,passed,585,False
AUD-CH-225-Con-9056,CH-225,Confidence and Abstention Agent,2026-03-02T18:17:31,0.95,passed,2361,False
AUD-CH-226-Inp-1499,CH-226,Input Aggregation Agent,2026-03-01T19:06:00,0.95,completed,3045,False
AUD-CH-226-Pro-8874,CH-226,Profile Synthesis Agent,2026-03-01T19:06:19,0.71,escalated_to_human,5609,True
AUD-CH-226-Pre-4412,CH-226,Prediction Agent,2026-03-01T19:06:37,0.7,escalated_to_human,5371,True
AUD-CH-226-Dom-6026,CH-226,Domain Analysis Agent,2026-03-01T19:07:19,0.82,completed,1487,False
AUD-CH-226-Gui-8863,CH-226,Guideline Generation Agent,2026-03-01T19:07:46,0.99,completed,5902,False
AUD-CH-226-Goa-8690,CH-226,Goal Generation Agent,2026-03-01T19:08:00,0.74,escalated_to_human,2917,True
AUD-CH-226-Mil-9842,CH-226,Milestone Planning Agent,2026-03-01T19:08:18,0.9,completed,1492,False
AUD-CH-226-Car-3535,CH-226,Caregiver Guidance Agent,2026-03-01T19:08:48,0.73,escalated_to_human,5761,True
AUD-CH-226-Eth-6294,CH-226,Ethics and Consent Agent,2026-03-01T19:09:19,0.97,passed,531,False
AUD-CH-226-Bia-9858,CH-226,Bias Monitoring Agent,2026-03-01T19:09:32,0.94,passed,1577,False
AUD-CH-226-Dat-6120,CH-226,Data Quality Agent,2026-03-01T19:09:35,0.98,passed,2077,False
AUD-CH-226-Con-4523,CH-226,Confidence and Abstention Agent,2026-03-01T19:09:41,0.72,flagged_for_review,1836,True
AUD-CH-227-Inp-9136,CH-227,Input Aggregation Agent,2026-03-01T18:42:00,0.75,completed,5466,False
AUD-CH-227-Pro-2298,CH-227,Profile Synthesis Agent,2026-03-01T18:42:32,0.79,completed,2991,False
AUD-CH-227-Pre-7949,CH-227,Prediction Agent,2026-03-01T18:42:38,0.68,escalated_to_human,186,True
AUD-CH-227-Dom-2461,CH-227,Domain Analysis Agent,2026-03-01T18:43:11,0.97,completed,3443,False
AUD-CH-227-Gui-1188,CH-227,Guideline Generation Agent,2026-03-01T18:43:49,0.8,completed,4487,False
AUD-CH-227-Goa-6240,CH-227,Goal Generation Agent,2026-03-01T18:44:05,0.96,completed,5884,False
AUD-CH-227-Mil-8476,CH-227,Milestone Planning Agent,2026-03-01T18:44:12,0.97,completed,3276,False
AUD-CH-227-Car-6258,CH-227,Caregiver Guidance Agent,2026-03-01T18:44:56,0.89,completed,887,False
AUD-CH-227-Eth-7984,CH-227,Ethics and Consent Agent,2026-03-01T18:45:17,0.98,passed,261,False
AUD-CH-227-Bia-2398,CH-227,Bias Monitoring Agent,2026-03-01T18:45:23,0.96,passed,1077,False
AUD-CH-227-Dat-1107,CH-227,Data Quality Agent,2026-03-01T18:45:37,0.94,passed,609,False
AUD-CH-227-Con-5415,CH-227,Confidence and Abstention Agent,2026-03-01T18:45:46,0.98,passed,419,False
AUD-CH-228-Inp-1060,CH-228,Input Aggregation Agent,2026-03-02T09:23:00,0.71,escalated_to_human,2174,True
AUD-CH-228-Pro-6133,CH-228,Profile Synthesis Agent,2026-03-02T09:23:35,0.89,completed,2323,False
AUD-CH-228-Pre-2768,CH-228,Prediction Agent,2026-03-02T09:24:15,0.82,completed,3598,False
AUD-CH-228-Dom-1770,CH-228,Domain Analysis Agent,2026-03-02T09:24:47,0.88,completed,2264,False
AUD-CH-228-Gui-4478,CH-228,Guideline Generation Agent,2026-03-02T09:25:00,0.89,completed,1722,False
AUD-CH-228-Goa-9480,CH-228,Goal Generation Agent,2026-03-02T09:25:39,0.78,completed,2842,False
AUD-CH-228-Mil-8096,CH-228,Milestone Planning Agent,2026-03-02T09:25:49,0.91,completed,1074,False
AUD-CH-228-Car-4500,CH-228,Caregiver Guidance Agent,2026-03-02T09:25:52,0.9,completed,3714,False
AUD-CH-228-Eth-1517,CH-228,Ethics and Consent Agent,2026-03-02T09:26:19,0.97,passed,1281,False
AUD-CH-228-Bia-9154,CH-228,Bias Monitoring Agent,2026-03-02T09:26:24,0.98,passed,438,False
AUD-CH-228-Dat-1353,CH-228,Data Quality Agent,2026-03-02T09:26:26,0.95,passed,778,False
AUD-CH-228-Con-6250,CH-228,Confidence and Abstention Agent,2026-03-02T09:26:34,0.96,passed,2180,False
AUD-CH-229-Inp-3349,CH-229,Input Aggregation Agent,2026-03-02T13:19:00,0.86,completed,4966,False
AUD-CH-229-Pro-7283,CH-229,Profile Synthesis Agent,2026-03-02T13:19:17,0.7,escalated_to_human,3474,True
AUD-CH-229-Pre-1843,CH-229,Prediction Agent,2026-03-02T13:19:44,0.77,completed,3699,False
AUD-CH-229-Dom-4005,CH-229,Domain Analysis Agent,2026-03-02T13:20:08,0.77,completed,3988,False
AUD-CH-229-Gui-6718,CH-229,Guideline Generation Agent,2026-03-02T13:20:25,0.69,escalated_to_human,4349,True
AUD-CH-229-Goa-2712,CH-229,Goal Generation Agent,2026-03-02T13:20:32,0.69,escalated_to_human,2473,True
AUD-CH-229-Mil-9840,CH-229,Milestone Planning Agent,2026-03-02T13:21:13,0.71,escalated_to_human,1803,True
AUD-CH-229-Car-7753,CH-229,Caregiver Guidance Agent,2026-03-02T13:21:37,0.77,completed,1609,False
AUD-CH-229-Eth-4929,CH-229,Ethics and Consent Agent,2026-03-02T13:21:44,0.94,passed,1926,False
AUD-CH-229-Bia-5606,CH-229,Bias Monitoring Agent,2026-03-02T13:21:59,0.95,passed,1014,False
AUD-CH-229-Dat-9499,CH-229,Data Quality Agent,2026-03-02T13:22:14,0.92,passed,2120,False
AUD-CH-229-Con-1053,CH-229,Confidence and Abstention Agent,2026-03-02T13:22:22,0.94,passed,1865,False
AUD-CH-230-Inp-6661,CH-230,Input Aggregation Agent,2026-03-02T17:13:00,0.88,completed,3708,False
AUD-CH-230-Pro-4057,CH-230,Profile Synthesis Agent,2026-03-02T17:13:06,0.74,escalated_to_human,1982,True
AUD-CH-230-Pre-9101,CH-230,Prediction Agent,2026-03-02T17:13:35,0.84,completed,4857,False
AUD-CH-230-Dom-6763,CH-230,Domain Analysis Agent,2026-03-02T17:14:05,0.84,completed,5396,False
AUD-CH-230-Gui-1507,CH-230,Guideline Generation Agent,2026-03-02T17:14:24,0.75,completed,5041,False
AUD-CH-230-Goa-6267,CH-230,Goal Generation Agent,2026-03-02T17:14:49,0.88,completed,1085,False
AUD-CH-230-Mil-2752,CH-230,Milestone Planning Agent,2026-03-02T17:15:14,0.77,completed,4750,False
AUD-CH-230-Car-9298,CH-230,Caregiver Guidance Agent,2026-03-02T17:15:58,0.79,completed,2743,False
AUD-CH-230-Eth-8646,CH-230,Ethics and Consent Agent,2026-03-02T17:16:40,0.98,passed,2265,False
AUD-CH-230-Bia-1386,CH-230,Bias Monitoring Agent,2026-03-02T17:16:50,0.92,passed,1932,False
AUD-CH-230-Dat-7223,CH-230,Data Quality Agent,2026-03-02T17:16:53,0.97,passed,1969,False
AUD-CH-230-Con-9903,CH-230,Confidence and Abstention Agent,2026-03-02T17:16:56,0.91,passed,2454,False
AUD-CH-231-Inp-7384,CH-231,Input Aggregation Agent,2026-03-02T17:06:00,0.91,completed,3567,False
AUD-CH-231-Pro-7377,CH-231,Profile Synthesis Agent,2026-03-02T17:06:26,0.83,completed,920,False
AUD-CH-231-Pre-6235,CH-231,Prediction Agent,2026-03-02T17:07:09,0.85,completed,5807,False
AUD-CH-231-Dom-8014,CH-231,Domain Analysis Agent,2026-03-02T17:07:38,0.81,completed,3121,False
AUD-CH-231-Gui-4020,CH-231,Guideline Generation Agent,2026-03-02T17:07:56,0.78,completed,2882,False
AUD-CH-231-Goa-7998,CH-231,Goal Generation Agent,2026-03-02T17:08:18,0.89,completed,2173,False
AUD-CH-231-Mil-3729,CH-231,Milestone Planning Agent,2026-03-02T17:08:59,0.94,completed,5393,False
AUD-CH-231-Car-5043,CH-231,Caregiver Guidance Agent,2026-03-02T17:09:12,0.84,completed,4609,False
AUD-CH-231-Eth-2351,CH-231,Ethics and Consent Agent,2026-03-02T17:09:23,0.93,passed,155,False
AUD-CH-231-Bia-6457,CH-231,Bias Monitoring Agent,2026-03-02T17:09:31,0.84,flagged_for_review,249,True
AUD-CH-231-Dat-2627,CH-231,Data Quality Agent,2026-03-02T17:09:43,0.97,passed,1164,False
AUD-CH-231-Con-1623,CH-231,Confidence and Abstention Agent,2026-03-02T17:09:47,0.94,passed,1849,False
AUD-CH-232-Inp-3798,CH-232,Input Aggregation Agent,2026-03-02T03:54:00,0.84,completed,2997,False
AUD-CH-232-Pro-9249,CH-232,Profile Synthesis Agent,2026-03-02T03:54:44,0.86,completed,5759,False
AUD-CH-232-Pre-5046,CH-232,Prediction Agent,2026-03-02T03:55:10,0.75,completed,3897,False
AUD-CH-232-Dom-8596,CH-232,Domain Analysis Agent,2026-03-02T03:55:14,0.96,completed,1324,False
AUD-CH-232-Gui-4107,CH-232,Guideline Generation Agent,2026-03-02T03:55:48,0.91,completed,3692,False
AUD-CH-232-Goa-8180,CH-232,Goal Generation Agent,2026-03-02T03:56:11,0.73,escalated_to_human,3403,True
AUD-CH-232-Mil-8574,CH-232,Milestone Planning Agent,2026-03-02T03:56:47,0.91,completed,538,False
AUD-CH-232-Car-6781,CH-232,Caregiver Guidance Agent,2026-03-02T03:57:32,0.93,completed,3014,False
AUD-CH-232-Eth-2649,CH-232,Ethics and Consent Agent,2026-03-02T03:57:55,0.99,passed,661,False
AUD-CH-232-Bia-1029,CH-232,Bias Monitoring Agent,2026-03-02T03:58:07,0.94,passed,1722,False
AUD-CH-232-Dat-7265,CH-232,Data Quality Agent,2026-03-02T03:58:13,0.97,passed,1735,False
AUD-CH-232-Con-2577,CH-232,Confidence and Abstention Agent,2026-03-02T03:58:16,0.94,passed,128,False
AUD-CH-233-Inp-9159,CH-233,Input Aggregation Agent,2026-03-01T18:56:00,0.81,completed,5981,False
AUD-CH-233-Pro-3772,CH-233,Profile Synthesis Agent,2026-03-01T18:56:40,0.84,completed,4899,False
AUD-CH-233-Pre-7744,CH-233,Prediction Agent,2026-03-01T18:56:43,0.95,completed,1920,False
AUD-CH-233-Dom-9607,CH-233,Domain Analysis Agent,2026-03-01T18:57:20,0.83,completed,1719,False
AUD-CH-233-Gui-7745,CH-233,Guideline Generation Agent,2026-03-01T18:57:36,0.74,escalated_to_human,2992,True
AUD-CH-233-Goa-9471,CH-233,Goal Generation Agent,2026-03-01T18:58:10,0.78,completed,4490,False
AUD-CH-233-Mil-6502,CH-233,Milestone Planning Agent,2026-03-01T18:58:32,0.88,completed,2649,False
AUD-CH-233-Car-1438,CH-233,Caregiver Guidance Agent,2026-03-01T18:59:11,0.73,escalated_to_human,3547,True
AUD-CH-233-Eth-3690,CH-233,Ethics and Consent Agent,2026-03-01T18:59:48,0.94,passed,1468,False
AUD-CH-233-Bia-5635,CH-233,Bias Monitoring Agent,2026-03-01T18:59:50,0.98,passed,410,False
AUD-CH-233-Dat-2099,CH-233,Data Quality Agent,2026-03-01T18:59:52,0.99,passed,367,False
AUD-CH-233-Con-4341,CH-233,Confidence and Abstention Agent,2026-03-01T19:00:04,0.95,passed,1882,False
AUD-CH-234-Inp-2086,CH-234,Input Aggregation Agent,2026-03-01T13:46:00,0.8,completed,1232,False
AUD-CH-234-Pro-1912,CH-234,Profile Synthesis Agent,2026-03-01T13:46:44,0.99,completed,5517,False
AUD-CH-234-Pre-4711,CH-234,Prediction Agent,2026-03-01T13:47:28,0.7,escalated_to_human,4681,True
AUD-CH-234-Dom-7802,CH-234,Domain Analysis Agent,2026-03-01T13:47:38,0.84,completed,3421,False
AUD-CH-234-Gui-5069,CH-234,Guideline Generation Agent,2026-03-01T13:47:41,0.91,completed,3581,False
AUD-CH-234-Goa-2524,CH-234,Goal Generation Agent,2026-03-01T13:48:17,0.78,completed,2589,False
AUD-CH-234-Mil-4653,CH-234,Milestone Planning Agent,2026-03-01T13:48:31,0.83,completed,5593,False
AUD-CH-234-Car-9661,CH-234,Caregiver Guidance Agent,2026-03-01T13:48:35,0.9,completed,913,False
AUD-CH-234-Eth-8220,CH-234,Ethics and Consent Agent,2026-03-01T13:49:01,0.96,passed,192,False
AUD-CH-234-Bia-5772,CH-234,Bias Monitoring Agent,2026-03-01T13:49:10,0.94,passed,1829,False
AUD-CH-234-Dat-7384,CH-234,Data Quality Agent,2026-03-01T13:49:18,0.71,flagged_for_review,1705,True
AUD-CH-234-Con-4204,CH-234,Confidence and Abstention Agent,2026-03-01T13:49:31,0.92,passed,568,False
AUD-CH-235-Inp-7750,CH-235,Input Aggregation Agent,2026-03-01T18:55:00,0.84,completed,5519,False
AUD-CH-235-Pro-2921,CH-235,Profile Synthesis Agent,2026-03-01T18:55:12,0.7,escalated_to_human,3485,True
AUD-CH-235-Pre-7599,CH-235,Prediction Agent,2026-03-01T18:55:51,0.97,completed,2969,False
AUD-CH-235-Dom-2679,CH-235,Domain Analysis Agent,2026-03-01T18:56:36,0.76,completed,3339,False
AUD-CH-235-Gui-1917,CH-235,Guideline Generation Agent,2026-03-01T18:57:17,0.83,completed,3471,False
AUD-CH-235-Goa-1392,CH-235,Goal Generation Agent,2026-03-01T18:57:30,0.87,completed,2833,False
AUD-CH-235-Mil-5969,CH-235,Milestone Planning Agent,2026-03-01T18:57:39,0.73,escalated_to_human,2431,True
AUD-CH-235-Car-2525,CH-235,Caregiver Guidance Agent,2026-03-01T18:57:52,0.86,completed,1743,False
AUD-CH-235-Eth-1929,CH-235,Ethics and Consent Agent,2026-03-01T18:58:07,0.97,passed,1941,False
AUD-CH-235-Bia-1850,CH-235,Bias Monitoring Agent,2026-03-01T18:58:13,0.94,passed,1155,False
AUD-CH-235-Dat-5710,CH-235,Data Quality Agent,2026-03-01T18:58:17,0.96,passed,1767,False
AUD-CH-235-Con-3771,CH-235,Confidence and Abstention Agent,2026-03-01T18:58:24,0.97,passed,268,False
AUD-CH-236-Inp-7147,CH-236,Input Aggregation Agent,2026-03-01T13:16:00,0.91,completed,603,False
AUD-CH-236-Pro-4921,CH-236,Profile Synthesis Agent,2026-03-01T13:16:06,0.74,escalated_to_human,4441,True
AUD-CH-236-Pre-3026,CH-236,Prediction Agent,2026-03-01T13:16:48,0.91,completed,3103,False
AUD-CH-236-Dom-5084,CH-236,Domain Analysis Agent,2026-03-01T13:17:18,0.69,escalated_to_human,667,True
AUD-CH-236-Gui-4038,CH-236,Guideline Generation Agent,2026-03-01T13:17:24,0.77,completed,1800,False
AUD-CH-236-Goa-1043,CH-236,Goal Generation Agent,2026-03-01T13:17:43,0.72,escalated_to_human,3628,True
AUD-CH-236-Mil-8100,CH-236,Milestone Planning Agent,2026-03-01T13:17:57,0.75,completed,1459,False
AUD-CH-236-Car-2925,CH-236,Caregiver Guidance Agent,2026-03-01T13:18:22,0.86,completed,783,False
AUD-CH-236-Eth-7991,CH-236,Ethics and Consent Agent,2026-03-01T13:18:51,0.99,passed,2379,False
AUD-CH-236-Bia-3295,CH-236,Bias Monitoring Agent,2026-03-01T13:19:04,0.95,passed,1819,False
AUD-CH-236-Dat-4868,CH-236,Data Quality Agent,2026-03-01T13:19:14,0.94,passed,321,False
AUD-CH-236-Con-3550,CH-236,Confidence and Abstention Agent,2026-03-01T13:19:21,0.94,passed,702,False
AUD-CH-237-Inp-9425,CH-237,Input Aggregation Agent,2026-03-01T08:37:00,0.83,completed,2581,False
AUD-CH-237-Pro-1912,CH-237,Profile Synthesis Agent,2026-03-01T08:37:14,0.82,completed,2355,False
AUD-CH-237-Pre-1849,CH-237,Prediction Agent,2026-03-01T08:37:40,0.9,completed,5490,False
AUD-CH-237-Dom-1427,CH-237,Domain Analysis Agent,2026-03-01T08:38:05,0.94,completed,3699,False
AUD-CH-237-Gui-1744,CH-237,Guideline Generation Agent,2026-03-01T08:38:46,0.93,completed,849,False
AUD-CH-237-Goa-5175,CH-237,Goal Generation Agent,2026-03-01T08:38:51,0.94,completed,2450,False
AUD-CH-237-Mil-1871,CH-237,Milestone Planning Agent,2026-03-01T08:39:22,0.76,completed,738,False
AUD-CH-237-Car-9584,CH-237,Caregiver Guidance Agent,2026-03-01T08:39:45,0.96,completed,5622,False
AUD-CH-237-Eth-7087,CH-237,Ethics and Consent Agent,2026-03-01T08:40:03,0.98,passed,597,False
AUD-CH-237-Bia-7463,CH-237,Bias Monitoring Agent,2026-03-01T08:40:12,0.94,passed,1687,False
AUD-CH-237-Dat-1258,CH-237,Data Quality Agent,2026-03-01T08:40:20,0.96,passed,301,False
AUD-CH-237-Con-1004,CH-237,Confidence and Abstention Agent,2026-03-01T08:40:28,0.68,flagged_for_review,1345,True
AUD-CH-238-Inp-7908,CH-238,Input Aggregation Agent,2026-03-01T09:03:00,0.76,completed,869,False
AUD-CH-238-Pro-1984,CH-238,Profile Synthesis Agent,2026-03-01T09:03:33,0.95,completed,4291,False
AUD-CH-238-Pre-6438,CH-238,Prediction Agent,2026-03-01T09:03:47,0.95,completed,4265,False
AUD-CH-238-Dom-9794,CH-238,Domain Analysis Agent,2026-03-01T09:04:11,0.93,completed,2607,False
AUD-CH-238-Gui-1444,CH-238,Guideline Generation Agent,2026-03-01T09:04:51,0.92,completed,3555,False
AUD-CH-238-Goa-4019,CH-238,Goal Generation Agent,2026-03-01T09:05:08,0.92,completed,1498,False
AUD-CH-238-Mil-6777,CH-238,Milestone Planning Agent,2026-03-01T09:05:29,0.97,completed,1787,False
AUD-CH-238-Car-4689,CH-238,Caregiver Guidance Agent,2026-03-01T09:05:54,0.86,completed,5218,False
AUD-CH-238-Eth-2228,CH-238,Ethics and Consent Agent,2026-03-01T09:06:29,0.92,passed,728,False
AUD-CH-238-Bia-1030,CH-238,Bias Monitoring Agent,2026-03-01T09:06:31,0.92,passed,1741,False
AUD-CH-238-Dat-7743,CH-238,Data Quality Agent,2026-03-01T09:06:43,0.92,passed,495,False
AUD-CH-238-Con-1888,CH-238,Confidence and Abstention Agent,2026-03-01T09:06:46,0.92,passed,2414,False
AUD-CH-239-Inp-4311,CH-239,Input Aggregation Agent,2026-03-02T03:13:00,0.72,escalated_to_human,4370,True
AUD-CH-239-Pro-1869,CH-239,Profile Synthesis Agent,2026-03-02T03:13:35,0.71,escalated_to_human,5098,True
AUD-CH-239-Pre-9246,CH-239,Prediction Agent,2026-03-02T03:13:48,0.76,completed,4399,False
AUD-CH-239-Dom-5505,CH-239,Domain Analysis Agent,2026-03-02T03:14:07,0.73,escalated_to_human,1080,True
AUD-CH-239-Gui-6047,CH-239,Guideline Generation Agent,2026-03-02T03:14:28,0.74,escalated_to_human,392,True
AUD-CH-239-Goa-8785,CH-239,Goal Generation Agent,2026-03-02T03:14:31,0.72,escalated_to_human,2645,True
AUD-CH-239-Mil-3437,CH-239,Milestone Planning Agent,2026-03-02T03:14:45,0.82,completed,1098,False
AUD-CH-239-Car-2764,CH-239,Caregiver Guidance Agent,2026-03-02T03:15:24,0.93,completed,4351,False
AUD-CH-239-Eth-4705,CH-239,Ethics and Consent Agent,2026-03-02T03:15:59,0.97,passed,940,False
AUD-CH-239-Bia-7761,CH-239,Bias Monitoring Agent,2026-03-02T03:16:13,0.92,passed,2056,False
AUD-CH-239-Dat-8894,CH-239,Data Quality Agent,2026-03-02T03:16:20,0.92,passed,2434,False
AUD-CH-239-Con-8927,CH-239,Confidence and Abstention Agent,2026-03-02T03:16:34,0.96,passed,884,False
AUD-CH-240-Inp-7134,CH-240,Input Aggregation Agent,2026-03-03T07:25:00,0.91,completed,4482,False
AUD-CH-240-Pro-3915,CH-240,Profile Synthesis Agent,2026-03-03T07:25:06,0.74,escalated_to_human,697,True
AUD-CH-240-Pre-5488,CH-240,Prediction Agent,2026-03-03T07:25:51,0.85,completed,2076,False
AUD-CH-240-Dom-2275,CH-240,Domain Analysis Agent,2026-03-03T07:26:26,0.89,completed,4691,False
AUD-CH-240-Gui-7743,CH-240,Guideline Generation Agent,2026-03-03T07:26:48,0.97,completed,3936,False
AUD-CH-240-Goa-9828,CH-240,Goal Generation Agent,2026-03-03T07:27:32,0.88,completed,3225,False
AUD-CH-240-Mil-5190,CH-240,Milestone Planning Agent,2026-03-03T07:27:52,0.81,completed,449,False
AUD-CH-240-Car-8927,CH-240,Caregiver Guidance Agent,2026-03-03T07:28:05,0.93,completed,3320,False
AUD-CH-240-Eth-8602,CH-240,Ethics and Consent Agent,2026-03-03T07:28:49,0.96,passed,1730,False
AUD-CH-240-Bia-5312,CH-240,Bias Monitoring Agent,2026-03-03T07:29:01,0.93,passed,858,False
AUD-CH-240-Dat-7884,CH-240,Data Quality Agent,2026-03-03T07:29:09,0.83,flagged_for_review,296,True
AUD-CH-240-Con-3298,CH-240,Confidence and Abstention Agent,2026-03-03T07:29:15,0.99,passed,410,False
AUD-CH-241-Inp-1267,CH-241,Input Aggregation Agent,2026-03-02T20:28:00,0.78,completed,3666,False
AUD-CH-241-Pro-6142,CH-241,Profile Synthesis Agent,2026-03-02T20:28:39,0.97,completed,1789,False
AUD-CH-241-Pre-8672,CH-241,Prediction Agent,2026-03-02T20:29:05,0.98,completed,4414,False
AUD-CH-241-Dom-2857,CH-241,Domain Analysis Agent,2026-03-02T20:29:48,0.86,completed,3528,False
AUD-CH-241-Gui-4702,CH-241,Guideline Generation Agent,2026-03-02T20:30:10,0.93,completed,4606,False
AUD-CH-241-Goa-2225,CH-241,Goal Generation Agent,2026-03-02T20:30:35,0.88,completed,4396,False
AUD-CH-241-Mil-1541,CH-241,Milestone Planning Agent,2026-03-02T20:30:57,0.92,completed,3058,False
AUD-CH-241-Car-4419,CH-241,Caregiver Guidance Agent,2026-03-02T20:31:10,0.97,completed,4291,False
AUD-CH-241-Eth-3671,CH-241,Ethics and Consent Agent,2026-03-02T20:31:25,0.61,flagged_for_review,1904,True
AUD-CH-241-Bia-9409,CH-241,Bias Monitoring Agent,2026-03-02T20:31:28,0.95,passed,1130,False
AUD-CH-241-Dat-7289,CH-241,Data Quality Agent,2026-03-02T20:31:35,0.68,flagged_for_review,2067,True
AUD-CH-241-Con-3751,CH-241,Confidence and Abstention Agent,2026-03-02T20:31:44,0.99,passed,1438,False
AUD-CH-242-Inp-1379,CH-242,Input Aggregation Agent,2026-03-03T06:08:00,0.87,completed,3717,False
AUD-CH-242-Pro-5198,CH-242,Profile Synthesis Agent,2026-03-03T06:08:30,0.84,completed,678,False
AUD-CH-242-Pre-4638,CH-242,Prediction Agent,2026-03-03T06:09:14,0.81,completed,2061,False
AUD-CH-242-Dom-5435,CH-242,Domain Analysis Agent,2026-03-03T06:09:50,0.91,completed,1221,False
AUD-CH-242-Gui-8935,CH-242,Guideline Generation Agent,2026-03-03T06:10:12,0.7,escalated_to_human,4797,True
AUD-CH-242-Goa-8548,CH-242,Goal Generation Agent,2026-03-03T06:10:30,0.93,completed,5053,False
AUD-CH-242-Mil-3715,CH-242,Milestone Planning Agent,2026-03-03T06:10:47,0.95,completed,4094,False
AUD-CH-242-Car-2754,CH-242,Caregiver Guidance Agent,2026-03-03T06:11:17,0.77,completed,295,False
AUD-CH-242-Eth-9278,CH-242,Ethics and Consent Agent,2026-03-03T06:11:23,0.97,passed,1580,False
AUD-CH-242-Bia-2512,CH-242,Bias Monitoring Agent,2026-03-03T06:11:28,0.95,passed,2294,False
AUD-CH-242-Dat-7800,CH-242,Data Quality Agent,2026-03-03T06:11:34,0.97,passed,2272,False
AUD-CH-242-Con-3068,CH-242,Confidence and Abstention Agent,2026-03-03T06:11:43,0.91,passed,1119,False
AUD-CH-243-Inp-6762,CH-243,Input Aggregation Agent,2026-03-01T09:48:00,0.78,completed,1803,False
AUD-CH-243-Pro-2569,CH-243,Profile Synthesis Agent,2026-03-01T09:48:21,0.71,escalated_to_human,3520,True
AUD-CH-243-Pre-8578,CH-243,Prediction Agent,2026-03-01T09:48:34,0.7,escalated_to_human,4639,True
AUD-CH-243-Dom-4934,CH-243,Domain Analysis Agent,2026-03-01T09:48:56,0.71,escalated_to_human,1039,True
AUD-CH-243-Gui-8612,CH-243,Guideline Generation Agent,2026-03-01T09:49:29,0.78,completed,3415,False
AUD-CH-243-Goa-9836,CH-243,Goal Generation Agent,2026-03-01T09:49:52,0.92,completed,4215,False
AUD-CH-243-Mil-8658,CH-243,Milestone Planning Agent,2026-03-01T09:50:02,0.79,completed,4482,False
AUD-CH-243-Car-8556,CH-243,Caregiver Guidance Agent,2026-03-01T09:50:25,0.84,completed,4338,False
AUD-CH-243-Eth-2942,CH-243,Ethics and Consent Agent,2026-03-01T09:51:07,0.92,passed,1005,False
AUD-CH-243-Bia-6225,CH-243,Bias Monitoring Agent,2026-03-01T09:51:10,0.95,passed,1020,False
AUD-CH-243-Dat-9176,CH-243,Data Quality Agent,2026-03-01T09:51:24,0.93,passed,2104,False
AUD-CH-243-Con-4607,CH-243,Confidence and Abstention Agent,2026-03-01T09:51:29,0.94,passed,888,False
AUD-CH-244-Inp-6590,CH-244,Input Aggregation Agent,2026-03-02T04:58:00,0.96,completed,299,False
AUD-CH-244-Pro-8397,CH-244,Profile Synthesis Agent,2026-03-02T04:58:25,0.89,completed,4872,False
AUD-CH-244-Pre-1994,CH-244,Prediction Agent,2026-03-02T04:59:04,0.69,escalated_to_human,1299,True
AUD-CH-244-Dom-2753,CH-244,Domain Analysis Agent,2026-03-02T04:59:49,0.86,completed,1742,False
AUD-CH-244-Gui-6187,CH-244,Guideline Generation Agent,2026-03-02T05:00:24,0.75,completed,1432,False
AUD-CH-244-Goa-2775,CH-244,Goal Generation Agent,2026-03-02T05:00:44,0.97,completed,593,False
AUD-CH-244-Mil-2848,CH-244,Milestone Planning Agent,2026-03-02T05:01:14,0.89,completed,1681,False
AUD-CH-244-Car-5201,CH-244,Caregiver Guidance Agent,2026-03-02T05:01:27,0.83,completed,4556,False
AUD-CH-244-Eth-5016,CH-244,Ethics and Consent Agent,2026-03-02T05:01:37,0.95,passed,2055,False
AUD-CH-244-Bia-2078,CH-244,Bias Monitoring Agent,2026-03-02T05:01:51,0.95,passed,2403,False
AUD-CH-244-Dat-2234,CH-244,Data Quality Agent,2026-03-02T05:01:55,0.93,passed,1403,False
AUD-CH-244-Con-6647,CH-244,Confidence and Abstention Agent,2026-03-02T05:01:58,0.96,passed,1460,False
AUD-CH-245-Inp-6937,CH-245,Input Aggregation Agent,2026-03-02T13:18:00,0.8,completed,1181,False
AUD-CH-245-Pro-4811,CH-245,Profile Synthesis Agent,2026-03-02T13:18:44,0.76,completed,4176,False
AUD-CH-245-Pre-8104,CH-245,Prediction Agent,2026-03-02T13:18:50,0.73,escalated_to_human,5546,True
AUD-CH-245-Dom-3392,CH-245,Domain Analysis Agent,2026-03-02T13:19:01,0.96,completed,1068,False
AUD-CH-245-Gui-4786,CH-245,Guideline Generation Agent,2026-03-02T13:19:29,0.74,escalated_to_human,3563,True
AUD-CH-245-Goa-4563,CH-245,Goal Generation Agent,2026-03-02T13:19:38,0.88,completed,5046,False
AUD-CH-245-Mil-8471,CH-245,Milestone Planning Agent,2026-03-02T13:19:59,0.76,completed,1289,False
AUD-CH-245-Car-5243,CH-245,Caregiver Guidance Agent,2026-03-02T13:20:05,0.82,completed,2617,False
AUD-CH-245-Eth-2285,CH-245,Ethics and Consent Agent,2026-03-02T13:20:29,0.96,passed,2275,False
AUD-CH-245-Bia-8946,CH-245,Bias Monitoring Agent,2026-03-02T13:20:34,0.97,passed,453,False
AUD-CH-245-Dat-5351,CH-245,Data Quality Agent,2026-03-02T13:20:47,0.94,passed,2025,False
AUD-CH-245-Con-7529,CH-245,Confidence and Abstention Agent,2026-03-02T13:20:51,0.98,passed,1502,False
AUD-CH-246-Inp-3496,CH-246,Input Aggregation Agent,2026-03-01T21:35:00,0.76,completed,482,False
AUD-CH-246-Pro-1722,CH-246,Profile Synthesis Agent,2026-03-01T21:35:06,0.82,completed,1987,False
AUD-CH-246-Pre-9425,CH-246,Prediction Agent,2026-03-01T21:35:22,0.88,completed,2603,False
AUD-CH-246-Dom-2935,CH-246,Domain Analysis Agent,2026-03-01T21:35:49,0.7,escalated_to_human,3133,True
AUD-CH-246-Gui-4884,CH-246,Guideline Generation Agent,2026-03-01T21:36:09,0.84,completed,4813,False
AUD-CH-246-Goa-7453,CH-246,Goal Generation Agent,2026-03-01T21:36:21,0.91,completed,3185,False
AUD-CH-246-Mil-4036,CH-246,Milestone Planning Agent,2026-03-01T21:36:24,0.72,escalated_to_human,3841,True
AUD-CH-246-Car-2741,CH-246,Caregiver Guidance Agent,2026-03-01T21:36:36,0.8,completed,4000,False
AUD-CH-246-Eth-1795,CH-246,Ethics and Consent Agent,2026-03-01T21:37:18,0.96,passed,451,False
AUD-CH-246-Bia-5668,CH-246,Bias Monitoring Agent,2026-03-01T21:37:26,0.97,passed,915,False
AUD-CH-246-Dat-8171,CH-246,Data Quality Agent,2026-03-01T21:37:34,0.99,passed,412,False
AUD-CH-246-Con-6315,CH-246,Confidence and Abstention Agent,2026-03-01T21:37:45,0.96,passed,2195,False
AUD-CH-247-Inp-1075,CH-247,Input Aggregation Agent,2026-03-02T06:49:00,0.98,completed,464,False
AUD-CH-247-Pro-5845,CH-247,Profile Synthesis Agent,2026-03-02T06:49:41,0.83,completed,772,False
AUD-CH-247-Pre-6574,CH-247,Prediction Agent,2026-03-02T06:50:06,0.77,completed,4174,False
AUD-CH-247-Dom-1112,CH-247,Domain Analysis Agent,2026-03-02T06:50:42,0.74,escalated_to_human,4807,True
AUD-CH-247-Gui-9171,CH-247,Guideline Generation Agent,2026-03-02T06:50:58,0.82,completed,1321,False
AUD-CH-247-Goa-2693,CH-247,Goal Generation Agent,2026-03-02T06:51:24,0.85,completed,2338,False
AUD-CH-247-Mil-4224,CH-247,Milestone Planning Agent,2026-03-02T06:52:07,0.95,completed,841,False
AUD-CH-247-Car-7366,CH-247,Caregiver Guidance Agent,2026-03-02T06:52:11,0.85,completed,163,False
AUD-CH-247-Eth-7014,CH-247,Ethics and Consent Agent,2026-03-02T06:52:38,0.97,passed,1185,False
AUD-CH-247-Bia-9593,CH-247,Bias Monitoring Agent,2026-03-02T06:52:49,0.97,passed,1379,False
AUD-CH-247-Dat-9297,CH-247,Data Quality Agent,2026-03-02T06:52:56,0.96,passed,1684,False
AUD-CH-247-Con-7291,CH-247,Confidence and Abstention Agent,2026-03-02T06:53:09,0.64,flagged_for_review,424,True
AUD-CH-248-Inp-4208,CH-248,Input Aggregation Agent,2026-03-03T01:09:00,0.83,completed,4299,False
AUD-CH-248-Pro-5105,CH-248,Profile Synthesis Agent,2026-03-03T01:09:21,0.76,completed,5716,False
AUD-CH-248-Pre-1565,CH-248,Prediction Agent,2026-03-03T01:09:45,0.95,completed,1599,False
AUD-CH-248-Dom-5718,CH-248,Domain Analysis Agent,2026-03-03T01:09:48,0.84,completed,5607,False
AUD-CH-248-Gui-2711,CH-248,Guideline Generation Agent,2026-03-03T01:10:01,0.73,escalated_to_human,3977,True
AUD-CH-248-Goa-4230,CH-248,Goal Generation Agent,2026-03-03T01:10:09,0.89,completed,2681,False
AUD-CH-248-Mil-5798,CH-248,Milestone Planning Agent,2026-03-03T01:10:24,0.99,completed,1260,False
AUD-CH-248-Car-9351,CH-248,Caregiver Guidance Agent,2026-03-03T01:10:51,0.75,completed,4019,False
AUD-CH-248-Eth-2754,CH-248,Ethics and Consent Agent,2026-03-03T01:11:02,0.96,passed,786,False
AUD-CH-248-Bia-2807,CH-248,Bias Monitoring Agent,2026-03-03T01:11:10,0.97,passed,148,False
AUD-CH-248-Dat-1596,CH-248,Data Quality Agent,2026-03-03T01:11:24,0.93,passed,1736,False
AUD-CH-248-Con-7200,CH-248,Confidence and Abstention Agent,2026-03-03T01:11:28,0.97,passed,376,False
AUD-CH-249-Inp-4082,CH-249,Input Aggregation Agent,2026-03-03T05:13:00,0.73,escalated_to_human,5946,True
AUD-CH-249-Pro-7261,CH-249,Profile Synthesis Agent,2026-03-03T05:13:11,0.83,completed,3418,False
AUD-CH-249-Pre-3679,CH-249,Prediction Agent,2026-03-03T05:13:54,0.74,escalated_to_human,1790,True
AUD-CH-249-Dom-9892,CH-249,Domain Analysis Agent,2026-03-03T05:14:11,0.75,completed,5911,False
AUD-CH-249-Gui-3159,CH-249,Guideline Generation Agent,2026-03-03T05:14:14,0.73,escalated_to_human,2367,True
AUD-CH-249-Goa-2870,CH-249,Goal Generation Agent,2026-03-03T05:14:20,0.73,escalated_to_human,3363,True
AUD-CH-249-Mil-7943,CH-249,Milestone Planning Agent,2026-03-03T05:14:58,0.94,completed,2400,False
AUD-CH-249-Car-9718,CH-249,Caregiver Guidance Agent,2026-03-03T05:15:30,0.8,completed,1178,False
AUD-CH-249-Eth-8676,CH-249,Ethics and Consent Agent,2026-03-03T05:16:06,0.98,passed,999,False
AUD-CH-249-Bia-6256,CH-249,Bias Monitoring Agent,2026-03-03T05:16:15,0.93,passed,2247,False
AUD-CH-249-Dat-7350,CH-249,Data Quality Agent,2026-03-03T05:16:24,0.99,passed,1282,False
AUD-CH-249-Con-9034,CH-249,Confidence and Abstention Agent,2026-03-03T05:16:27,0.92,passed,853,False
AUD-CH-250-Inp-6925,CH-250,Input Aggregation Agent,2026-03-03T04:09:00,0.85,completed,1675,False
AUD-CH-250-Pro-5678,CH-250,Profile Synthesis Agent,2026-03-03T04:09:07,0.75,completed,2312,False
AUD-CH-250-Pre-1480,CH-250,Prediction Agent,2026-03-03T04:09:43,0.98,completed,494,False
AUD-CH-250-Dom-1964,CH-250,Domain Analysis Agent,2026-03-03T04:09:46,0.81,completed,2845,False
AUD-CH-250-Gui-6190,CH-250,Guideline Generation Agent,2026-03-03T04:10:06,0.82,completed,5581,False
AUD-CH-250-Goa-5951,CH-250,Goal Generation Agent,2026-03-03T04:10:34,0.82,completed,5545,False
AUD-CH-250-Mil-7268,CH-250,Milestone Planning Agent,2026-03-03T04:11:09,0.96,completed,1940,False
AUD-CH-250-Car-7171,CH-250,Caregiver Guidance Agent,2026-03-03T04:11:15,0.73,escalated_to_human,1948,True
AUD-CH-250-Eth-9611,CH-250,Ethics and Consent Agent,2026-03-03T04:11:35,0.93,passed,1478,False
AUD-CH-250-Bia-5166,CH-250,Bias Monitoring Agent,2026-03-03T04:11:48,0.56,flagged_for_review,2064,True
AUD-CH-250-Dat-8922,CH-250,Data Quality Agent,2026-03-03T04:11:53,0.96,passed,770,False
AUD-CH-250-Con-3442,CH-250,Confidence and Abstention Agent,2026-03-03T04:12:01,0.95,passed,1900,False
AUD-CH-251-Inp-8648,CH-251,Input Aggregation Agent,2026-03-02T18:40:00,0.7,escalated_to_human,4780,True
AUD-CH-251-Pro-3656,CH-251,Profile Synthesis Agent,2026-03-02T18:40:17,0.82,completed,4151,False
AUD-CH-251-Pre-5334,CH-251,Prediction Agent,2026-03-02T18:40:20,0.84,completed,1665,False
AUD-CH-251-Dom-7736,CH-251,Domain Analysis Agent,2026-03-02T18:40:23,0.82,completed,1505,False
AUD-CH-251-Gui-7374,CH-251,Guideline Generation Agent,2026-03-02T18:40:39,0.88,completed,5373,False
AUD-CH-251-Goa-2666,CH-251,Goal Generation Agent,2026-03-02T18:41:23,0.97,completed,440,False
AUD-CH-251-Mil-1719,CH-251,Milestone Planning Agent,2026-03-02T18:42:00,0.96,completed,5553,False
AUD-CH-251-Car-6450,CH-251,Caregiver Guidance Agent,2026-03-02T18:42:22,0.97,completed,1101,False
AUD-CH-251-Eth-3005,CH-251,Ethics and Consent Agent,2026-03-02T18:42:59,0.95,passed,1402,False
AUD-CH-251-Bia-6549,CH-251,Bias Monitoring Agent,2026-03-02T18:43:10,0.92,passed,2278,False
AUD-CH-251-Dat-2564,CH-251,Data Quality Agent,2026-03-02T18:43:24,0.92,passed,1259,False
AUD-CH-251-Con-8656,CH-251,Confidence and Abstention Agent,2026-03-02T18:43:39,0.96,passed,162,False
AUD-CH-252-Inp-8441,CH-252,Input Aggregation Agent,2026-03-02T19:10:00,0.71,escalated_to_human,1357,True
AUD-CH-252-Pro-4137,CH-252,Profile Synthesis Agent,2026-03-02T19:10:40,0.85,completed,1790,False
AUD-CH-252-Pre-5200,CH-252,Prediction Agent,2026-03-02T19:11:20,0.98,completed,4885,False
AUD-CH-252-Dom-7290,CH-252,Domain Analysis Agent,2026-03-02T19:11:42,0.96,completed,1852,False
AUD-CH-252-Gui-2661,CH-252,Guideline Generation Agent,2026-03-02T19:12:21,0.78,completed,4914,False
AUD-CH-252-Goa-5836,CH-252,Goal Generation Agent,2026-03-02T19:12:30,0.98,completed,2860,False
AUD-CH-252-Mil-7407,CH-252,Milestone Planning Agent,2026-03-02T19:13:15,0.95,completed,5728,False
AUD-CH-252-Car-7356,CH-252,Caregiver Guidance Agent,2026-03-02T19:13:22,0.81,completed,5674,False
AUD-CH-252-Eth-6829,CH-252,Ethics and Consent Agent,2026-03-02T19:13:37,0.97,passed,453,False
AUD-CH-252-Bia-1640,CH-252,Bias Monitoring Agent,2026-03-02T19:13:51,0.98,passed,2443,False
AUD-CH-252-Dat-7381,CH-252,Data Quality Agent,2026-03-02T19:13:54,0.95,passed,1926,False
AUD-CH-252-Con-4186,CH-252,Confidence and Abstention Agent,2026-03-02T19:14:01,0.93,passed,1305,False
AUD-CH-253-Inp-5231,CH-253,Input Aggregation Agent,2026-03-02T08:45:00,0.9,completed,4236,False
AUD-CH-253-Pro-7264,CH-253,Profile Synthesis Agent,2026-03-02T08:45:40,0.85,completed,3689,False
AUD-CH-253-Pre-1018,CH-253,Prediction Agent,2026-03-02T08:46:16,0.9,completed,2352,False
AUD-CH-253-Dom-7667,CH-253,Domain Analysis Agent,2026-03-02T08:46:41,0.93,completed,2826,False
AUD-CH-253-Gui-7756,CH-253,Guideline Generation Agent,2026-03-02T08:47:22,0.97,completed,1448,False
AUD-CH-253-Goa-5576,CH-253,Goal Generation Agent,2026-03-02T08:47:55,0.93,completed,5569,False
AUD-CH-253-Mil-2286,CH-253,Milestone Planning Agent,2026-03-02T08:48:20,0.72,escalated_to_human,163,True
AUD-CH-253-Car-4489,CH-253,Caregiver Guidance Agent,2026-03-02T08:48:44,0.94,completed,3253,False
AUD-CH-253-Eth-1240,CH-253,Ethics and Consent Agent,2026-03-02T08:49:06,0.98,passed,486,False
AUD-CH-253-Bia-8391,CH-253,Bias Monitoring Agent,2026-03-02T08:49:21,0.93,passed,2447,False
AUD-CH-253-Dat-5888,CH-253,Data Quality Agent,2026-03-02T08:49:24,0.97,passed,1981,False
AUD-CH-253-Con-8945,CH-253,Confidence and Abstention Agent,2026-03-02T08:49:30,0.96,passed,1469,False
AUD-CH-254-Inp-8334,CH-254,Input Aggregation Agent,2026-03-01T12:52:00,0.71,escalated_to_human,579,True
AUD-CH-254-Pro-9634,CH-254,Profile Synthesis Agent,2026-03-01T12:52:07,0.99,completed,4442,False
AUD-CH-254-Pre-4642,CH-254,Prediction Agent,2026-03-01T12:52:17,0.8,completed,5119,False
AUD-CH-254-Dom-2902,CH-254,Domain Analysis Agent,2026-03-01T12:52:24,0.81,completed,4840,False
AUD-CH-254-Gui-3530,CH-254,Guideline Generation Agent,2026-03-01T12:52:50,0.81,completed,2092,False
AUD-CH-254-Goa-2827,CH-254,Goal Generation Agent,2026-03-01T12:53:32,0.93,completed,479,False
AUD-CH-254-Mil-2474,CH-254,Milestone Planning Agent,2026-03-01T12:54:07,0.7,escalated_to_human,928,True
AUD-CH-254-Car-7452,CH-254,Caregiver Guidance Agent,2026-03-01T12:54:10,0.9,completed,705,False
AUD-CH-254-Eth-5338,CH-254,Ethics and Consent Agent,2026-03-01T12:54:48,0.96,passed,1157,False
AUD-CH-254-Bia-4728,CH-254,Bias Monitoring Agent,2026-03-01T12:55:00,0.92,passed,1280,False
AUD-CH-254-Dat-7171,CH-254,Data Quality Agent,2026-03-01T12:55:10,0.94,passed,2314,False
AUD-CH-254-Con-2473,CH-254,Confidence and Abstention Agent,2026-03-01T12:55:15,0.97,passed,185,False
AUD-CH-255-Inp-1025,CH-255,Input Aggregation Agent,2026-03-03T02:24:00,0.7,escalated_to_human,1528,True
AUD-CH-255-Pro-7795,CH-255,Profile Synthesis Agent,2026-03-03T02:24:23,0.89,completed,2797,False
AUD-CH-255-Pre-4515,CH-255,Prediction Agent,2026-03-03T02:24:48,0.75,completed,2100,False
AUD-CH-255-Dom-2952,CH-255,Domain Analysis Agent,2026-03-03T02:25:01,0.71,escalated_to_human,4731,True
AUD-CH-255-Gui-9035,CH-255,Guideline Generation Agent,2026-03-03T02:25:07,0.93,completed,4842,False
AUD-CH-255-Goa-8252,CH-255,Goal Generation Agent,2026-03-03T02:25:41,0.97,completed,3046,False
AUD-CH-255-Mil-3146,CH-255,Milestone Planning Agent,2026-03-03T02:26:04,0.9,completed,3769,False
AUD-CH-255-Car-5411,CH-255,Caregiver Guidance Agent,2026-03-03T02:26:44,0.79,completed,5247,False
AUD-CH-255-Eth-9134,CH-255,Ethics and Consent Agent,2026-03-03T02:26:56,0.92,passed,2440,False
AUD-CH-255-Bia-6290,CH-255,Bias Monitoring Agent,2026-03-03T02:27:07,0.92,passed,1415,False
AUD-CH-255-Dat-8888,CH-255,Data Quality Agent,2026-03-03T02:27:13,0.98,passed,1976,False
AUD-CH-255-Con-3466,CH-255,Confidence and Abstention Agent,2026-03-03T02:27:28,0.93,passed,119,False
AUD-CH-256-Inp-8017,CH-256,Input Aggregation Agent,2026-03-02T06:25:00,0.98,completed,650,False
AUD-CH-256-Pro-9126,CH-256,Profile Synthesis Agent,2026-03-02T06:25:26,0.92,completed,4749,False
AUD-CH-256-Pre-2961,CH-256,Prediction Agent,2026-03-02T06:26:03,0.75,completed,1108,False
AUD-CH-256-Dom-8296,CH-256,Domain Analysis Agent,2026-03-02T06:26:20,0.9,completed,4193,False
AUD-CH-256-Gui-5520,CH-256,Guideline Generation Agent,2026-03-02T06:26:28,0.69,escalated_to_human,3782,True
AUD-CH-256-Goa-8897,CH-256,Goal Generation Agent,2026-03-02T06:27:11,0.68,escalated_to_human,5838,True
AUD-CH-256-Mil-4776,CH-256,Milestone Planning Agent,2026-03-02T06:27:28,0.94,completed,4781,False
AUD-CH-256-Car-8242,CH-256,Caregiver Guidance Agent,2026-03-02T06:27:36,0.78,completed,867,False
AUD-CH-256-Eth-7918,CH-256,Ethics and Consent Agent,2026-03-02T06:27:48,0.93,passed,1822,False
AUD-CH-256-Bia-6520,CH-256,Bias Monitoring Agent,2026-03-02T06:28:03,0.98,passed,400,False
AUD-CH-256-Dat-9676,CH-256,Data Quality Agent,2026-03-02T06:28:06,0.97,passed,1056,False
AUD-CH-256-Con-7186,CH-256,Confidence and Abstention Agent,2026-03-02T06:28:10,0.96,passed,1158,False
AUD-CH-257-Inp-8895,CH-257,Input Aggregation Agent,2026-03-02T09:49:00,0.78,completed,2516,False
AUD-CH-257-Pro-5095,CH-257,Profile Synthesis Agent,2026-03-02T09:49:11,0.78,completed,5808,False
AUD-CH-257-Pre-9410,CH-257,Prediction Agent,2026-03-02T09:49:21,0.79,completed,4933,False
AUD-CH-257-Dom-9861,CH-257,Domain Analysis Agent,2026-03-02T09:49:32,0.97,completed,2155,False
AUD-CH-257-Gui-4042,CH-257,Guideline Generation Agent,2026-03-02T09:50:01,0.9,completed,4582,False
AUD-CH-257-Goa-3656,CH-257,Goal Generation Agent,2026-03-02T09:50:44,0.78,completed,1759,False
AUD-CH-257-Mil-5696,CH-257,Milestone Planning Agent,2026-03-02T09:51:21,0.85,completed,4588,False
AUD-CH-257-Car-2620,CH-257,Caregiver Guidance Agent,2026-03-02T09:51:25,0.83,completed,5892,False
AUD-CH-257-Eth-1917,CH-257,Ethics and Consent Agent,2026-03-02T09:51:57,0.96,passed,1910,False
AUD-CH-257-Bia-6306,CH-257,Bias Monitoring Agent,2026-03-02T09:52:06,0.96,passed,1676,False
AUD-CH-257-Dat-2523,CH-257,Data Quality Agent,2026-03-02T09:52:16,0.95,passed,525,False
AUD-CH-257-Con-7251,CH-257,Confidence and Abstention Agent,2026-03-02T09:52:28,0.93,passed,1976,False
AUD-CH-258-Inp-1518,CH-258,Input Aggregation Agent,2026-03-02T15:07:00,0.88,completed,3838,False
AUD-CH-258-Pro-5231,CH-258,Profile Synthesis Agent,2026-03-02T15:07:28,0.88,completed,4991,False
AUD-CH-258-Pre-7890,CH-258,Prediction Agent,2026-03-02T15:08:13,0.85,completed,1878,False
AUD-CH-258-Dom-1803,CH-258,Domain Analysis Agent,2026-03-02T15:08:45,0.68,escalated_to_human,452,True
AUD-CH-258-Gui-4409,CH-258,Guideline Generation Agent,2026-03-02T15:08:49,0.93,completed,1387,False
AUD-CH-258-Goa-3486,CH-258,Goal Generation Agent,2026-03-02T15:08:58,0.81,completed,1709,False
AUD-CH-258-Mil-7210,CH-258,Milestone Planning Agent,2026-03-02T15:09:37,0.83,completed,775,False
AUD-CH-258-Car-3340,CH-258,Caregiver Guidance Agent,2026-03-02T15:09:55,0.72,escalated_to_human,4759,True
AUD-CH-258-Eth-1013,CH-258,Ethics and Consent Agent,2026-03-02T15:10:37,0.97,passed,1445,False
AUD-CH-258-Bia-1847,CH-258,Bias Monitoring Agent,2026-03-02T15:10:47,0.92,passed,825,False
AUD-CH-258-Dat-1914,CH-258,Data Quality Agent,2026-03-02T15:10:51,0.95,passed,1787,False
AUD-CH-258-Con-1261,CH-258,Confidence and Abstention Agent,2026-03-02T15:10:57,0.97,passed,1165,False
AUD-CH-259-Inp-3458,CH-259,Input Aggregation Agent,2026-03-01T16:11:00,0.84,completed,3530,False
AUD-CH-259-Pro-2414,CH-259,Profile Synthesis Agent,2026-03-01T16:11:03,0.97,completed,1286,False
AUD-CH-259-Pre-9114,CH-259,Prediction Agent,2026-03-01T16:11:21,0.8,completed,3209,False
AUD-CH-259-Dom-8517,CH-259,Domain Analysis Agent,2026-03-01T16:11:53,0.8,completed,4799,False
AUD-CH-259-Gui-5832,CH-259,Guideline Generation Agent,2026-03-01T16:12:13,0.93,completed,589,False
AUD-CH-259-Goa-2690,CH-259,Goal Generation Agent,2026-03-01T16:12:32,0.71,escalated_to_human,295,True
AUD-CH-259-Mil-7263,CH-259,Milestone Planning Agent,2026-03-01T16:12:57,0.7,escalated_to_human,5103,True
AUD-CH-259-Car-7909,CH-259,Caregiver Guidance Agent,2026-03-01T16:13:07,0.8,completed,1655,False
AUD-CH-259-Eth-4699,CH-259,Ethics and Consent Agent,2026-03-01T16:13:33,0.94,passed,411,False
AUD-CH-259-Bia-7962,CH-259,Bias Monitoring Agent,2026-03-01T16:13:40,0.96,passed,1612,False
AUD-CH-259-Dat-5033,CH-259,Data Quality Agent,2026-03-01T16:13:45,0.94,passed,780,False
AUD-CH-259-Con-6235,CH-259,Confidence and Abstention Agent,2026-03-01T16:13:56,0.99,passed,658,False
AUD-CH-260-Inp-4683,CH-260,Input Aggregation Agent,2026-03-02T06:22:00,0.79,completed,4647,False
AUD-CH-260-Pro-4505,CH-260,Profile Synthesis Agent,2026-03-02T06:22:24,0.91,completed,1664,False
AUD-CH-260-Pre-9252,CH-260,Prediction Agent,2026-03-02T06:23:00,0.99,completed,3855,False
AUD-CH-260-Dom-3744,CH-260,Domain Analysis Agent,2026-03-02T06:23:03,0.79,completed,1435,False
AUD-CH-260-Gui-3954,CH-260,Guideline Generation Agent,2026-03-02T06:23:17,0.84,completed,3421,False
AUD-CH-260-Goa-1525,CH-260,Goal Generation Agent,2026-03-02T06:23:43,0.88,completed,2035,False
AUD-CH-260-Mil-6970,CH-260,Milestone Planning Agent,2026-03-02T06:24:10,0.81,completed,2644,False
AUD-CH-260-Car-8639,CH-260,Caregiver Guidance Agent,2026-03-02T06:24:33,0.73,escalated_to_human,3110,True
AUD-CH-260-Eth-9466,CH-260,Ethics and Consent Agent,2026-03-02T06:24:50,0.94,passed,1398,False
AUD-CH-260-Bia-7208,CH-260,Bias Monitoring Agent,2026-03-02T06:24:59,0.93,passed,139,False
AUD-CH-260-Dat-7066,CH-260,Data Quality Agent,2026-03-02T06:25:13,0.98,passed,2172,False
AUD-CH-260-Con-1703,CH-260,Confidence and Abstention Agent,2026-03-02T06:25:22,0.99,passed,442,False
AUD-CH-261-Inp-8873,CH-261,Input Aggregation Agent,2026-03-02T04:20:00,0.83,completed,3473,False
AUD-CH-261-Pro-4557,CH-261,Profile Synthesis Agent,2026-03-02T04:20:22,0.84,completed,573,False
AUD-CH-261-Pre-3061,CH-261,Prediction Agent,2026-03-02T04:21:07,0.68,escalated_to_human,3893,True
AUD-CH-261-Dom-7092,CH-261,Domain Analysis Agent,2026-03-02T04:21:16,0.93,completed,3101,False
AUD-CH-261-Gui-5378,CH-261,Guideline Generation Agent,2026-03-02T04:21:20,0.96,completed,4971,False
AUD-CH-261-Goa-5853,CH-261,Goal Generation Agent,2026-03-02T04:21:53,0.7,escalated_to_human,5087,True
AUD-CH-261-Mil-6744,CH-261,Milestone Planning Agent,2026-03-02T04:22:17,0.93,completed,1755,False
AUD-CH-261-Car-4181,CH-261,Caregiver Guidance Agent,2026-03-02T04:22:32,0.91,completed,5096,False
AUD-CH-261-Eth-1549,CH-261,Ethics and Consent Agent,2026-03-02T04:22:56,0.98,passed,1116,False
AUD-CH-261-Bia-5927,CH-261,Bias Monitoring Agent,2026-03-02T04:23:02,0.99,passed,2031,False
AUD-CH-261-Dat-7487,CH-261,Data Quality Agent,2026-03-02T04:23:09,0.98,passed,652,False
AUD-CH-261-Con-5330,CH-261,Confidence and Abstention Agent,2026-03-02T04:23:21,0.91,passed,426,False
AUD-CH-262-Inp-1097,CH-262,Input Aggregation Agent,2026-03-02T21:19:00,0.98,completed,2127,False
AUD-CH-262-Pro-7942,CH-262,Profile Synthesis Agent,2026-03-02T21:19:09,0.86,completed,1109,False
AUD-CH-262-Pre-3355,CH-262,Prediction Agent,2026-03-02T21:19:25,0.77,completed,4189,False
AUD-CH-262-Dom-6469,CH-262,Domain Analysis Agent,2026-03-02T21:19:33,0.96,completed,4873,False
AUD-CH-262-Gui-2835,CH-262,Guideline Generation Agent,2026-03-02T21:19:55,0.74,escalated_to_human,5872,True
AUD-CH-262-Goa-4688,CH-262,Goal Generation Agent,2026-03-02T21:20:34,0.76,completed,2346,False
AUD-CH-262-Mil-8426,CH-262,Milestone Planning Agent,2026-03-02T21:20:40,0.94,completed,3717,False
AUD-CH-262-Car-8768,CH-262,Caregiver Guidance Agent,2026-03-02T21:21:12,0.82,completed,3554,False
AUD-CH-262-Eth-2229,CH-262,Ethics and Consent Agent,2026-03-02T21:21:17,0.61,flagged_for_review,212,True
AUD-CH-262-Bia-1949,CH-262,Bias Monitoring Agent,2026-03-02T21:21:27,0.93,passed,1338,False
AUD-CH-262-Dat-9524,CH-262,Data Quality Agent,2026-03-02T21:21:31,0.64,flagged_for_review,1571,True
AUD-CH-262-Con-8472,CH-262,Confidence and Abstention Agent,2026-03-02T21:21:37,0.93,passed,1357,False
AUD-CH-263-Inp-1895,CH-263,Input Aggregation Agent,2026-03-02T22:04:00,0.68,escalated_to_human,4671,True
AUD-CH-263-Pro-7766,CH-263,Profile Synthesis Agent,2026-03-02T22:04:44,0.84,completed,4053,False
AUD-CH-263-Pre-1360,CH-263,Prediction Agent,2026-03-02T22:05:00,0.71,escalated_to_human,4547,True
AUD-CH-263-Dom-4299,CH-263,Domain Analysis Agent,2026-03-02T22:05:35,0.84,completed,3519,False
AUD-CH-263-Gui-1674,CH-263,Guideline Generation Agent,2026-03-02T22:06:03,0.71,escalated_to_human,5154,True
AUD-CH-263-Goa-7199,CH-263,Goal Generation Agent,2026-03-02T22:06:16,0.93,completed,2445,False
AUD-CH-263-Mil-1387,CH-263,Milestone Planning Agent,2026-03-02T22:06:49,0.92,completed,1266,False
AUD-CH-263-Car-2912,CH-263,Caregiver Guidance Agent,2026-03-02T22:07:29,0.8,completed,5103,False
AUD-CH-263-Eth-8214,CH-263,Ethics and Consent Agent,2026-03-02T22:08:00,0.93,passed,2092,False
AUD-CH-263-Bia-3492,CH-263,Bias Monitoring Agent,2026-03-02T22:08:05,0.99,passed,1985,False
AUD-CH-263-Dat-2393,CH-263,Data Quality Agent,2026-03-02T22:08:09,0.98,passed,1532,False
AUD-CH-263-Con-2278,CH-263,Confidence and Abstention Agent,2026-03-02T22:08:19,0.96,passed,2120,False
AUD-CH-264-Inp-9774,CH-264,Input Aggregation Agent,2026-03-02T17:00:00,0.96,completed,777,False
AUD-CH-264-Pro-5391,CH-264,Profile Synthesis Agent,2026-03-02T17:00:10,0.76,completed,3058,False
AUD-CH-264-Pre-1566,CH-264,Prediction Agent,2026-03-02T17:00:42,0.74,escalated_to_human,4888,True
AUD-CH-264-Dom-8594,CH-264,Domain Analysis Agent,2026-03-02T17:01:16,0.98,completed,1646,False
AUD-CH-264-Gui-5485,CH-264,Guideline Generation Agent,2026-03-02T17:01:42,0.74,escalated_to_human,603,True
AUD-CH-264-Goa-2594,CH-264,Goal Generation Agent,2026-03-02T17:02:07,0.93,completed,3324,False
AUD-CH-264-Mil-9383,CH-264,Milestone Planning Agent,2026-03-02T17:02:14,0.86,completed,2731,False
AUD-CH-264-Car-3371,CH-264,Caregiver Guidance Agent,2026-03-02T17:02:29,0.89,completed,903,False
AUD-CH-264-Eth-4298,CH-264,Ethics and Consent Agent,2026-03-02T17:02:39,0.96,passed,198,False
AUD-CH-264-Bia-2254,CH-264,Bias Monitoring Agent,2026-03-02T17:02:52,0.97,passed,2342,False
AUD-CH-264-Dat-4600,CH-264,Data Quality Agent,2026-03-02T17:03:05,0.7,flagged_for_review,349,True
AUD-CH-264-Con-8569,CH-264,Confidence and Abstention Agent,2026-03-02T17:03:12,0.95,passed,804,False
AUD-CH-265-Inp-1990,CH-265,Input Aggregation Agent,2026-03-02T05:27:00,0.74,escalated_to_human,3406,True
AUD-CH-265-Pro-8570,CH-265,Profile Synthesis Agent,2026-03-02T05:27:34,0.88,completed,4279,False
AUD-CH-265-Pre-8201,CH-265,Prediction Agent,2026-03-02T05:28:02,0.95,completed,2722,False
AUD-CH-265-Dom-2336,CH-265,Domain Analysis Agent,2026-03-02T05:28:10,0.82,completed,5328,False
AUD-CH-265-Gui-6347,CH-265,Guideline Generation Agent,2026-03-02T05:28:25,0.75,completed,3569,False
AUD-CH-265-Goa-2042,CH-265,Goal Generation Agent,2026-03-02T05:28:50,0.7,escalated_to_human,945,True
AUD-CH-265-Mil-5243,CH-265,Milestone Planning Agent,2026-03-02T05:29:28,0.91,completed,5072,False
AUD-CH-265-Car-3389,CH-265,Caregiver Guidance Agent,2026-03-02T05:30:03,0.92,completed,4252,False
AUD-CH-265-Eth-7627,CH-265,Ethics and Consent Agent,2026-03-02T05:30:48,0.98,passed,1419,False
AUD-CH-265-Bia-9681,CH-265,Bias Monitoring Agent,2026-03-02T05:30:55,0.98,passed,1465,False
AUD-CH-265-Dat-7518,CH-265,Data Quality Agent,2026-03-02T05:31:05,0.93,passed,1464,False
AUD-CH-265-Con-3170,CH-265,Confidence and Abstention Agent,2026-03-02T05:31:11,0.95,passed,389,False
AUD-CH-266-Inp-4724,CH-266,Input Aggregation Agent,2026-03-02T21:31:00,0.82,completed,2925,False
AUD-CH-266-Pro-9030,CH-266,Profile Synthesis Agent,2026-03-02T21:31:15,0.87,completed,5520,False
AUD-CH-266-Pre-9597,CH-266,Prediction Agent,2026-03-02T21:31:45,0.94,completed,190,False
AUD-CH-266-Dom-3793,CH-266,Domain Analysis Agent,2026-03-02T21:32:20,0.89,completed,5125,False
AUD-CH-266-Gui-2451,CH-266,Guideline Generation Agent,2026-03-02T21:32:48,0.79,completed,2635,False
AUD-CH-266-Goa-5635,CH-266,Goal Generation Agent,2026-03-02T21:33:00,0.92,completed,5967,False
AUD-CH-266-Mil-8952,CH-266,Milestone Planning Agent,2026-03-02T21:33:06,0.8,completed,2733,False
AUD-CH-266-Car-6996,CH-266,Caregiver Guidance Agent,2026-03-02T21:33:30,0.92,completed,2697,False
AUD-CH-266-Eth-4466,CH-266,Ethics and Consent Agent,2026-03-02T21:33:49,0.93,passed,962,False
AUD-CH-266-Bia-7994,CH-266,Bias Monitoring Agent,2026-03-02T21:34:01,0.96,passed,2026,False
AUD-CH-266-Dat-2431,CH-266,Data Quality Agent,2026-03-02T21:34:15,0.92,passed,348,False
AUD-CH-266-Con-4678,CH-266,Confidence and Abstention Agent,2026-03-02T21:34:19,0.92,passed,424,False
AUD-CH-267-Inp-2334,CH-267,Input Aggregation Agent,2026-03-01T20:51:00,0.84,completed,1228,False
AUD-CH-267-Pro-2298,CH-267,Profile Synthesis Agent,2026-03-01T20:51:30,0.82,completed,4753,False
AUD-CH-267-Pre-8603,CH-267,Prediction Agent,2026-03-01T20:52:03,0.94,completed,2177,False
AUD-CH-267-Dom-8502,CH-267,Domain Analysis Agent,2026-03-01T20:52:10,0.77,completed,4848,False
AUD-CH-267-Gui-4490,CH-267,Guideline Generation Agent,2026-03-01T20:52:37,0.78,completed,4240,False
AUD-CH-267-Goa-6736,CH-267,Goal Generation Agent,2026-03-01T20:53:04,0.92,completed,2002,False
AUD-CH-267-Mil-2732,CH-267,Milestone Planning Agent,2026-03-01T20:53:27,0.8,completed,1563,False
AUD-CH-267-Car-9441,CH-267,Caregiver Guidance Agent,2026-03-01T20:54:08,0.87,completed,5691,False
AUD-CH-267-Eth-8910,CH-267,Ethics and Consent Agent,2026-03-01T20:54:14,0.93,passed,2169,False
AUD-CH-267-Bia-1689,CH-267,Bias Monitoring Agent,2026-03-01T20:54:26,0.95,passed,2222,False
AUD-CH-267-Dat-5528,CH-267,Data Quality Agent,2026-03-01T20:54:40,0.94,passed,1651,False
AUD-CH-267-Con-4887,CH-267,Confidence and Abstention Agent,2026-03-01T20:54:43,0.94,passed,260,False
AUD-CH-268-Inp-3966,CH-268,Input Aggregation Agent,2026-03-01T09:31:00,0.96,completed,4472,False
AUD-CH-268-Pro-4516,CH-268,Profile Synthesis Agent,2026-03-01T09:31:43,0.75,completed,3841,False
AUD-CH-268-Pre-5668,CH-268,Prediction Agent,2026-03-01T09:32:18,0.77,completed,3849,False
AUD-CH-268-Dom-2109,CH-268,Domain Analysis Agent,2026-03-01T09:32:55,0.83,completed,876,False
AUD-CH-268-Gui-5572,CH-268,Guideline Generation Agent,2026-03-01T09:33:05,0.92,completed,5883,False
AUD-CH-268-Goa-9171,CH-268,Goal Generation Agent,2026-03-01T09:33:34,0.83,completed,1892,False
AUD-CH-268-Mil-4717,CH-268,Milestone Planning Agent,2026-03-01T09:34:16,0.96,completed,2468,False
AUD-CH-268-Car-2334,CH-268,Caregiver Guidance Agent,2026-03-01T09:34:37,0.89,completed,5415,False
AUD-CH-268-Eth-4076,CH-268,Ethics and Consent Agent,2026-03-01T09:35:15,0.94,passed,1202,False
AUD-CH-268-Bia-1303,CH-268,Bias Monitoring Agent,2026-03-01T09:35:26,0.99,passed,2063,False
AUD-CH-268-Dat-1017,CH-268,Data Quality Agent,2026-03-01T09:35:31,0.92,passed,1529,False
AUD-CH-268-Con-3634,CH-268,Confidence and Abstention Agent,2026-03-01T09:35:39,0.98,passed,1092,False
AUD-CH-269-Inp-8427,CH-269,Input Aggregation Agent,2026-03-01T13:35:00,0.85,completed,1324,False
AUD-CH-269-Pro-3163,CH-269,Profile Synthesis Agent,2026-03-01T13:35:04,0.7,escalated_to_human,3672,True
AUD-CH-269-Pre-2626,CH-269,Prediction Agent,2026-03-01T13:35:34,0.69,escalated_to_human,808,True
AUD-CH-269-Dom-3524,CH-269,Domain Analysis Agent,2026-03-01T13:35:40,0.91,completed,1011,False
AUD-CH-269-Gui-3665,CH-269,Guideline Generation Agent,2026-03-01T13:36:18,0.71,escalated_to_human,665,True
AUD-CH-269-Goa-3222,CH-269,Goal Generation Agent,2026-03-01T13:36:28,0.87,completed,2305,False
AUD-CH-269-Mil-6527,CH-269,Milestone Planning Agent,2026-03-01T13:37:09,0.71,escalated_to_human,186,True
AUD-CH-269-Car-5541,CH-269,Caregiver Guidance Agent,2026-03-01T13:37:36,0.76,completed,1209,False
AUD-CH-269-Eth-5032,CH-269,Ethics and Consent Agent,2026-03-01T13:37:42,0.94,passed,341,False
AUD-CH-269-Bia-1522,CH-269,Bias Monitoring Agent,2026-03-01T13:37:45,0.94,passed,1733,False
AUD-CH-269-Dat-1980,CH-269,Data Quality Agent,2026-03-01T13:37:51,0.99,passed,1108,False
AUD-CH-269-Con-2258,CH-269,Confidence and Abstention Agent,2026-03-01T13:38:06,0.92,passed,101,False
AUD-CH-270-Inp-1563,CH-270,Input Aggregation Agent,2026-03-03T05:18:00,0.69,escalated_to_human,5328,True
AUD-CH-270-Pro-4972,CH-270,Profile Synthesis Agent,2026-03-03T05:18:22,0.83,completed,4965,False
AUD-CH-270-Pre-9282,CH-270,Prediction Agent,2026-03-03T05:18:31,0.8,completed,5414,False
AUD-CH-270-Dom-6230,CH-270,Domain Analysis Agent,2026-03-03T05:18:57,0.98,completed,1519,False
AUD-CH-270-Gui-4173,CH-270,Guideline Generation Agent,2026-03-03T05:19:11,0.92,completed,4781,False
AUD-CH-270-Goa-4459,CH-270,Goal Generation Agent,2026-03-03T05:19:55,0.93,completed,1218,False
AUD-CH-270-Mil-4467,CH-270,Milestone Planning Agent,2026-03-03T05:20:19,0.94,completed,1824,False
AUD-CH-270-Car-7764,CH-270,Caregiver Guidance Agent,2026-03-03T05:21:03,0.69,escalated_to_human,900,True
AUD-CH-270-Eth-8780,CH-270,Ethics and Consent Agent,2026-03-03T05:21:31,0.92,passed,555,False
AUD-CH-270-Bia-9231,CH-270,Bias Monitoring Agent,2026-03-03T05:21:39,0.92,passed,2398,False
AUD-CH-270-Dat-7631,CH-270,Data Quality Agent,2026-03-03T05:21:52,0.92,passed,1444,False
AUD-CH-270-Con-4588,CH-270,Confidence and Abstention Agent,2026-03-03T05:22:04,0.95,passed,1403,False
AUD-CH-271-Inp-6426,CH-271,Input Aggregation Agent,2026-03-02T05:59:00,0.88,completed,2285,False
AUD-CH-271-Pro-9009,CH-271,Profile Synthesis Agent,2026-03-02T05:59:18,0.86,completed,4184,False
AUD-CH-271-Pre-1892,CH-271,Prediction Agent,2026-03-02T05:59:49,0.74,escalated_to_human,373,True
AUD-CH-271-Dom-3239,CH-271,Domain Analysis Agent,2026-03-02T06:00:27,0.77,completed,206,False
AUD-CH-271-Gui-4876,CH-271,Guideline Generation Agent,2026-03-02T06:01:04,0.81,completed,5239,False
AUD-CH-271-Goa-5271,CH-271,Goal Generation Agent,2026-03-02T06:01:45,0.82,completed,3938,False
AUD-CH-271-Mil-4514,CH-271,Milestone Planning Agent,2026-03-02T06:02:27,0.78,completed,720,False
AUD-CH-271-Car-8587,CH-271,Caregiver Guidance Agent,2026-03-02T06:02:48,0.69,escalated_to_human,5457,True
AUD-CH-271-Eth-9088,CH-271,Ethics and Consent Agent,2026-03-02T06:03:28,0.95,passed,1941,False
AUD-CH-271-Bia-8327,CH-271,Bias Monitoring Agent,2026-03-02T06:03:31,0.92,passed,2369,False
AUD-CH-271-Dat-4239,CH-271,Data Quality Agent,2026-03-02T06:03:45,0.97,passed,1189,False
AUD-CH-271-Con-3658,CH-271,Confidence and Abstention Agent,2026-03-02T06:04:00,0.91,passed,1876,False
AUD-CH-272-Inp-3399,CH-272,Input Aggregation Agent,2026-03-01T15:01:00,0.76,completed,4743,False
AUD-CH-272-Pro-1586,CH-272,Profile Synthesis Agent,2026-03-01T15:01:37,0.91,completed,449,False
AUD-CH-272-Pre-5758,CH-272,Prediction Agent,2026-03-01T15:02:08,0.76,completed,3012,False
AUD-CH-272-Dom-4214,CH-272,Domain Analysis Agent,2026-03-01T15:02:28,0.98,completed,2604,False
AUD-CH-272-Gui-8184,CH-272,Guideline Generation Agent,2026-03-01T15:02:59,0.83,completed,2879,False
AUD-CH-272-Goa-3641,CH-272,Goal Generation Agent,2026-03-01T15:03:23,0.79,completed,1381,False
AUD-CH-272-Mil-3117,CH-272,Milestone Planning Agent,2026-03-01T15:03:35,0.9,completed,2914,False
AUD-CH-272-Car-8908,CH-272,Caregiver Guidance Agent,2026-03-01T15:03:43,0.72,escalated_to_human,980,True
AUD-CH-272-Eth-2519,CH-272,Ethics and Consent Agent,2026-03-01T15:03:57,0.93,passed,1696,False
AUD-CH-272-Bia-8851,CH-272,Bias Monitoring Agent,2026-03-01T15:04:00,0.97,passed,1471,False
AUD-CH-272-Dat-9683,CH-272,Data Quality Agent,2026-03-01T15:04:10,0.96,passed,1917,False
AUD-CH-272-Con-5136,CH-272,Confidence and Abstention Agent,2026-03-01T15:04:14,0.95,passed,1085,False
AUD-CH-273-Inp-7331,CH-273,Input Aggregation Agent,2026-03-02T01:08:00,0.88,completed,2891,False
AUD-CH-273-Pro-1782,CH-273,Profile Synthesis Agent,2026-03-02T01:08:04,0.81,completed,1038,False
AUD-CH-273-Pre-9948,CH-273,Prediction Agent,2026-03-02T01:08:40,0.74,escalated_to_human,2969,True
AUD-CH-273-Dom-4712,CH-273,Domain Analysis Agent,2026-03-02T01:09:22,0.69,escalated_to_human,2707,True
AUD-CH-273-Gui-8079,CH-273,Guideline Generation Agent,2026-03-02T01:09:50,0.72,escalated_to_human,5924,True
AUD-CH-273-Goa-3568,CH-273,Goal Generation Agent,2026-03-02T01:10:01,0.98,completed,2782,False
AUD-CH-273-Mil-1798,CH-273,Milestone Planning Agent,2026-03-02T01:10:18,0.72,escalated_to_human,818,True
AUD-CH-273-Car-1385,CH-273,Caregiver Guidance Agent,2026-03-02T01:10:23,0.78,completed,5840,False
AUD-CH-273-Eth-6510,CH-273,Ethics and Consent Agent,2026-03-02T01:10:35,0.91,passed,1533,False
AUD-CH-273-Bia-9908,CH-273,Bias Monitoring Agent,2026-03-02T01:10:48,0.91,passed,2260,False
AUD-CH-273-Dat-2162,CH-273,Data Quality Agent,2026-03-02T01:10:52,0.97,passed,1853,False
AUD-CH-273-Con-2071,CH-273,Confidence and Abstention Agent,2026-03-02T01:10:55,0.97,passed,1671,False
AUD-CH-274-Inp-2953,CH-274,Input Aggregation Agent,2026-03-03T05:14:00,0.89,completed,4225,False
AUD-CH-274-Pro-9937,CH-274,Profile Synthesis Agent,2026-03-03T05:14:21,0.91,completed,398,False
AUD-CH-274-Pre-2059,CH-274,Prediction Agent,2026-03-03T05:15:04,0.99,completed,4160,False
AUD-CH-274-Dom-3835,CH-274,Domain Analysis Agent,2026-03-03T05:15:44,0.86,completed,5661,False
AUD-CH-274-Gui-1432,CH-274,Guideline Generation Agent,2026-03-03T05:16:15,0.76,completed,4188,False
AUD-CH-274-Goa-2732,CH-274,Goal Generation Agent,2026-03-03T05:16:26,0.87,completed,4088,False
AUD-CH-274-Mil-5224,CH-274,Milestone Planning Agent,2026-03-03T05:16:44,0.84,completed,5362,False
AUD-CH-274-Car-9750,CH-274,Caregiver Guidance Agent,2026-03-03T05:17:13,0.97,completed,4326,False
AUD-CH-274-Eth-4286,CH-274,Ethics and Consent Agent,2026-03-03T05:17:26,0.91,passed,2283,False
AUD-CH-274-Bia-6449,CH-274,Bias Monitoring Agent,2026-03-03T05:17:29,0.97,passed,1802,False
AUD-CH-274-Dat-3259,CH-274,Data Quality Agent,2026-03-03T05:17:38,0.94,passed,2191,False
AUD-CH-274-Con-4859,CH-274,Confidence and Abstention Agent,2026-03-03T05:17:51,0.94,passed,2409,False
AUD-CH-275-Inp-9687,CH-275,Input Aggregation Agent,2026-03-02T18:01:00,0.78,completed,4821,False
AUD-CH-275-Pro-6717,CH-275,Profile Synthesis Agent,2026-03-02T18:01:15,0.91,completed,2297,False
AUD-CH-275-Pre-5683,CH-275,Prediction Agent,2026-03-02T18:01:39,0.78,completed,2725,False
AUD-CH-275-Dom-4427,CH-275,Domain Analysis Agent,2026-03-02T18:02:01,0.97,completed,1669,False
AUD-CH-275-Gui-3109,CH-275,Guideline Generation Agent,2026-03-02T18:02:13,0.8,completed,4241,False
AUD-CH-275-Goa-1680,CH-275,Goal Generation Agent,2026-03-02T18:02:58,0.87,completed,1680,False
AUD-CH-275-Mil-9442,CH-275,Milestone Planning Agent,2026-03-02T18:03:07,0.88,completed,2644,False
AUD-CH-275-Car-4719,CH-275,Caregiver Guidance Agent,2026-03-02T18:03:45,0.89,completed,3547,False
AUD-CH-275-Eth-1968,CH-275,Ethics and Consent Agent,2026-03-02T18:04:01,0.98,passed,1992,False
AUD-CH-275-Bia-8351,CH-275,Bias Monitoring Agent,2026-03-02T18:04:06,0.97,passed,784,False
AUD-CH-275-Dat-2811,CH-275,Data Quality Agent,2026-03-02T18:04:19,0.97,passed,1383,False
AUD-CH-275-Con-9726,CH-275,Confidence and Abstention Agent,2026-03-02T18:04:26,0.96,passed,2013,False
AUD-CH-276-Inp-3653,CH-276,Input Aggregation Agent,2026-03-02T23:22:00,0.8,completed,4628,False
AUD-CH-276-Pro-8688,CH-276,Profile Synthesis Agent,2026-03-02T23:22:05,0.87,completed,1636,False
AUD-CH-276-Pre-8552,CH-276,Prediction Agent,2026-03-02T23:22:32,0.87,completed,1441,False
AUD-CH-276-Dom-4940,CH-276,Domain Analysis Agent,2026-03-02T23:23:07,0.89,completed,809,False
AUD-CH-276-Gui-8049,CH-276,Guideline Generation Agent,2026-03-02T23:23:12,0.7,escalated_to_human,545,True
AUD-CH-276-Goa-3782,CH-276,Goal Generation Agent,2026-03-02T23:23:34,0.89,completed,976,False
AUD-CH-276-Mil-3399,CH-276,Milestone Planning Agent,2026-03-02T23:24:17,0.89,completed,3398,False
AUD-CH-276-Car-4145,CH-276,Caregiver Guidance Agent,2026-03-02T23:24:58,0.78,completed,4698,False
AUD-CH-276-Eth-8949,CH-276,Ethics and Consent Agent,2026-03-02T23:25:13,0.96,passed,1415,False
AUD-CH-276-Bia-9222,CH-276,Bias Monitoring Agent,2026-03-02T23:25:16,0.93,passed,738,False
AUD-CH-276-Dat-1563,CH-276,Data Quality Agent,2026-03-02T23:25:19,0.96,passed,1308,False
AUD-CH-276-Con-1460,CH-276,Confidence and Abstention Agent,2026-03-02T23:25:31,0.96,passed,261,False
AUD-CH-277-Inp-5426,CH-277,Input Aggregation Agent,2026-03-01T10:58:00,0.74,escalated_to_human,864,True
AUD-CH-277-Pro-5194,CH-277,Profile Synthesis Agent,2026-03-01T10:58:15,0.8,completed,4394,False
AUD-CH-277-Pre-1783,CH-277,Prediction Agent,2026-03-01T10:58:19,0.75,completed,423,False
AUD-CH-277-Dom-7467,CH-277,Domain Analysis Agent,2026-03-01T10:58:25,0.71,escalated_to_human,5420,True
AUD-CH-277-Gui-7998,CH-277,Guideline Generation Agent,2026-03-01T10:59:02,0.81,completed,3423,False
AUD-CH-277-Goa-1051,CH-277,Goal Generation Agent,2026-03-01T10:59:39,0.69,escalated_to_human,5972,True
AUD-CH-277-Mil-9692,CH-277,Milestone Planning Agent,2026-03-01T11:00:15,0.97,completed,3756,False
AUD-CH-277-Car-1985,CH-277,Caregiver Guidance Agent,2026-03-01T11:00:31,0.98,completed,657,False
AUD-CH-277-Eth-4121,CH-277,Ethics and Consent Agent,2026-03-01T11:00:46,0.92,passed,631,False
AUD-CH-277-Bia-7924,CH-277,Bias Monitoring Agent,2026-03-01T11:01:01,0.96,passed,590,False
AUD-CH-277-Dat-3307,CH-277,Data Quality Agent,2026-03-01T11:01:03,0.67,flagged_for_review,1588,True
AUD-CH-277-Con-7397,CH-277,Confidence and Abstention Agent,2026-03-01T11:01:12,0.97,passed,827,False
AUD-CH-278-Inp-6195,CH-278,Input Aggregation Agent,2026-03-02T22:59:00,0.73,escalated_to_human,5401,True
AUD-CH-278-Pro-8924,CH-278,Profile Synthesis Agent,2026-03-02T22:59:18,0.92,completed,5353,False
AUD-CH-278-Pre-7811,CH-278,Prediction Agent,2026-03-02T23:00:02,0.87,completed,5882,False
AUD-CH-278-Dom-6515,CH-278,Domain Analysis Agent,2026-03-02T23:00:38,0.89,completed,5406,False
AUD-CH-278-Gui-5959,CH-278,Guideline Generation Agent,2026-03-02T23:00:48,0.68,escalated_to_human,2219,True
AUD-CH-278-Goa-4658,CH-278,Goal Generation Agent,2026-03-02T23:01:17,0.94,completed,691,False
AUD-CH-278-Mil-6259,CH-278,Milestone Planning Agent,2026-03-02T23:01:23,0.98,completed,4229,False
AUD-CH-278-Car-5093,CH-278,Caregiver Guidance Agent,2026-03-02T23:01:41,0.94,completed,3122,False
AUD-CH-278-Eth-4130,CH-278,Ethics and Consent Agent,2026-03-02T23:02:17,0.95,passed,1116,False
AUD-CH-278-Bia-7920,CH-278,Bias Monitoring Agent,2026-03-02T23:02:20,0.99,passed,395,False
AUD-CH-278-Dat-7018,CH-278,Data Quality Agent,2026-03-02T23:02:34,0.98,passed,1437,False
AUD-CH-278-Con-1338,CH-278,Confidence and Abstention Agent,2026-03-02T23:02:44,0.98,passed,261,False
AUD-CH-279-Inp-7856,CH-279,Input Aggregation Agent,2026-03-01T14:35:00,0.72,escalated_to_human,5973,True
AUD-CH-279-Pro-8091,CH-279,Profile Synthesis Agent,2026-03-01T14:35:28,0.81,completed,429,False
AUD-CH-279-Pre-9901,CH-279,Prediction Agent,2026-03-01T14:35:42,0.69,escalated_to_human,768,True
AUD-CH-279-Dom-8527,CH-279,Domain Analysis Agent,2026-03-01T14:35:47,0.72,escalated_to_human,1907,True
AUD-CH-279-Gui-8393,CH-279,Guideline Generation Agent,2026-03-01T14:36:17,0.72,escalated_to_human,3408,True
AUD-CH-279-Goa-5073,CH-279,Goal Generation Agent,2026-03-01T14:36:29,0.73,escalated_to_human,3238,True
AUD-CH-279-Mil-7228,CH-279,Milestone Planning Agent,2026-03-01T14:37:13,0.96,completed,730,False
AUD-CH-279-Car-6518,CH-279,Caregiver Guidance Agent,2026-03-01T14:37:54,0.89,completed,1713,False
AUD-CH-279-Eth-7658,CH-279,Ethics and Consent Agent,2026-03-01T14:38:34,0.96,passed,2058,False
AUD-CH-279-Bia-7184,CH-279,Bias Monitoring Agent,2026-03-01T14:38:43,0.93,passed,1022,False
AUD-CH-279-Dat-7554,CH-279,Data Quality Agent,2026-03-01T14:38:58,0.96,passed,1177,False
AUD-CH-279-Con-4258,CH-279,Confidence and Abstention Agent,2026-03-01T14:39:06,0.92,passed,747,False
AUD-CH-280-Inp-7995,CH-280,Input Aggregation Agent,2026-03-02T07:56:00,0.93,completed,4791,False
AUD-CH-280-Pro-3116,CH-280,Profile Synthesis Agent,2026-03-02T07:56:41,0.77,completed,4396,False
AUD-CH-280-Pre-4897,CH-280,Prediction Agent,2026-03-02T07:57:26,0.95,completed,856,False
AUD-CH-280-Dom-3419,CH-280,Domain Analysis Agent,2026-03-02T07:58:01,0.78,completed,3481,False
AUD-CH-280-Gui-2684,CH-280,Guideline Generation Agent,2026-03-02T07:58:34,0.71,escalated_to_human,5714,True
AUD-CH-280-Goa-2174,CH-280,Goal Generation Agent,2026-03-02T07:58:45,0.77,completed,4656,False
AUD-CH-280-Mil-1396,CH-280,Milestone Planning Agent,2026-03-02T07:58:50,0.88,completed,4317,False
AUD-CH-280-Car-1612,CH-280,Caregiver Guidance Agent,2026-03-02T07:59:20,0.97,completed,2473,False
AUD-CH-280-Eth-1493,CH-280,Ethics and Consent Agent,2026-03-02T07:59:26,0.94,passed,1214,False
AUD-CH-280-Bia-9932,CH-280,Bias Monitoring Agent,2026-03-02T07:59:34,0.92,passed,2049,False
AUD-CH-280-Dat-1132,CH-280,Data Quality Agent,2026-03-02T07:59:44,0.93,passed,857,False
AUD-CH-280-Con-6163,CH-280,Confidence and Abstention Agent,2026-03-02T07:59:53,0.96,passed,1038,False
AUD-CH-281-Inp-6924,CH-281,Input Aggregation Agent,2026-03-03T03:51:00,0.96,completed,5567,False
AUD-CH-281-Pro-9865,CH-281,Profile Synthesis Agent,2026-03-03T03:51:20,0.96,completed,5261,False
AUD-CH-281-Pre-8853,CH-281,Prediction Agent,2026-03-03T03:52:05,0.93,completed,3052,False
AUD-CH-281-Dom-3950,CH-281,Domain Analysis Agent,2026-03-03T03:52:11,0.71,escalated_to_human,4130,True
AUD-CH-281-Gui-1249,CH-281,Guideline Generation Agent,2026-03-03T03:52:22,0.93,completed,2383,False
AUD-CH-281-Goa-1267,CH-281,Goal Generation Agent,2026-03-03T03:52:55,0.81,completed,4505,False
AUD-CH-281-Mil-6917,CH-281,Milestone Planning Agent,2026-03-03T03:53:35,0.69,escalated_to_human,186,True
AUD-CH-281-Car-7776,CH-281,Caregiver Guidance Agent,2026-03-03T03:54:12,0.83,completed,3788,False
AUD-CH-281-Eth-2599,CH-281,Ethics and Consent Agent,2026-03-03T03:54:17,0.93,passed,2277,False
AUD-CH-281-Bia-9002,CH-281,Bias Monitoring Agent,2026-03-03T03:54:19,0.94,passed,155,False
AUD-CH-281-Dat-3845,CH-281,Data Quality Agent,2026-03-03T03:54:31,0.91,passed,133,False
AUD-CH-281-Con-2036,CH-281,Confidence and Abstention Agent,2026-03-03T03:54:37,0.95,passed,1252,False
AUD-CH-282-Inp-7852,CH-282,Input Aggregation Agent,2026-03-02T21:27:00,0.94,completed,2467,False
AUD-CH-282-Pro-3026,CH-282,Profile Synthesis Agent,2026-03-02T21:27:42,0.71,escalated_to_human,4460,True
AUD-CH-282-Pre-8586,CH-282,Prediction Agent,2026-03-02T21:28:14,0.8,completed,888,False
AUD-CH-282-Dom-6121,CH-282,Domain Analysis Agent,2026-03-02T21:28:30,0.87,completed,5425,False
AUD-CH-282-Gui-1231,CH-282,Guideline Generation Agent,2026-03-02T21:28:44,0.87,completed,2832,False
AUD-CH-282-Goa-8395,CH-282,Goal Generation Agent,2026-03-02T21:29:24,0.73,escalated_to_human,1552,True
AUD-CH-282-Mil-8811,CH-282,Milestone Planning Agent,2026-03-02T21:29:30,0.72,escalated_to_human,1626,True
AUD-CH-282-Car-9201,CH-282,Caregiver Guidance Agent,2026-03-02T21:29:37,0.95,completed,2314,False
AUD-CH-282-Eth-8365,CH-282,Ethics and Consent Agent,2026-03-02T21:30:00,0.95,passed,1643,False
AUD-CH-282-Bia-6888,CH-282,Bias Monitoring Agent,2026-03-02T21:30:02,0.93,passed,644,False
AUD-CH-282-Dat-3570,CH-282,Data Quality Agent,2026-03-02T21:30:11,0.99,passed,747,False
AUD-CH-282-Con-6091,CH-282,Confidence and Abstention Agent,2026-03-02T21:30:16,0.95,passed,1247,False
AUD-CH-283-Inp-4530,CH-283,Input Aggregation Agent,2026-03-01T23:38:00,0.79,completed,4126,False
AUD-CH-283-Pro-7110,CH-283,Profile Synthesis Agent,2026-03-01T23:38:04,0.85,completed,1492,False
AUD-CH-283-Pre-2795,CH-283,Prediction Agent,2026-03-01T23:38:19,0.71,escalated_to_human,5553,True
AUD-CH-283-Dom-4275,CH-283,Domain Analysis Agent,2026-03-01T23:38:24,0.77,completed,569,False
AUD-CH-283-Gui-6980,CH-283,Guideline Generation Agent,2026-03-01T23:38:30,0.98,completed,1283,False
AUD-CH-283-Goa-1187,CH-283,Goal Generation Agent,2026-03-01T23:39:02,0.94,completed,1459,False
AUD-CH-283-Mil-9332,CH-283,Milestone Planning Agent,2026-03-01T23:39:47,0.84,completed,2819,False
AUD-CH-283-Car-1234,CH-283,Caregiver Guidance Agent,2026-03-01T23:40:18,0.69,escalated_to_human,5454,True
AUD-CH-283-Eth-2453,CH-283,Ethics and Consent Agent,2026-03-01T23:40:28,0.94,passed,975,False
AUD-CH-283-Bia-5095,CH-283,Bias Monitoring Agent,2026-03-01T23:40:40,0.96,passed,927,False
AUD-CH-283-Dat-9056,CH-283,Data Quality Agent,2026-03-01T23:40:45,0.94,passed,2055,False
AUD-CH-283-Con-7806,CH-283,Confidence and Abstention Agent,2026-03-01T23:40:59,0.97,passed,1105,False
AUD-CH-284-Inp-9492,CH-284,Input Aggregation Agent,2026-03-02T07:36:00,0.92,completed,4924,False
AUD-CH-284-Pro-5355,CH-284,Profile Synthesis Agent,2026-03-02T07:36:39,0.92,completed,4139,False
AUD-CH-284-Pre-9577,CH-284,Prediction Agent,2026-03-02T07:36:56,0.97,completed,2446,False
AUD-CH-284-Dom-7032,CH-284,Domain Analysis Agent,2026-03-02T07:37:34,0.76,completed,2255,False
AUD-CH-284-Gui-5784,CH-284,Guideline Generation Agent,2026-03-02T07:37:56,0.78,completed,5914,False
AUD-CH-284-Goa-5368,CH-284,Goal Generation Agent,2026-03-02T07:38:10,0.85,completed,2886,False
AUD-CH-284-Mil-2420,CH-284,Milestone Planning Agent,2026-03-02T07:38:19,0.75,completed,547,False
AUD-CH-284-Car-1458,CH-284,Caregiver Guidance Agent,2026-03-02T07:38:46,0.82,completed,1308,False
AUD-CH-284-Eth-7891,CH-284,Ethics and Consent Agent,2026-03-02T07:39:23,0.94,passed,1528,False
AUD-CH-284-Bia-4391,CH-284,Bias Monitoring Agent,2026-03-02T07:39:31,0.58,flagged_for_review,1423,True
AUD-CH-284-Dat-9471,CH-284,Data Quality Agent,2026-03-02T07:39:42,0.92,passed,2307,False
AUD-CH-284-Con-7177,CH-284,Confidence and Abstention Agent,2026-03-02T07:39:56,0.92,passed,993,False
AUD-CH-285-Inp-8422,CH-285,Input Aggregation Agent,2026-03-02T20:38:00,0.77,completed,2713,False
AUD-CH-285-Pro-3543,CH-285,Profile Synthesis Agent,2026-03-02T20:38:44,0.98,completed,4337,False
AUD-CH-285-Pre-1620,CH-285,Prediction Agent,2026-03-02T20:39:19,0.94,completed,1663,False
AUD-CH-285-Dom-9714,CH-285,Domain Analysis Agent,2026-03-02T20:40:04,0.87,completed,4963,False
AUD-CH-285-Gui-5263,CH-285,Guideline Generation Agent,2026-03-02T20:40:27,0.8,completed,367,False
AUD-CH-285-Goa-5019,CH-285,Goal Generation Agent,2026-03-02T20:41:10,0.92,completed,5271,False
AUD-CH-285-Mil-5205,CH-285,Milestone Planning Agent,2026-03-02T20:41:55,0.9,completed,268,False
AUD-CH-285-Car-5425,CH-285,Caregiver Guidance Agent,2026-03-02T20:42:06,0.86,completed,999,False
AUD-CH-285-Eth-8741,CH-285,Ethics and Consent Agent,2026-03-02T20:42:23,0.96,passed,849,False
AUD-CH-285-Bia-7429,CH-285,Bias Monitoring Agent,2026-03-02T20:42:25,0.95,passed,2151,False
AUD-CH-285-Dat-8731,CH-285,Data Quality Agent,2026-03-02T20:42:27,0.97,passed,2307,False
AUD-CH-285-Con-1471,CH-285,Confidence and Abstention Agent,2026-03-02T20:42:34,0.93,passed,383,False
AUD-CH-286-Inp-5609,CH-286,Input Aggregation Agent,2026-03-02T02:18:00,0.78,completed,677,False
AUD-CH-286-Pro-7598,CH-286,Profile Synthesis Agent,2026-03-02T02:18:13,0.86,completed,6000,False
AUD-CH-286-Pre-1264,CH-286,Prediction Agent,2026-03-02T02:18:26,0.77,completed,2183,False
AUD-CH-286-Dom-8082,CH-286,Domain Analysis Agent,2026-03-02T02:19:07,0.86,completed,1959,False
AUD-CH-286-Gui-6980,CH-286,Guideline Generation Agent,2026-03-02T02:19:16,0.74,escalated_to_human,1634,True
AUD-CH-286-Goa-7355,CH-286,Goal Generation Agent,2026-03-02T02:19:31,0.89,completed,1850,False
AUD-CH-286-Mil-6289,CH-286,Milestone Planning Agent,2026-03-02T02:20:11,0.76,completed,4590,False
AUD-CH-286-Car-1397,CH-286,Caregiver Guidance Agent,2026-03-02T02:20:35,0.7,escalated_to_human,3083,True
AUD-CH-286-Eth-1321,CH-286,Ethics and Consent Agent,2026-03-02T02:21:00,0.93,passed,1545,False
AUD-CH-286-Bia-6915,CH-286,Bias Monitoring Agent,2026-03-02T02:21:09,0.93,passed,1019,False
AUD-CH-286-Dat-6434,CH-286,Data Quality Agent,2026-03-02T02:21:20,0.98,passed,2230,False
AUD-CH-286-Con-1872,CH-286,Confidence and Abstention Agent,2026-03-02T02:21:31,0.94,passed,2239,False
AUD-CH-287-Inp-1454,CH-287,Input Aggregation Agent,2026-03-02T00:06:00,0.73,escalated_to_human,3602,True
AUD-CH-287-Pro-9064,CH-287,Profile Synthesis Agent,2026-03-02T00:06:19,0.95,completed,5618,False
AUD-CH-287-Pre-5492,CH-287,Prediction Agent,2026-03-02T00:07:03,0.7,escalated_to_human,1576,True
AUD-CH-287-Dom-7588,CH-287,Domain Analysis Agent,2026-03-02T00:07:12,0.84,completed,2254,False
AUD-CH-287-Gui-4579,CH-287,Guideline Generation Agent,2026-03-02T00:07:43,0.77,completed,1413,False
AUD-CH-287-Goa-3216,CH-287,Goal Generation Agent,2026-03-02T00:08:02,0.95,completed,2436,False
AUD-CH-287-Mil-1104,CH-287,Milestone Planning Agent,2026-03-02T00:08:42,0.9,completed,1773,False
AUD-CH-287-Car-1567,CH-287,Caregiver Guidance Agent,2026-03-02T00:09:00,0.9,completed,3591,False
AUD-CH-287-Eth-7068,CH-287,Ethics and Consent Agent,2026-03-02T00:09:41,0.92,passed,1393,False
AUD-CH-287-Bia-8411,CH-287,Bias Monitoring Agent,2026-03-02T00:09:50,0.83,flagged_for_review,569,True
AUD-CH-287-Dat-1059,CH-287,Data Quality Agent,2026-03-02T00:10:04,0.97,passed,762,False
AUD-CH-287-Con-5627,CH-287,Confidence and Abstention Agent,2026-03-02T00:10:16,0.99,passed,1634,False
AUD-CH-288-Inp-4183,CH-288,Input Aggregation Agent,2026-03-02T00:40:00,0.87,completed,5750,False
AUD-CH-288-Pro-7253,CH-288,Profile Synthesis Agent,2026-03-02T00:40:03,0.74,escalated_to_human,1040,True
AUD-CH-288-Pre-9550,CH-288,Prediction Agent,2026-03-02T00:40:07,0.85,completed,4212,False
AUD-CH-288-Dom-3891,CH-288,Domain Analysis Agent,2026-03-02T00:40:34,0.72,escalated_to_human,1700,True
AUD-CH-288-Gui-6025,CH-288,Guideline Generation Agent,2026-03-02T00:41:06,0.78,completed,4165,False
AUD-CH-288-Goa-8488,CH-288,Goal Generation Agent,2026-03-02T00:41:51,0.72,escalated_to_human,3932,True
AUD-CH-288-Mil-1928,CH-288,Milestone Planning Agent,2026-03-02T00:42:17,0.74,escalated_to_human,4423,True
AUD-CH-288-Car-9913,CH-288,Caregiver Guidance Agent,2026-03-02T00:42:34,0.82,completed,1759,False
AUD-CH-288-Eth-9645,CH-288,Ethics and Consent Agent,2026-03-02T00:43:11,0.94,passed,1059,False
AUD-CH-288-Bia-4207,CH-288,Bias Monitoring Agent,2026-03-02T00:43:16,0.97,passed,248,False
AUD-CH-288-Dat-8868,CH-288,Data Quality Agent,2026-03-02T00:43:27,0.92,passed,560,False
AUD-CH-288-Con-3131,CH-288,Confidence and Abstention Agent,2026-03-02T00:43:41,0.98,passed,1746,False
AUD-CH-289-Inp-6570,CH-289,Input Aggregation Agent,2026-03-02T04:42:00,0.73,escalated_to_human,5307,True
AUD-CH-289-Pro-7305,CH-289,Profile Synthesis Agent,2026-03-02T04:42:36,0.96,completed,929,False
AUD-CH-289-Pre-1625,CH-289,Prediction Agent,2026-03-02T04:42:58,0.77,completed,5559,False
AUD-CH-289-Dom-2016,CH-289,Domain Analysis Agent,2026-03-02T04:43:29,0.98,completed,2249,False
AUD-CH-289-Gui-9771,CH-289,Guideline Generation Agent,2026-03-02T04:43:43,0.82,completed,3145,False
AUD-CH-289-Goa-9198,CH-289,Goal Generation Agent,2026-03-02T04:44:22,0.96,completed,1396,False
AUD-CH-289-Mil-5499,CH-289,Milestone Planning Agent,2026-03-02T04:44:49,0.97,completed,3222,False
AUD-CH-289-Car-1642,CH-289,Caregiver Guidance Agent,2026-03-02T04:45:08,0.69,escalated_to_human,4012,True
AUD-CH-289-Eth-3654,CH-289,Ethics and Consent Agent,2026-03-02T04:45:23,0.97,passed,1991,False
AUD-CH-289-Bia-1709,CH-289,Bias Monitoring Agent,2026-03-02T04:45:34,0.95,passed,1013,False
AUD-CH-289-Dat-3068,CH-289,Data Quality Agent,2026-03-02T04:45:41,0.95,passed,613,False
AUD-CH-289-Con-9863,CH-289,Confidence and Abstention Agent,2026-03-02T04:45:46,0.95,passed,2130,False
AUD-CH-290-Inp-4325,CH-290,Input Aggregation Agent,2026-03-02T05:49:00,0.87,completed,4701,False
AUD-CH-290-Pro-5445,CH-290,Profile Synthesis Agent,2026-03-02T05:49:24,0.86,completed,1850,False
AUD-CH-290-Pre-5268,CH-290,Prediction Agent,2026-03-02T05:49:31,0.7,escalated_to_human,3594,True
AUD-CH-290-Dom-3667,CH-290,Domain Analysis Agent,2026-03-02T05:50:05,0.85,completed,1313,False
AUD-CH-290-Gui-9100,CH-290,Guideline Generation Agent,2026-03-02T05:50:44,0.87,completed,5319,False
AUD-CH-290-Goa-4025,CH-290,Goal Generation Agent,2026-03-02T05:51:22,0.95,completed,2831,False
AUD-CH-290-Mil-1152,CH-290,Milestone Planning Agent,2026-03-02T05:51:43,0.75,completed,3775,False
AUD-CH-290-Car-8855,CH-290,Caregiver Guidance Agent,2026-03-02T05:51:55,0.7,escalated_to_human,5868,True
AUD-CH-290-Eth-9747,CH-290,Ethics and Consent Agent,2026-03-02T05:52:34,0.95,passed,556,False
AUD-CH-290-Bia-4322,CH-290,Bias Monitoring Agent,2026-03-02T05:52:42,0.92,passed,1715,False
AUD-CH-290-Dat-1331,CH-290,Data Quality Agent,2026-03-02T05:52:44,0.95,passed,1721,False
AUD-CH-290-Con-8930,CH-290,Confidence and Abstention Agent,2026-03-02T05:52:59,0.93,passed,271,False
AUD-CH-291-Inp-6508,CH-291,Input Aggregation Agent,2026-03-02T01:01:00,0.79,completed,3342,False
AUD-CH-291-Pro-8671,CH-291,Profile Synthesis Agent,2026-03-02T01:01:31,0.77,completed,3076,False
AUD-CH-291-Pre-2552,CH-291,Prediction Agent,2026-03-02T01:01:58,0.78,completed,4310,False
AUD-CH-291-Dom-4151,CH-291,Domain Analysis Agent,2026-03-02T01:02:25,0.82,completed,274,False
AUD-CH-291-Gui-5046,CH-291,Guideline Generation Agent,2026-03-02T01:02:45,0.86,completed,5655,False
AUD-CH-291-Goa-3019,CH-291,Goal Generation Agent,2026-03-02T01:03:23,0.81,completed,2604,False
AUD-CH-291-Mil-3408,CH-291,Milestone Planning Agent,2026-03-02T01:03:28,0.75,completed,2440,False
AUD-CH-291-Car-5943,CH-291,Caregiver Guidance Agent,2026-03-02T01:03:56,0.73,escalated_to_human,3539,True
AUD-CH-291-Eth-1113,CH-291,Ethics and Consent Agent,2026-03-02T01:04:31,0.94,passed,1417,False
AUD-CH-291-Bia-5217,CH-291,Bias Monitoring Agent,2026-03-02T01:04:41,0.97,passed,230,False
AUD-CH-291-Dat-3752,CH-291,Data Quality Agent,2026-03-02T01:04:53,0.94,passed,1089,False
AUD-CH-291-Con-6170,CH-291,Confidence and Abstention Agent,2026-03-02T01:04:56,0.92,passed,1904,False
AUD-CH-292-Inp-9176,CH-292,Input Aggregation Agent,2026-03-01T08:38:00,0.84,completed,1875,False
AUD-CH-292-Pro-2982,CH-292,Profile Synthesis Agent,2026-03-01T08:38:25,0.98,completed,2506,False
AUD-CH-292-Pre-9560,CH-292,Prediction Agent,2026-03-01T08:38:58,0.86,completed,4018,False
AUD-CH-292-Dom-1581,CH-292,Domain Analysis Agent,2026-03-01T08:39:40,0.68,escalated_to_human,2973,True
AUD-CH-292-Gui-8729,CH-292,Guideline Generation Agent,2026-03-01T08:40:17,0.71,escalated_to_human,180,True
AUD-CH-292-Goa-4158,CH-292,Goal Generation Agent,2026-03-01T08:40:35,0.72,escalated_to_human,3153,True
AUD-CH-292-Mil-6933,CH-292,Milestone Planning Agent,2026-03-01T08:41:09,0.71,escalated_to_human,391,True
AUD-CH-292-Car-2473,CH-292,Caregiver Guidance Agent,2026-03-01T08:41:28,0.98,completed,3622,False
AUD-CH-292-Eth-2870,CH-292,Ethics and Consent Agent,2026-03-01T08:42:13,0.99,passed,1875,False
AUD-CH-292-Bia-3232,CH-292,Bias Monitoring Agent,2026-03-01T08:42:20,0.93,passed,1069,False
AUD-CH-292-Dat-7693,CH-292,Data Quality Agent,2026-03-01T08:42:32,0.93,passed,1975,False
AUD-CH-292-Con-2234,CH-292,Confidence and Abstention Agent,2026-03-01T08:42:36,0.99,passed,1382,False
AUD-CH-293-Inp-6905,CH-293,Input Aggregation Agent,2026-03-02T17:05:00,0.69,escalated_to_human,1358,True
AUD-CH-293-Pro-2781,CH-293,Profile Synthesis Agent,2026-03-02T17:05:33,0.91,completed,1228,False
AUD-CH-293-Pre-3279,CH-293,Prediction Agent,2026-03-02T17:05:57,0.81,completed,3334,False
AUD-CH-293-Dom-5193,CH-293,Domain Analysis Agent,2026-03-02T17:06:06,0.89,completed,235,False
AUD-CH-293-Gui-7974,CH-293,Guideline Generation Agent,2026-03-02T17:06:17,0.77,completed,404,False
AUD-CH-293-Goa-7208,CH-293,Goal Generation Agent,2026-03-02T17:06:53,0.69,escalated_to_human,1573,True
AUD-CH-293-Mil-3157,CH-293,Milestone Planning Agent,2026-03-02T17:07:06,0.84,completed,200,False
AUD-CH-293-Car-5691,CH-293,Caregiver Guidance Agent,2026-03-02T17:07:40,0.89,completed,4475,False
AUD-CH-293-Eth-3574,CH-293,Ethics and Consent Agent,2026-03-02T17:08:06,0.92,passed,1575,False
AUD-CH-293-Bia-1513,CH-293,Bias Monitoring Agent,2026-03-02T17:08:08,0.98,passed,320,False
AUD-CH-293-Dat-3295,CH-293,Data Quality Agent,2026-03-02T17:08:15,0.91,passed,940,False
AUD-CH-293-Con-2397,CH-293,Confidence and Abstention Agent,2026-03-02T17:08:17,0.93,passed,1418,False
AUD-CH-294-Inp-4130,CH-294,Input Aggregation Agent,2026-03-02T21:23:00,0.74,escalated_to_human,1366,True
AUD-CH-294-Pro-3126,CH-294,Profile Synthesis Agent,2026-03-02T21:23:45,0.78,completed,2212,False
AUD-CH-294-Pre-1932,CH-294,Prediction Agent,2026-03-02T21:23:59,0.93,completed,601,False
AUD-CH-294-Dom-9455,CH-294,Domain Analysis Agent,2026-03-02T21:24:04,0.97,completed,3848,False
AUD-CH-294-Gui-4024,CH-294,Guideline Generation Agent,2026-03-02T21:24:26,0.97,completed,5663,False
AUD-CH-294-Goa-5299,CH-294,Goal Generation Agent,2026-03-02T21:24:44,0.8,completed,5984,False
AUD-CH-294-Mil-1709,CH-294,Milestone Planning Agent,2026-03-02T21:24:53,0.7,escalated_to_human,4988,True
AUD-CH-294-Car-9562,CH-294,Caregiver Guidance Agent,2026-03-02T21:24:58,0.81,completed,5279,False
AUD-CH-294-Eth-7050,CH-294,Ethics and Consent Agent,2026-03-02T21:25:03,0.92,passed,335,False
AUD-CH-294-Bia-5878,CH-294,Bias Monitoring Agent,2026-03-02T21:25:07,0.83,flagged_for_review,1927,True
AUD-CH-294-Dat-2626,CH-294,Data Quality Agent,2026-03-02T21:25:12,0.92,passed,1788,False
AUD-CH-294-Con-1485,CH-294,Confidence and Abstention Agent,2026-03-02T21:25:24,0.95,passed,1697,False
AUD-CH-295-Inp-4825,CH-295,Input Aggregation Agent,2026-03-01T19:43:00,0.72,escalated_to_human,1070,True
AUD-CH-295-Pro-7563,CH-295,Profile Synthesis Agent,2026-03-01T19:43:14,0.77,completed,3892,False
AUD-CH-295-Pre-5042,CH-295,Prediction Agent,2026-03-01T19:43:31,0.97,completed,5162,False
AUD-CH-295-Dom-5780,CH-295,Domain Analysis Agent,2026-03-01T19:44:09,0.8,completed,2431,False
AUD-CH-295-Gui-3301,CH-295,Guideline Generation Agent,2026-03-01T19:44:36,0.78,completed,4800,False
AUD-CH-295-Goa-7703,CH-295,Goal Generation Agent,2026-03-01T19:44:54,0.93,completed,4396,False
AUD-CH-295-Mil-3535,CH-295,Milestone Planning Agent,2026-03-01T19:45:11,0.83,completed,597,False
AUD-CH-295-Car-7682,CH-295,Caregiver Guidance Agent,2026-03-01T19:45:28,0.92,completed,4380,False
AUD-CH-295-Eth-5014,CH-295,Ethics and Consent Agent,2026-03-01T19:46:06,0.97,passed,1167,False
AUD-CH-295-Bia-2379,CH-295,Bias Monitoring Agent,2026-03-01T19:46:08,0.96,passed,2351,False
AUD-CH-295-Dat-5115,CH-295,Data Quality Agent,2026-03-01T19:46:22,0.98,passed,1880,False
AUD-CH-295-Con-6627,CH-295,Confidence and Abstention Agent,2026-03-01T19:46:25,0.97,passed,1197,False
AUD-CH-296-Inp-7259,CH-296,Input Aggregation Agent,2026-03-02T14:01:00,0.78,completed,5843,False
AUD-CH-296-Pro-4063,CH-296,Profile Synthesis Agent,2026-03-02T14:01:31,0.72,escalated_to_human,385,True
AUD-CH-296-Pre-7972,CH-296,Prediction Agent,2026-03-02T14:01:58,0.73,escalated_to_human,4673,True
AUD-CH-296-Dom-8729,CH-296,Domain Analysis Agent,2026-03-02T14:02:07,0.85,completed,2319,False
AUD-CH-296-Gui-6133,CH-296,Guideline Generation Agent,2026-03-02T14:02:34,0.79,completed,892,False
AUD-CH-296-Goa-7733,CH-296,Goal Generation Agent,2026-03-02T14:02:58,0.93,completed,4089,False
AUD-CH-296-Mil-5818,CH-296,Milestone Planning Agent,2026-03-02T14:03:13,0.76,completed,5364,False
AUD-CH-296-Car-3517,CH-296,Caregiver Guidance Agent,2026-03-02T14:03:18,0.71,escalated_to_human,1094,True
AUD-CH-296-Eth-2401,CH-296,Ethics and Consent Agent,2026-03-02T14:03:39,0.92,passed,1934,False
AUD-CH-296-Bia-1389,CH-296,Bias Monitoring Agent,2026-03-02T14:03:52,0.81,flagged_for_review,712,True
AUD-CH-296-Dat-1241,CH-296,Data Quality Agent,2026-03-02T14:04:06,0.94,passed,823,False
AUD-CH-296-Con-8541,CH-296,Confidence and Abstention Agent,2026-03-02T14:04:08,0.96,passed,897,False
AUD-CH-297-Inp-1724,CH-297,Input Aggregation Agent,2026-03-02T20:41:00,0.97,completed,3742,False
AUD-CH-297-Pro-8230,CH-297,Profile Synthesis Agent,2026-03-02T20:41:33,0.85,completed,3391,False
AUD-CH-297-Pre-6953,CH-297,Prediction Agent,2026-03-02T20:42:14,0.77,completed,204,False
AUD-CH-297-Dom-1253,CH-297,Domain Analysis Agent,2026-03-02T20:42:27,0.84,completed,4516,False
AUD-CH-297-Gui-8100,CH-297,Guideline Generation Agent,2026-03-02T20:43:01,0.81,completed,3618,False
AUD-CH-297-Goa-1334,CH-297,Goal Generation Agent,2026-03-02T20:43:38,0.83,completed,1280,False
AUD-CH-297-Mil-6008,CH-297,Milestone Planning Agent,2026-03-02T20:44:23,0.91,completed,5889,False
AUD-CH-297-Car-1451,CH-297,Caregiver Guidance Agent,2026-03-02T20:45:00,0.97,completed,3318,False
AUD-CH-297-Eth-8585,CH-297,Ethics and Consent Agent,2026-03-02T20:45:36,0.94,passed,1794,False
AUD-CH-297-Bia-2259,CH-297,Bias Monitoring Agent,2026-03-02T20:45:50,0.92,passed,1521,False
AUD-CH-297-Dat-4681,CH-297,Data Quality Agent,2026-03-02T20:46:00,0.92,passed,645,False
AUD-CH-297-Con-1449,CH-297,Confidence and Abstention Agent,2026-03-02T20:46:09,0.93,passed,450,False
AUD-CH-298-Inp-8804,CH-298,Input Aggregation Agent,2026-03-03T03:04:00,0.86,completed,5307,False
AUD-CH-298-Pro-7661,CH-298,Profile Synthesis Agent,2026-03-03T03:04:18,0.93,completed,2409,False
AUD-CH-298-Pre-7946,CH-298,Prediction Agent,2026-03-03T03:04:44,0.91,completed,4110,False
AUD-CH-298-Dom-1139,CH-298,Domain Analysis Agent,2026-03-03T03:04:48,0.89,completed,5580,False
AUD-CH-298-Gui-7465,CH-298,Guideline Generation Agent,2026-03-03T03:04:52,0.72,escalated_to_human,4783,True
AUD-CH-298-Goa-5853,CH-298,Goal Generation Agent,2026-03-03T03:04:58,0.74,escalated_to_human,518,True
AUD-CH-298-Mil-6457,CH-298,Milestone Planning Agent,2026-03-03T03:05:26,0.9,completed,2466,False
AUD-CH-298-Car-7781,CH-298,Caregiver Guidance Agent,2026-03-03T03:05:45,0.88,completed,3779,False
AUD-CH-298-Eth-6542,CH-298,Ethics and Consent Agent,2026-03-03T03:06:09,0.93,passed,1897,False
AUD-CH-298-Bia-4651,CH-298,Bias Monitoring Agent,2026-03-03T03:06:23,0.77,flagged_for_review,2448,True
AUD-CH-298-Dat-6200,CH-298,Data Quality Agent,2026-03-03T03:06:32,0.98,passed,197,False
AUD-CH-298-Con-8157,CH-298,Confidence and Abstention Agent,2026-03-03T03:06:43,0.97,passed,2251,False
AUD-CH-299-Inp-5303,CH-299,Input Aggregation Agent,2026-03-02T05:55:00,0.7,escalated_to_human,2548,True
AUD-CH-299-Pro-3543,CH-299,Profile Synthesis Agent,2026-03-02T05:55:09,0.81,completed,3554,False
AUD-CH-299-Pre-7856,CH-299,Prediction Agent,2026-03-02T05:55:19,0.98,completed,706,False
AUD-CH-299-Dom-3352,CH-299,Domain Analysis Agent,2026-03-02T05:55:40,0.71,escalated_to_human,2901,True
AUD-CH-299-Gui-2452,CH-299,Guideline Generation Agent,2026-03-02T05:55:50,0.79,completed,4214,False
AUD-CH-299-Goa-2497,CH-299,Goal Generation Agent,2026-03-02T05:56:34,0.77,completed,3845,False
AUD-CH-299-Mil-7494,CH-299,Milestone Planning Agent,2026-03-02T05:57:00,0.81,completed,804,False
AUD-CH-299-Car-6423,CH-299,Caregiver Guidance Agent,2026-03-02T05:57:04,0.74,escalated_to_human,1224,True
AUD-CH-299-Eth-9979,CH-299,Ethics and Consent Agent,2026-03-02T05:57:48,0.96,passed,251,False
AUD-CH-299-Bia-3252,CH-299,Bias Monitoring Agent,2026-03-02T05:57:55,0.94,passed,138,False
AUD-CH-299-Dat-7898,CH-299,Data Quality Agent,2026-03-02T05:57:59,0.99,passed,2317,False
AUD-CH-299-Con-7871,CH-299,Confidence and Abstention Agent,2026-03-02T05:58:11,0.92,passed,2028,False
AUD-CH-300-Inp-4112,CH-300,Input Aggregation Agent,2026-03-03T06:56:00,0.91,completed,3077,False
AUD-CH-300-Pro-5204,CH-300,Profile Synthesis Agent,2026-03-03T06:56:11,0.73,escalated_to_human,2495,True
AUD-CH-300-Pre-9582,CH-300,Prediction Agent,2026-03-03T06:56:21,0.73,escalated_to_human,5398,True
AUD-CH-300-Dom-2596,CH-300,Domain Analysis Agent,2026-03-03T06:56:37,0.84,completed,4502,False
AUD-CH-300-Gui-8486,CH-300,Guideline Generation Agent,2026-03-03T06:56:45,0.89,completed,3967,False
AUD-CH-300-Goa-1281,CH-300,Goal Generation Agent,2026-03-03T06:57:08,0.91,completed,5466,False
AUD-CH-300-Mil-6322,CH-300,Milestone Planning Agent,2026-03-03T06:57:44,0.92,completed,3953,False
AUD-CH-300-Car-3615,CH-300,Caregiver Guidance Agent,2026-03-03T06:57:56,0.79,completed,1766,False
AUD-CH-300-Eth-5589,CH-300,Ethics and Consent Agent,2026-03-03T06:58:41,0.97,passed,469,False
AUD-CH-300-Bia-6298,CH-300,Bias Monitoring Agent,2026-03-03T06:58:43,0.93,passed,1039,False
AUD-CH-300-Dat-1299,CH-300,Data Quality Agent,2026-03-03T06:58:56,0.92,passed,128,False
AUD-CH-300-Con-8269,CH-300,Confidence and Abstention Agent,2026-03-03T06:59:09,0.94,passed,1943,False
AUD-CH-301-Inp-6499,CH-301,Input Aggregation Agent,2026-03-02T15:24:00,0.82,completed,5861,False
AUD-CH-301-Pro-4622,CH-301,Profile Synthesis Agent,2026-03-02T15:24:10,0.73,escalated_to_human,2431,True
AUD-CH-301-Pre-4452,CH-301,Prediction Agent,2026-03-02T15:24:38,0.91,completed,1854,False
AUD-CH-301-Dom-6301,CH-301,Domain Analysis Agent,2026-03-02T15:25:14,0.87,completed,485,False
AUD-CH-301-Gui-8234,CH-301,Guideline Generation Agent,2026-03-02T15:25:47,0.81,completed,677,False
AUD-CH-301-Goa-6370,CH-301,Goal Generation Agent,2026-03-02T15:26:29,0.92,completed,3901,False
AUD-CH-301-Mil-9080,CH-301,Milestone Planning Agent,2026-03-02T15:26:49,0.78,completed,3944,False
AUD-CH-301-Car-9884,CH-301,Caregiver Guidance Agent,2026-03-02T15:27:21,0.95,completed,4768,False
AUD-CH-301-Eth-5782,CH-301,Ethics and Consent Agent,2026-03-02T15:27:42,0.92,passed,148,False
AUD-CH-301-Bia-9714,CH-301,Bias Monitoring Agent,2026-03-02T15:27:44,0.96,passed,1599,False
AUD-CH-301-Dat-1917,CH-301,Data Quality Agent,2026-03-02T15:27:57,0.95,passed,1722,False
AUD-CH-301-Con-3019,CH-301,Confidence and Abstention Agent,2026-03-02T15:28:05,0.97,passed,651,False
AUD-CH-302-Inp-2572,CH-302,Input Aggregation Agent,2026-03-02T04:35:00,0.94,completed,4796,False
AUD-CH-302-Pro-1091,CH-302,Profile Synthesis Agent,2026-03-02T04:35:24,0.84,completed,5286,False
AUD-CH-302-Pre-9614,CH-302,Prediction Agent,2026-03-02T04:36:06,0.81,completed,1867,False
AUD-CH-302-Dom-3219,CH-302,Domain Analysis Agent,2026-03-02T04:36:40,0.85,completed,1972,False
AUD-CH-302-Gui-6031,CH-302,Guideline Generation Agent,2026-03-02T04:37:09,0.84,completed,4532,False
AUD-CH-302-Goa-8670,CH-302,Goal Generation Agent,2026-03-02T04:37:30,0.86,completed,4882,False
AUD-CH-302-Mil-2681,CH-302,Milestone Planning Agent,2026-03-02T04:37:35,0.97,completed,2463,False
AUD-CH-302-Car-5794,CH-302,Caregiver Guidance Agent,2026-03-02T04:38:20,0.7,escalated_to_human,5968,True
AUD-CH-302-Eth-5299,CH-302,Ethics and Consent Agent,2026-03-02T04:38:54,0.96,passed,1515,False
AUD-CH-302-Bia-9202,CH-302,Bias Monitoring Agent,2026-03-02T04:39:09,0.93,passed,169,False
AUD-CH-302-Dat-3012,CH-302,Data Quality Agent,2026-03-02T04:39:16,0.95,passed,1938,False
AUD-CH-302-Con-4640,CH-302,Confidence and Abstention Agent,2026-03-02T04:39:21,0.98,passed,411,False
AUD-CH-303-Inp-2600,CH-303,Input Aggregation Agent,2026-03-01T09:04:00,0.88,completed,1314,False
AUD-CH-303-Pro-8905,CH-303,Profile Synthesis Agent,2026-03-01T09:04:29,0.97,completed,2544,False
AUD-CH-303-Pre-7996,CH-303,Prediction Agent,2026-03-01T09:04:36,0.93,completed,2069,False
AUD-CH-303-Dom-5890,CH-303,Domain Analysis Agent,2026-03-01T09:04:45,0.91,completed,3609,False
AUD-CH-303-Gui-9015,CH-303,Guideline Generation Agent,2026-03-01T09:04:53,0.8,completed,4163,False
AUD-CH-303-Goa-2689,CH-303,Goal Generation Agent,2026-03-01T09:04:59,0.76,completed,4547,False
AUD-CH-303-Mil-6245,CH-303,Milestone Planning Agent,2026-03-01T09:05:35,0.97,completed,3112,False
AUD-CH-303-Car-9979,CH-303,Caregiver Guidance Agent,2026-03-01T09:06:16,0.96,completed,3834,False
AUD-CH-303-Eth-7599,CH-303,Ethics and Consent Agent,2026-03-01T09:06:36,0.96,passed,1893,False
AUD-CH-303-Bia-8991,CH-303,Bias Monitoring Agent,2026-03-01T09:06:38,0.96,passed,812,False
AUD-CH-303-Dat-7773,CH-303,Data Quality Agent,2026-03-01T09:06:46,0.96,passed,146,False
AUD-CH-303-Con-2188,CH-303,Confidence and Abstention Agent,2026-03-01T09:06:58,0.95,passed,263,False
AUD-CH-304-Inp-2762,CH-304,Input Aggregation Agent,2026-03-02T14:53:00,0.84,completed,4553,False
AUD-CH-304-Pro-9759,CH-304,Profile Synthesis Agent,2026-03-02T14:53:14,0.87,completed,3563,False
AUD-CH-304-Pre-3090,CH-304,Prediction Agent,2026-03-02T14:53:41,0.91,completed,4391,False
AUD-CH-304-Dom-6340,CH-304,Domain Analysis Agent,2026-03-02T14:54:20,0.9,completed,3998,False
AUD-CH-304-Gui-4130,CH-304,Guideline Generation Agent,2026-03-02T14:54:53,0.75,completed,4261,False
AUD-CH-304-Goa-8386,CH-304,Goal Generation Agent,2026-03-02T14:55:08,0.84,completed,5383,False
AUD-CH-304-Mil-8091,CH-304,Milestone Planning Agent,2026-03-02T14:55:25,0.92,completed,2332,False
AUD-CH-304-Car-6976,CH-304,Caregiver Guidance Agent,2026-03-02T14:55:33,0.81,completed,476,False
AUD-CH-304-Eth-6270,CH-304,Ethics and Consent Agent,2026-03-02T14:56:18,0.98,passed,1853,False
AUD-CH-304-Bia-3166,CH-304,Bias Monitoring Agent,2026-03-02T14:56:25,0.94,passed,2097,False
AUD-CH-304-Dat-1553,CH-304,Data Quality Agent,2026-03-02T14:56:40,0.97,passed,548,False
AUD-CH-304-Con-2731,CH-304,Confidence and Abstention Agent,2026-03-02T14:56:49,0.98,passed,1626,False
AUD-CH-305-Inp-8041,CH-305,Input Aggregation Agent,2026-03-01T14:41:00,0.79,completed,3046,False
AUD-CH-305-Pro-7486,CH-305,Profile Synthesis Agent,2026-03-01T14:41:43,0.75,completed,5509,False
AUD-CH-305-Pre-1647,CH-305,Prediction Agent,2026-03-01T14:42:04,0.93,completed,3658,False
AUD-CH-305-Dom-1470,CH-305,Domain Analysis Agent,2026-03-01T14:42:27,0.73,escalated_to_human,1053,True
AUD-CH-305-Gui-9867,CH-305,Guideline Generation Agent,2026-03-01T14:42:49,0.94,completed,4955,False
AUD-CH-305-Goa-3564,CH-305,Goal Generation Agent,2026-03-01T14:43:19,0.86,completed,4134,False
AUD-CH-305-Mil-9555,CH-305,Milestone Planning Agent,2026-03-01T14:43:41,0.7,escalated_to_human,2507,True
AUD-CH-305-Car-5105,CH-305,Caregiver Guidance Agent,2026-03-01T14:43:56,0.75,completed,2765,False
AUD-CH-305-Eth-1351,CH-305,Ethics and Consent Agent,2026-03-01T14:44:21,0.97,passed,957,False
AUD-CH-305-Bia-4714,CH-305,Bias Monitoring Agent,2026-03-01T14:44:36,0.93,passed,894,False
AUD-CH-305-Dat-1794,CH-305,Data Quality Agent,2026-03-01T14:44:39,0.71,flagged_for_review,2289,True
AUD-CH-305-Con-4349,CH-305,Confidence and Abstention Agent,2026-03-01T14:44:46,0.95,passed,1083,False
AUD-CH-306-Inp-5845,CH-306,Input Aggregation Agent,2026-03-02T04:13:00,0.72,escalated_to_human,316,True
AUD-CH-306-Pro-6763,CH-306,Profile Synthesis Agent,2026-03-02T04:13:42,0.82,completed,3044,False
AUD-CH-306-Pre-2781,CH-306,Prediction Agent,2026-03-02T04:14:07,0.85,completed,661,False
AUD-CH-306-Dom-3844,CH-306,Domain Analysis Agent,2026-03-02T04:14:47,0.8,completed,5126,False
AUD-CH-306-Gui-1250,CH-306,Guideline Generation Agent,2026-03-02T04:15:10,0.89,completed,1008,False
AUD-CH-306-Goa-9111,CH-306,Goal Generation Agent,2026-03-02T04:15:51,0.89,completed,861,False
AUD-CH-306-Mil-6697,CH-306,Milestone Planning Agent,2026-03-02T04:16:15,0.75,completed,480,False
AUD-CH-306-Car-3870,CH-306,Caregiver Guidance Agent,2026-03-02T04:16:40,0.77,completed,1109,False
AUD-CH-306-Eth-4964,CH-306,Ethics and Consent Agent,2026-03-02T04:17:18,0.93,passed,1801,False
AUD-CH-306-Bia-7112,CH-306,Bias Monitoring Agent,2026-03-02T04:17:31,0.94,passed,2261,False
AUD-CH-306-Dat-9731,CH-306,Data Quality Agent,2026-03-02T04:17:45,0.98,passed,1602,False
AUD-CH-306-Con-4896,CH-306,Confidence and Abstention Agent,2026-03-02T04:17:51,0.96,passed,2392,False
AUD-CH-307-Inp-1017,CH-307,Input Aggregation Agent,2026-03-02T04:39:00,0.86,completed,3402,False
AUD-CH-307-Pro-5227,CH-307,Profile Synthesis Agent,2026-03-02T04:39:32,0.73,escalated_to_human,3109,True
AUD-CH-307-Pre-6236,CH-307,Prediction Agent,2026-03-02T04:39:59,0.96,completed,676,False
AUD-CH-307-Dom-3032,CH-307,Domain Analysis Agent,2026-03-02T04:40:24,0.75,completed,5755,False
AUD-CH-307-Gui-2525,CH-307,Guideline Generation Agent,2026-03-02T04:41:00,0.88,completed,5381,False
AUD-CH-307-Goa-4466,CH-307,Goal Generation Agent,2026-03-02T04:41:19,0.81,completed,2834,False
AUD-CH-307-Mil-7352,CH-307,Milestone Planning Agent,2026-03-02T04:41:25,0.87,completed,5672,False
AUD-CH-307-Car-8736,CH-307,Caregiver Guidance Agent,2026-03-02T04:41:57,0.69,escalated_to_human,1792,True
AUD-CH-307-Eth-8898,CH-307,Ethics and Consent Agent,2026-03-02T04:42:31,0.98,passed,1738,False
AUD-CH-307-Bia-5346,CH-307,Bias Monitoring Agent,2026-03-02T04:42:46,0.94,passed,793,False
AUD-CH-307-Dat-2623,CH-307,Data Quality Agent,2026-03-02T04:42:57,0.93,passed,803,False
AUD-CH-307-Con-2314,CH-307,Confidence and Abstention Agent,2026-03-02T04:43:10,0.94,passed,1300,False
AUD-CH-308-Inp-6503,CH-308,Input Aggregation Agent,2026-03-01T10:06:00,0.91,completed,3832,False
AUD-CH-308-Pro-8401,CH-308,Profile Synthesis Agent,2026-03-01T10:06:27,0.76,completed,1337,False
AUD-CH-308-Pre-1099,CH-308,Prediction Agent,2026-03-01T10:07:02,0.96,completed,5445,False
AUD-CH-308-Dom-2360,CH-308,Domain Analysis Agent,2026-03-01T10:07:45,0.84,completed,3195,False
AUD-CH-308-Gui-9505,CH-308,Guideline Generation Agent,2026-03-01T10:08:08,0.98,completed,2530,False
AUD-CH-308-Goa-3464,CH-308,Goal Generation Agent,2026-03-01T10:08:22,0.87,completed,1401,False
AUD-CH-308-Mil-5002,CH-308,Milestone Planning Agent,2026-03-01T10:08:47,0.73,escalated_to_human,5755,True
AUD-CH-308-Car-9283,CH-308,Caregiver Guidance Agent,2026-03-01T10:09:11,0.9,completed,2166,False
AUD-CH-308-Eth-4491,CH-308,Ethics and Consent Agent,2026-03-01T10:09:45,0.98,passed,1975,False
AUD-CH-308-Bia-8716,CH-308,Bias Monitoring Agent,2026-03-01T10:09:58,0.98,passed,1694,False
AUD-CH-308-Dat-4487,CH-308,Data Quality Agent,2026-03-01T10:10:06,0.93,passed,1416,False
AUD-CH-308-Con-2992,CH-308,Confidence and Abstention Agent,2026-03-01T10:10:19,0.98,passed,1446,False
AUD-CH-309-Inp-4338,CH-309,Input Aggregation Agent,2026-03-01T13:11:00,0.69,escalated_to_human,2123,True
AUD-CH-309-Pro-8568,CH-309,Profile Synthesis Agent,2026-03-01T13:11:07,0.93,completed,2873,False
AUD-CH-309-Pre-6910,CH-309,Prediction Agent,2026-03-01T13:11:28,0.75,completed,4228,False
AUD-CH-309-Dom-7089,CH-309,Domain Analysis Agent,2026-03-01T13:11:49,0.98,completed,3058,False
AUD-CH-309-Gui-7617,CH-309,Guideline Generation Agent,2026-03-01T13:12:06,0.77,completed,2584,False
AUD-CH-309-Goa-7545,CH-309,Goal Generation Agent,2026-03-01T13:12:26,0.77,completed,4458,False
AUD-CH-309-Mil-5591,CH-309,Milestone Planning Agent,2026-03-01T13:12:30,0.96,completed,3803,False
AUD-CH-309-Car-6702,CH-309,Caregiver Guidance Agent,2026-03-01T13:13:14,0.82,completed,1018,False
AUD-CH-309-Eth-2984,CH-309,Ethics and Consent Agent,2026-03-01T13:13:42,0.97,passed,1926,False
AUD-CH-309-Bia-9937,CH-309,Bias Monitoring Agent,2026-03-01T13:13:56,0.92,passed,1931,False
AUD-CH-309-Dat-2556,CH-309,Data Quality Agent,2026-03-01T13:14:07,0.92,passed,119,False
AUD-CH-309-Con-2877,CH-309,Confidence and Abstention Agent,2026-03-01T13:14:19,0.92,passed,2499,False
AUD-CH-310-Inp-2380,CH-310,Input Aggregation Agent,2026-03-03T06:32:00,0.69,escalated_to_human,5341,True
AUD-CH-310-Pro-3249,CH-310,Profile Synthesis Agent,2026-03-03T06:32:44,0.85,completed,671,False
AUD-CH-310-Pre-2851,CH-310,Prediction Agent,2026-03-03T06:32:47,0.83,completed,5311,False
AUD-CH-310-Dom-9846,CH-310,Domain Analysis Agent,2026-03-03T06:32:56,0.96,completed,4273,False
AUD-CH-310-Gui-4305,CH-310,Guideline Generation Agent,2026-03-03T06:33:41,0.85,completed,5390,False
AUD-CH-310-Goa-1164,CH-310,Goal Generation Agent,2026-03-03T06:34:08,0.98,completed,2103,False
AUD-CH-310-Mil-9041,CH-310,Milestone Planning Agent,2026-03-03T06:34:39,0.93,completed,3759,False
AUD-CH-310-Car-9714,CH-310,Caregiver Guidance Agent,2026-03-03T06:34:55,0.85,completed,4816,False
AUD-CH-310-Eth-8303,CH-310,Ethics and Consent Agent,2026-03-03T06:35:11,0.91,passed,1656,False
AUD-CH-310-Bia-4930,CH-310,Bias Monitoring Agent,2026-03-03T06:35:24,0.91,passed,1424,False
AUD-CH-310-Dat-4844,CH-310,Data Quality Agent,2026-03-03T06:35:36,0.96,passed,1702,False
AUD-CH-310-Con-4678,CH-310,Confidence and Abstention Agent,2026-03-03T06:35:38,0.91,passed,1787,False
AUD-CH-311-Inp-7543,CH-311,Input Aggregation Agent,2026-03-01T23:13:00,0.81,completed,5085,False
AUD-CH-311-Pro-2622,CH-311,Profile Synthesis Agent,2026-03-01T23:13:30,0.8,completed,5266,False
AUD-CH-311-Pre-6067,CH-311,Prediction Agent,2026-03-01T23:13:40,0.81,completed,909,False
AUD-CH-311-Dom-6088,CH-311,Domain Analysis Agent,2026-03-01T23:14:24,0.93,completed,1948,False
AUD-CH-311-Gui-6906,CH-311,Guideline Generation Agent,2026-03-01T23:14:59,0.69,escalated_to_human,1800,True
AUD-CH-311-Goa-1446,CH-311,Goal Generation Agent,2026-03-01T23:15:34,0.99,completed,1269,False
AUD-CH-311-Mil-2256,CH-311,Milestone Planning Agent,2026-03-01T23:15:46,0.78,completed,2618,False
AUD-CH-311-Car-5258,CH-311,Caregiver Guidance Agent,2026-03-01T23:16:22,0.94,completed,5211,False
AUD-CH-311-Eth-1403,CH-311,Ethics and Consent Agent,2026-03-01T23:16:51,0.96,passed,876,False
AUD-CH-311-Bia-2982,CH-311,Bias Monitoring Agent,2026-03-01T23:16:53,0.92,passed,1138,False
AUD-CH-311-Dat-7724,CH-311,Data Quality Agent,2026-03-01T23:16:59,0.61,flagged_for_review,1179,True
AUD-CH-311-Con-4190,CH-311,Confidence and Abstention Agent,2026-03-01T23:17:14,0.92,passed,258,False
AUD-CH-312-Inp-2307,CH-312,Input Aggregation Agent,2026-03-01T08:55:00,0.83,completed,2547,False
AUD-CH-312-Pro-3107,CH-312,Profile Synthesis Agent,2026-03-01T08:55:36,0.84,completed,4076,False
AUD-CH-312-Pre-8623,CH-312,Prediction Agent,2026-03-01T08:55:41,0.96,completed,283,False
AUD-CH-312-Dom-6586,CH-312,Domain Analysis Agent,2026-03-01T08:55:56,0.72,escalated_to_human,3316,True
AUD-CH-312-Gui-2309,CH-312,Guideline Generation Agent,2026-03-01T08:56:00,0.75,completed,382,False
AUD-CH-312-Goa-2970,CH-312,Goal Generation Agent,2026-03-01T08:56:27,0.77,completed,2062,False
AUD-CH-312-Mil-7568,CH-312,Milestone Planning Agent,2026-03-01T08:56:47,0.77,completed,261,False
AUD-CH-312-Car-1757,CH-312,Caregiver Guidance Agent,2026-03-01T08:57:25,0.73,escalated_to_human,3685,True
AUD-CH-312-Eth-5793,CH-312,Ethics and Consent Agent,2026-03-01T08:57:41,0.74,flagged_for_review,2222,True
AUD-CH-312-Bia-4174,CH-312,Bias Monitoring Agent,2026-03-01T08:57:48,0.98,passed,2070,False
AUD-CH-312-Dat-6117,CH-312,Data Quality Agent,2026-03-01T08:57:50,0.98,passed,2445,False
AUD-CH-312-Con-4189,CH-312,Confidence and Abstention Agent,2026-03-01T08:57:57,0.91,passed,332,False
AUD-CH-313-Inp-8311,CH-313,Input Aggregation Agent,2026-03-02T07:16:00,0.81,completed,2369,False
AUD-CH-313-Pro-9749,CH-313,Profile Synthesis Agent,2026-03-02T07:16:27,0.84,completed,770,False
AUD-CH-313-Pre-6823,CH-313,Prediction Agent,2026-03-02T07:16:41,0.92,completed,3141,False
AUD-CH-313-Dom-5808,CH-313,Domain Analysis Agent,2026-03-02T07:17:17,0.97,completed,1053,False
AUD-CH-313-Gui-7821,CH-313,Guideline Generation Agent,2026-03-02T07:17:56,0.7,escalated_to_human,4531,True
AUD-CH-313-Goa-9271,CH-313,Goal Generation Agent,2026-03-02T07:18:22,0.73,escalated_to_human,658,True
AUD-CH-313-Mil-1030,CH-313,Milestone Planning Agent,2026-03-02T07:18:39,0.81,completed,2262,False
AUD-CH-313-Car-7847,CH-313,Caregiver Guidance Agent,2026-03-02T07:19:15,0.71,escalated_to_human,2304,True
AUD-CH-313-Eth-9243,CH-313,Ethics and Consent Agent,2026-03-02T07:20:00,0.96,passed,1543,False
AUD-CH-313-Bia-3687,CH-313,Bias Monitoring Agent,2026-03-02T07:20:04,0.96,passed,1493,False
AUD-CH-313-Dat-4060,CH-313,Data Quality Agent,2026-03-02T07:20:09,0.98,passed,1466,False
AUD-CH-313-Con-5963,CH-313,Confidence and Abstention Agent,2026-03-02T07:20:19,0.95,passed,693,False
AUD-CH-314-Inp-3379,CH-314,Input Aggregation Agent,2026-03-02T20:57:00,0.96,completed,3974,False
AUD-CH-314-Pro-2147,CH-314,Profile Synthesis Agent,2026-03-02T20:57:19,0.73,escalated_to_human,5057,True
AUD-CH-314-Pre-3799,CH-314,Prediction Agent,2026-03-02T20:57:42,0.95,completed,5003,False
AUD-CH-314-Dom-6595,CH-314,Domain Analysis Agent,2026-03-02T20:57:55,0.84,completed,2290,False
AUD-CH-314-Gui-8640,CH-314,Guideline Generation Agent,2026-03-02T20:58:31,0.85,completed,2789,False
AUD-CH-314-Goa-3496,CH-314,Goal Generation Agent,2026-03-02T20:58:44,0.82,completed,3372,False
AUD-CH-314-Mil-7393,CH-314,Milestone Planning Agent,2026-03-02T20:58:49,0.74,escalated_to_human,4329,True
AUD-CH-314-Car-2121,CH-314,Caregiver Guidance Agent,2026-03-02T20:58:58,0.83,completed,435,False
AUD-CH-314-Eth-2671,CH-314,Ethics and Consent Agent,2026-03-02T20:59:18,0.91,passed,782,False
AUD-CH-314-Bia-3284,CH-314,Bias Monitoring Agent,2026-03-02T20:59:30,0.97,passed,937,False
AUD-CH-314-Dat-6329,CH-314,Data Quality Agent,2026-03-02T20:59:43,0.96,passed,2198,False
AUD-CH-314-Con-3584,CH-314,Confidence and Abstention Agent,2026-03-02T20:59:50,0.92,passed,273,False
AUD-CH-315-Inp-2658,CH-315,Input Aggregation Agent,2026-03-02T03:52:00,0.76,completed,1051,False
AUD-CH-315-Pro-9511,CH-315,Profile Synthesis Agent,2026-03-02T03:52:12,0.72,escalated_to_human,1941,True
AUD-CH-315-Pre-3701,CH-315,Prediction Agent,2026-03-02T03:52:48,0.89,completed,4380,False
AUD-CH-315-Dom-4684,CH-315,Domain Analysis Agent,2026-03-02T03:53:04,0.78,completed,833,False
AUD-CH-315-Gui-6419,CH-315,Guideline Generation Agent,2026-03-02T03:53:29,0.91,completed,737,False
AUD-CH-315-Goa-6224,CH-315,Goal Generation Agent,2026-03-02T03:53:50,0.91,completed,4426,False
AUD-CH-315-Mil-8507,CH-315,Milestone Planning Agent,2026-03-02T03:54:03,0.73,escalated_to_human,1204,True
AUD-CH-315-Car-8452,CH-315,Caregiver Guidance Agent,2026-03-02T03:54:34,0.78,completed,4060,False
AUD-CH-315-Eth-5067,CH-315,Ethics and Consent Agent,2026-03-02T03:54:56,0.91,passed,89,False
AUD-CH-315-Bia-3178,CH-315,Bias Monitoring Agent,2026-03-02T03:55:08,0.96,passed,1877,False
AUD-CH-315-Dat-6670,CH-315,Data Quality Agent,2026-03-02T03:55:19,0.93,passed,1003,False
AUD-CH-315-Con-3232,CH-315,Confidence and Abstention Agent,2026-03-02T03:55:27,0.92,passed,2389,False
AUD-CH-316-Inp-9008,CH-316,Input Aggregation Agent,2026-03-02T16:25:00,0.76,completed,369,False
AUD-CH-316-Pro-2166,CH-316,Profile Synthesis Agent,2026-03-02T16:25:39,0.86,completed,3430,False
AUD-CH-316-Pre-3742,CH-316,Prediction Agent,2026-03-02T16:25:56,0.86,completed,5493,False
AUD-CH-316-Dom-8678,CH-316,Domain Analysis Agent,2026-03-02T16:26:22,0.93,completed,2164,False
AUD-CH-316-Gui-9587,CH-316,Guideline Generation Agent,2026-03-02T16:27:05,0.92,completed,902,False
AUD-CH-316-Goa-7534,CH-316,Goal Generation Agent,2026-03-02T16:27:50,0.79,completed,3444,False
AUD-CH-316-Mil-9733,CH-316,Milestone Planning Agent,2026-03-02T16:28:18,0.95,completed,3714,False
AUD-CH-316-Car-6370,CH-316,Caregiver Guidance Agent,2026-03-02T16:29:00,0.91,completed,2030,False
AUD-CH-316-Eth-2691,CH-316,Ethics and Consent Agent,2026-03-02T16:29:20,0.97,passed,2499,False
AUD-CH-316-Bia-4928,CH-316,Bias Monitoring Agent,2026-03-02T16:29:31,0.94,passed,1366,False
AUD-CH-316-Dat-9261,CH-316,Data Quality Agent,2026-03-02T16:29:33,0.99,passed,943,False
AUD-CH-316-Con-5156,CH-316,Confidence and Abstention Agent,2026-03-02T16:29:47,0.95,passed,634,False
AUD-CH-317-Inp-9632,CH-317,Input Aggregation Agent,2026-03-02T19:46:00,0.86,completed,5267,False
AUD-CH-317-Pro-8705,CH-317,Profile Synthesis Agent,2026-03-02T19:46:16,0.73,escalated_to_human,2502,True
AUD-CH-317-Pre-1371,CH-317,Prediction Agent,2026-03-02T19:46:24,0.99,completed,3171,False
AUD-CH-317-Dom-7693,CH-317,Domain Analysis Agent,2026-03-02T19:46:47,0.84,completed,4006,False
AUD-CH-317-Gui-7558,CH-317,Guideline Generation Agent,2026-03-02T19:47:19,0.88,completed,2397,False
AUD-CH-317-Goa-7311,CH-317,Goal Generation Agent,2026-03-02T19:48:01,0.98,completed,398,False
AUD-CH-317-Mil-3259,CH-317,Milestone Planning Agent,2026-03-02T19:48:26,0.74,escalated_to_human,4175,True
AUD-CH-317-Car-5461,CH-317,Caregiver Guidance Agent,2026-03-02T19:48:49,0.95,completed,4503,False
AUD-CH-317-Eth-8389,CH-317,Ethics and Consent Agent,2026-03-02T19:49:13,0.92,passed,880,False
AUD-CH-317-Bia-5111,CH-317,Bias Monitoring Agent,2026-03-02T19:49:21,0.98,passed,933,False
AUD-CH-317-Dat-9642,CH-317,Data Quality Agent,2026-03-02T19:49:31,0.96,passed,2006,False
AUD-CH-317-Con-5910,CH-317,Confidence and Abstention Agent,2026-03-02T19:49:38,0.98,passed,305,False
AUD-CH-318-Inp-4435,CH-318,Input Aggregation Agent,2026-03-01T08:52:00,0.7,escalated_to_human,3249,True
AUD-CH-318-Pro-2174,CH-318,Profile Synthesis Agent,2026-03-01T08:52:04,0.71,escalated_to_human,4697,True
AUD-CH-318-Pre-9108,CH-318,Prediction Agent,2026-03-01T08:52:26,0.91,completed,5692,False
AUD-CH-318-Dom-2379,CH-318,Domain Analysis Agent,2026-03-01T08:52:36,0.85,completed,187,False
AUD-CH-318-Gui-6409,CH-318,Guideline Generation Agent,2026-03-01T08:52:46,0.96,completed,4435,False
AUD-CH-318-Goa-1427,CH-318,Goal Generation Agent,2026-03-01T08:53:24,0.89,completed,4133,False
AUD-CH-318-Mil-8215,CH-318,Milestone Planning Agent,2026-03-01T08:53:40,0.92,completed,5217,False
AUD-CH-318-Car-5010,CH-318,Caregiver Guidance Agent,2026-03-01T08:54:07,0.69,escalated_to_human,2872,True
AUD-CH-318-Eth-1923,CH-318,Ethics and Consent Agent,2026-03-01T08:54:16,0.92,passed,399,False
AUD-CH-318-Bia-7610,CH-318,Bias Monitoring Agent,2026-03-01T08:54:26,0.92,passed,609,False
AUD-CH-318-Dat-4902,CH-318,Data Quality Agent,2026-03-01T08:54:28,0.91,passed,2028,False
AUD-CH-318-Con-5267,CH-318,Confidence and Abstention Agent,2026-03-01T08:54:41,0.93,passed,360,False
AUD-CH-319-Inp-7959,CH-319,Input Aggregation Agent,2026-03-01T15:27:00,0.86,completed,478,False
AUD-CH-319-Pro-9888,CH-319,Profile Synthesis Agent,2026-03-01T15:27:38,0.83,completed,2089,False
AUD-CH-319-Pre-8152,CH-319,Prediction Agent,2026-03-01T15:27:56,0.72,escalated_to_human,1248,True
AUD-CH-319-Dom-9732,CH-319,Domain Analysis Agent,2026-03-01T15:28:20,0.69,escalated_to_human,4903,True
AUD-CH-319-Gui-7526,CH-319,Guideline Generation Agent,2026-03-01T15:28:39,0.91,completed,3677,False
AUD-CH-319-Goa-3061,CH-319,Goal Generation Agent,2026-03-01T15:28:59,0.91,completed,574,False
AUD-CH-319-Mil-8689,CH-319,Milestone Planning Agent,2026-03-01T15:29:05,0.88,completed,5653,False
AUD-CH-319-Car-3295,CH-319,Caregiver Guidance Agent,2026-03-01T15:29:12,0.86,completed,1765,False
AUD-CH-319-Eth-5772,CH-319,Ethics and Consent Agent,2026-03-01T15:29:57,0.95,passed,589,False
AUD-CH-319-Bia-4509,CH-319,Bias Monitoring Agent,2026-03-01T15:30:05,0.93,passed,1199,False
AUD-CH-319-Dat-8852,CH-319,Data Quality Agent,2026-03-01T15:30:19,0.98,passed,2475,False
AUD-CH-319-Con-6593,CH-319,Confidence and Abstention Agent,2026-03-01T15:30:31,0.94,passed,657,False
AUD-CH-320-Inp-8757,CH-320,Input Aggregation Agent,2026-03-02T17:01:00,0.98,completed,4927,False
AUD-CH-320-Pro-5652,CH-320,Profile Synthesis Agent,2026-03-02T17:01:14,0.74,escalated_to_human,1665,True
AUD-CH-320-Pre-4859,CH-320,Prediction Agent,2026-03-02T17:01:53,0.81,completed,1123,False
AUD-CH-320-Dom-4730,CH-320,Domain Analysis Agent,2026-03-02T17:02:32,0.97,completed,1439,False
AUD-CH-320-Gui-9215,CH-320,Guideline Generation Agent,2026-03-02T17:03:06,0.81,completed,668,False
AUD-CH-320-Goa-5075,CH-320,Goal Generation Agent,2026-03-02T17:03:40,0.9,completed,1163,False
AUD-CH-320-Mil-1892,CH-320,Milestone Planning Agent,2026-03-02T17:04:24,0.79,completed,3578,False
AUD-CH-320-Car-7795,CH-320,Caregiver Guidance Agent,2026-03-02T17:05:09,0.96,completed,2495,False
AUD-CH-320-Eth-8982,CH-320,Ethics and Consent Agent,2026-03-02T17:05:42,0.92,passed,579,False
AUD-CH-320-Bia-2062,CH-320,Bias Monitoring Agent,2026-03-02T17:05:48,0.94,passed,1797,False
AUD-CH-320-Dat-6042,CH-320,Data Quality Agent,2026-03-02T17:05:59,0.98,passed,103,False
AUD-CH-320-Con-6305,CH-320,Confidence and Abstention Agent,2026-03-02T17:06:13,0.99,passed,1869,False
AUD-CH-321-Inp-1998,CH-321,Input Aggregation Agent,2026-03-02T01:53:00,0.89,completed,761,False
AUD-CH-321-Pro-7653,CH-321,Profile Synthesis Agent,2026-03-02T01:53:10,0.84,completed,3533,False
AUD-CH-321-Pre-1797,CH-321,Prediction Agent,2026-03-02T01:53:19,0.93,completed,4196,False
AUD-CH-321-Dom-1668,CH-321,Domain Analysis Agent,2026-03-02T01:53:43,0.77,completed,2271,False
AUD-CH-321-Gui-2974,CH-321,Guideline Generation Agent,2026-03-02T01:53:49,0.75,completed,3993,False
AUD-CH-321-Goa-1745,CH-321,Goal Generation Agent,2026-03-02T01:54:10,0.91,completed,332,False
AUD-CH-321-Mil-1274,CH-321,Milestone Planning Agent,2026-03-02T01:54:43,0.7,escalated_to_human,1221,True
AUD-CH-321-Car-8774,CH-321,Caregiver Guidance Agent,2026-03-02T01:55:08,0.85,completed,3327,False
AUD-CH-321-Eth-6546,CH-321,Ethics and Consent Agent,2026-03-02T01:55:23,0.95,passed,759,False
AUD-CH-321-Bia-3409,CH-321,Bias Monitoring Agent,2026-03-02T01:55:36,0.92,passed,549,False
AUD-CH-321-Dat-9316,CH-321,Data Quality Agent,2026-03-02T01:55:42,0.92,passed,772,False
AUD-CH-321-Con-4383,CH-321,Confidence and Abstention Agent,2026-03-02T01:55:56,0.92,passed,2158,False
AUD-CH-322-Inp-7725,CH-322,Input Aggregation Agent,2026-03-02T16:27:00,0.9,completed,5212,False
AUD-CH-322-Pro-9594,CH-322,Profile Synthesis Agent,2026-03-02T16:27:34,0.86,completed,5750,False
AUD-CH-322-Pre-8655,CH-322,Prediction Agent,2026-03-02T16:28:12,0.96,completed,1820,False
AUD-CH-322-Dom-1968,CH-322,Domain Analysis Agent,2026-03-02T16:28:17,0.72,escalated_to_human,3972,True
AUD-CH-322-Gui-3818,CH-322,Guideline Generation Agent,2026-03-02T16:28:31,0.87,completed,1839,False
AUD-CH-322-Goa-3033,CH-322,Goal Generation Agent,2026-03-02T16:28:34,0.76,completed,3437,False
AUD-CH-322-Mil-3624,CH-322,Milestone Planning Agent,2026-03-02T16:29:06,0.84,completed,1143,False
AUD-CH-322-Car-4525,CH-322,Caregiver Guidance Agent,2026-03-02T16:29:22,0.84,completed,4588,False
AUD-CH-322-Eth-7774,CH-322,Ethics and Consent Agent,2026-03-02T16:29:28,0.91,passed,2479,False
AUD-CH-322-Bia-2923,CH-322,Bias Monitoring Agent,2026-03-02T16:29:42,0.97,passed,1172,False
AUD-CH-322-Dat-3819,CH-322,Data Quality Agent,2026-03-02T16:29:49,0.96,passed,1006,False
AUD-CH-322-Con-3773,CH-322,Confidence and Abstention Agent,2026-03-02T16:30:03,0.93,passed,281,False
AUD-CH-323-Inp-7767,CH-323,Input Aggregation Agent,2026-03-02T11:54:00,0.82,completed,3785,False
AUD-CH-323-Pro-4096,CH-323,Profile Synthesis Agent,2026-03-02T11:54:37,0.96,completed,4722,False
AUD-CH-323-Pre-1966,CH-323,Prediction Agent,2026-03-02T11:55:11,0.84,completed,3188,False
AUD-CH-323-Dom-6999,CH-323,Domain Analysis Agent,2026-03-02T11:55:30,0.74,escalated_to_human,532,True
AUD-CH-323-Gui-4037,CH-323,Guideline Generation Agent,2026-03-02T11:55:41,0.86,completed,4100,False
AUD-CH-323-Goa-7199,CH-323,Goal Generation Agent,2026-03-02T11:56:01,0.99,completed,1957,False
AUD-CH-323-Mil-9922,CH-323,Milestone Planning Agent,2026-03-02T11:56:24,0.87,completed,420,False
AUD-CH-323-Car-8629,CH-323,Caregiver Guidance Agent,2026-03-02T11:56:34,0.68,escalated_to_human,1664,True
AUD-CH-323-Eth-7309,CH-323,Ethics and Consent Agent,2026-03-02T11:57:00,0.96,passed,124,False
AUD-CH-323-Bia-8616,CH-323,Bias Monitoring Agent,2026-03-02T11:57:07,0.96,passed,540,False
AUD-CH-323-Dat-2016,CH-323,Data Quality Agent,2026-03-02T11:57:09,0.94,passed,1594,False
AUD-CH-323-Con-5914,CH-323,Confidence and Abstention Agent,2026-03-02T11:57:20,0.91,passed,847,False
AUD-CH-324-Inp-8719,CH-324,Input Aggregation Agent,2026-03-02T14:27:00,0.99,completed,1324,False
AUD-CH-324-Pro-6494,CH-324,Profile Synthesis Agent,2026-03-02T14:27:12,0.94,completed,4579,False
AUD-CH-324-Pre-7494,CH-324,Prediction Agent,2026-03-02T14:27:40,0.84,completed,3649,False
AUD-CH-324-Dom-6520,CH-324,Domain Analysis Agent,2026-03-02T14:27:54,0.71,escalated_to_human,4604,True
AUD-CH-324-Gui-3417,CH-324,Guideline Generation Agent,2026-03-02T14:28:01,0.79,completed,3328,False
AUD-CH-324-Goa-8951,CH-324,Goal Generation Agent,2026-03-02T14:28:26,0.92,completed,5079,False
AUD-CH-324-Mil-8356,CH-324,Milestone Planning Agent,2026-03-02T14:28:34,0.87,completed,3992,False
AUD-CH-324-Car-3463,CH-324,Caregiver Guidance Agent,2026-03-02T14:29:00,0.87,completed,1259,False
AUD-CH-324-Eth-1561,CH-324,Ethics and Consent Agent,2026-03-02T14:29:42,0.99,passed,1529,False
AUD-CH-324-Bia-3268,CH-324,Bias Monitoring Agent,2026-03-02T14:29:49,0.91,passed,2154,False
AUD-CH-324-Dat-5773,CH-324,Data Quality Agent,2026-03-02T14:29:57,0.93,passed,354,False
AUD-CH-324-Con-2443,CH-324,Confidence and Abstention Agent,2026-03-02T14:30:03,0.93,passed,704,False
AUD-CH-325-Inp-1202,CH-325,Input Aggregation Agent,2026-03-02T08:25:00,0.78,completed,1606,False
AUD-CH-325-Pro-6596,CH-325,Profile Synthesis Agent,2026-03-02T08:25:33,0.73,escalated_to_human,2261,True
AUD-CH-325-Pre-1942,CH-325,Prediction Agent,2026-03-02T08:26:14,0.76,completed,2692,False
AUD-CH-325-Dom-6745,CH-325,Domain Analysis Agent,2026-03-02T08:26:23,0.84,completed,5931,False
AUD-CH-325-Gui-2632,CH-325,Guideline Generation Agent,2026-03-02T08:27:01,0.7,escalated_to_human,4357,True
AUD-CH-325-Goa-2394,CH-325,Goal Generation Agent,2026-03-02T08:27:05,0.98,completed,1473,False
AUD-CH-325-Mil-5888,CH-325,Milestone Planning Agent,2026-03-02T08:27:29,0.88,completed,5107,False
AUD-CH-325-Car-4854,CH-325,Caregiver Guidance Agent,2026-03-02T08:27:42,0.95,completed,3378,False
AUD-CH-325-Eth-4370,CH-325,Ethics and Consent Agent,2026-03-02T08:28:25,0.96,passed,656,False
AUD-CH-325-Bia-5204,CH-325,Bias Monitoring Agent,2026-03-02T08:28:31,0.95,passed,1894,False
AUD-CH-325-Dat-2175,CH-325,Data Quality Agent,2026-03-02T08:28:46,0.93,passed,352,False
AUD-CH-325-Con-9086,CH-325,Confidence and Abstention Agent,2026-03-02T08:28:50,0.95,passed,2065,False
AUD-CH-326-Inp-3952,CH-326,Input Aggregation Agent,2026-03-01T19:22:00,0.94,completed,1653,False
AUD-CH-326-Pro-9505,CH-326,Profile Synthesis Agent,2026-03-01T19:22:11,0.81,completed,4078,False
AUD-CH-326-Pre-7644,CH-326,Prediction Agent,2026-03-01T19:22:19,0.78,completed,1094,False
AUD-CH-326-Dom-6544,CH-326,Domain Analysis Agent,2026-03-01T19:22:46,0.99,completed,2102,False
AUD-CH-326-Gui-6673,CH-326,Guideline Generation Agent,2026-03-01T19:23:14,0.81,completed,3860,False
AUD-CH-326-Goa-5581,CH-326,Goal Generation Agent,2026-03-01T19:23:34,0.95,completed,718,False
AUD-CH-326-Mil-8027,CH-326,Milestone Planning Agent,2026-03-01T19:24:10,0.7,escalated_to_human,3432,True
AUD-CH-326-Car-4176,CH-326,Caregiver Guidance Agent,2026-03-01T19:24:30,0.81,completed,787,False
AUD-CH-326-Eth-3654,CH-326,Ethics and Consent Agent,2026-03-01T19:24:37,0.92,passed,1271,False
AUD-CH-326-Bia-3705,CH-326,Bias Monitoring Agent,2026-03-01T19:24:40,0.98,passed,736,False
AUD-CH-326-Dat-8337,CH-326,Data Quality Agent,2026-03-01T19:24:55,0.96,passed,1111,False
AUD-CH-326-Con-8298,CH-326,Confidence and Abstention Agent,2026-03-01T19:25:02,0.92,passed,386,False
AUD-CH-327-Inp-6991,CH-327,Input Aggregation Agent,2026-03-02T04:45:00,0.69,escalated_to_human,1997,True
AUD-CH-327-Pro-9731,CH-327,Profile Synthesis Agent,2026-03-02T04:45:38,0.97,completed,164,False
AUD-CH-327-Pre-7872,CH-327,Prediction Agent,2026-03-02T04:46:18,0.7,escalated_to_human,5076,True
AUD-CH-327-Dom-6336,CH-327,Domain Analysis Agent,2026-03-02T04:46:41,0.88,completed,4654,False
AUD-CH-327-Gui-2680,CH-327,Guideline Generation Agent,2026-03-02T04:47:02,0.91,completed,2947,False
AUD-CH-327-Goa-1170,CH-327,Goal Generation Agent,2026-03-02T04:47:06,0.7,escalated_to_human,4838,True
AUD-CH-327-Mil-2216,CH-327,Milestone Planning Agent,2026-03-02T04:47:10,0.81,completed,2566,False
AUD-CH-327-Car-5502,CH-327,Caregiver Guidance Agent,2026-03-02T04:47:24,0.83,completed,1106,False
AUD-CH-327-Eth-1193,CH-327,Ethics and Consent Agent,2026-03-02T04:47:49,0.93,passed,90,False
AUD-CH-327-Bia-4283,CH-327,Bias Monitoring Agent,2026-03-02T04:47:55,0.97,passed,1847,False
AUD-CH-327-Dat-9522,CH-327,Data Quality Agent,2026-03-02T04:48:01,0.93,passed,494,False
AUD-CH-327-Con-5283,CH-327,Confidence and Abstention Agent,2026-03-02T04:48:06,0.95,passed,195,False
AUD-CH-328-Inp-6082,CH-328,Input Aggregation Agent,2026-03-03T00:25:00,0.81,completed,1357,False
AUD-CH-328-Pro-3002,CH-328,Profile Synthesis Agent,2026-03-03T00:25:21,0.8,completed,756,False
AUD-CH-328-Pre-5499,CH-328,Prediction Agent,2026-03-03T00:25:26,0.92,completed,5678,False
AUD-CH-328-Dom-8167,CH-328,Domain Analysis Agent,2026-03-03T00:25:59,0.93,completed,2496,False
AUD-CH-328-Gui-8597,CH-328,Guideline Generation Agent,2026-03-03T00:26:40,0.78,completed,5585,False
AUD-CH-328-Goa-9783,CH-328,Goal Generation Agent,2026-03-03T00:26:45,0.74,escalated_to_human,3897,True
AUD-CH-328-Mil-6811,CH-328,Milestone Planning Agent,2026-03-03T00:27:27,0.76,completed,1283,False
AUD-CH-328-Car-4843,CH-328,Caregiver Guidance Agent,2026-03-03T00:27:55,0.83,completed,2508,False
AUD-CH-328-Eth-3896,CH-328,Ethics and Consent Agent,2026-03-03T00:27:59,0.97,passed,2346,False
AUD-CH-328-Bia-8895,CH-328,Bias Monitoring Agent,2026-03-03T00:28:11,0.65,flagged_for_review,1532,True
AUD-CH-328-Dat-7051,CH-328,Data Quality Agent,2026-03-03T00:28:13,0.93,passed,975,False
AUD-CH-328-Con-7411,CH-328,Confidence and Abstention Agent,2026-03-03T00:28:23,0.94,passed,1339,False
AUD-CH-329-Inp-7430,CH-329,Input Aggregation Agent,2026-03-01T21:26:00,0.98,completed,397,False
AUD-CH-329-Pro-4582,CH-329,Profile Synthesis Agent,2026-03-01T21:26:07,0.81,completed,1911,False
AUD-CH-329-Pre-8528,CH-329,Prediction Agent,2026-03-01T21:26:36,0.89,completed,3165,False
AUD-CH-329-Dom-2422,CH-329,Domain Analysis Agent,2026-03-01T21:26:46,0.99,completed,576,False
AUD-CH-329-Gui-7745,CH-329,Guideline Generation Agent,2026-03-01T21:27:30,0.94,completed,5674,False
AUD-CH-329-Goa-3680,CH-329,Goal Generation Agent,2026-03-01T21:27:37,0.83,completed,276,False
AUD-CH-329-Mil-7348,CH-329,Milestone Planning Agent,2026-03-01T21:28:15,0.7,escalated_to_human,2806,True
AUD-CH-329-Car-8292,CH-329,Caregiver Guidance Agent,2026-03-01T21:28:32,0.76,completed,4384,False
AUD-CH-329-Eth-9009,CH-329,Ethics and Consent Agent,2026-03-01T21:28:46,0.94,passed,2479,False
AUD-CH-329-Bia-7360,CH-329,Bias Monitoring Agent,2026-03-01T21:28:53,0.92,passed,2413,False
AUD-CH-329-Dat-6758,CH-329,Data Quality Agent,2026-03-01T21:29:07,0.99,passed,2208,False
AUD-CH-329-Con-1759,CH-329,Confidence and Abstention Agent,2026-03-01T21:29:16,0.98,passed,679,False
AUD-CH-330-Inp-4506,CH-330,Input Aggregation Agent,2026-03-02T23:36:00,0.94,completed,612,False
AUD-CH-330-Pro-6324,CH-330,Profile Synthesis Agent,2026-03-02T23:36:09,0.73,escalated_to_human,3601,True
AUD-CH-330-Pre-2979,CH-330,Prediction Agent,2026-03-02T23:36:36,0.91,completed,3154,False
AUD-CH-330-Dom-1270,CH-330,Domain Analysis Agent,2026-03-02T23:37:09,0.91,completed,997,False
AUD-CH-330-Gui-9959,CH-330,Guideline Generation Agent,2026-03-02T23:37:33,0.99,completed,5070,False
AUD-CH-330-Goa-4035,CH-330,Goal Generation Agent,2026-03-02T23:38:16,0.86,completed,4484,False
AUD-CH-330-Mil-4335,CH-330,Milestone Planning Agent,2026-03-02T23:38:47,0.87,completed,2693,False
AUD-CH-330-Car-2485,CH-330,Caregiver Guidance Agent,2026-03-02T23:39:22,0.92,completed,948,False
AUD-CH-330-Eth-2400,CH-330,Ethics and Consent Agent,2026-03-02T23:40:03,0.94,passed,1106,False
AUD-CH-330-Bia-3491,CH-330,Bias Monitoring Agent,2026-03-02T23:40:16,0.99,passed,2007,False
AUD-CH-330-Dat-8781,CH-330,Data Quality Agent,2026-03-02T23:40:29,0.93,passed,566,False
AUD-CH-330-Con-3214,CH-330,Confidence and Abstention Agent,2026-03-02T23:40:33,0.93,passed,2238,False
AUD-CH-331-Inp-4592,CH-331,Input Aggregation Agent,2026-03-01T09:01:00,0.84,completed,5159,False
AUD-CH-331-Pro-1943,CH-331,Profile Synthesis Agent,2026-03-01T09:01:40,0.87,completed,2455,False
AUD-CH-331-Pre-6495,CH-331,Prediction Agent,2026-03-01T09:02:09,0.87,completed,4852,False
AUD-CH-331-Dom-7673,CH-331,Domain Analysis Agent,2026-03-01T09:02:48,0.83,completed,632,False
AUD-CH-331-Gui-4180,CH-331,Guideline Generation Agent,2026-03-01T09:03:28,0.86,completed,2251,False
AUD-CH-331-Goa-4415,CH-331,Goal Generation Agent,2026-03-01T09:04:13,0.87,completed,3363,False
AUD-CH-331-Mil-3767,CH-331,Milestone Planning Agent,2026-03-01T09:04:29,0.72,escalated_to_human,2609,True
AUD-CH-331-Car-5564,CH-331,Caregiver Guidance Agent,2026-03-01T09:04:32,0.76,completed,5766,False
AUD-CH-331-Eth-9745,CH-331,Ethics and Consent Agent,2026-03-01T09:04:43,0.97,passed,1071,False
AUD-CH-331-Bia-7663,CH-331,Bias Monitoring Agent,2026-03-01T09:04:46,0.98,passed,2305,False
AUD-CH-331-Dat-8424,CH-331,Data Quality Agent,2026-03-01T09:04:48,0.95,passed,382,False
AUD-CH-331-Con-5048,CH-331,Confidence and Abstention Agent,2026-03-01T09:05:00,0.94,passed,2498,False
AUD-CH-332-Inp-3194,CH-332,Input Aggregation Agent,2026-03-03T01:02:00,0.94,completed,1258,False
AUD-CH-332-Pro-1864,CH-332,Profile Synthesis Agent,2026-03-03T01:02:26,0.84,completed,4725,False
AUD-CH-332-Pre-4235,CH-332,Prediction Agent,2026-03-03T01:02:37,0.79,completed,5524,False
AUD-CH-332-Dom-4360,CH-332,Domain Analysis Agent,2026-03-03T01:03:01,0.7,escalated_to_human,4615,True
AUD-CH-332-Gui-2841,CH-332,Guideline Generation Agent,2026-03-03T01:03:36,0.94,completed,4102,False
AUD-CH-332-Goa-8553,CH-332,Goal Generation Agent,2026-03-03T01:03:46,0.8,completed,5972,False
AUD-CH-332-Mil-9388,CH-332,Milestone Planning Agent,2026-03-03T01:04:14,0.96,completed,4034,False
AUD-CH-332-Car-4085,CH-332,Caregiver Guidance Agent,2026-03-03T01:04:23,0.96,completed,2723,False
AUD-CH-332-Eth-4624,CH-332,Ethics and Consent Agent,2026-03-03T01:04:37,0.98,passed,253,False
AUD-CH-332-Bia-1205,CH-332,Bias Monitoring Agent,2026-03-03T01:04:39,0.78,flagged_for_review,1716,True
AUD-CH-332-Dat-8696,CH-332,Data Quality Agent,2026-03-03T01:04:53,0.97,passed,195,False
AUD-CH-332-Con-3893,CH-332,Confidence and Abstention Agent,2026-03-03T01:05:08,0.94,passed,157,False
AUD-CH-333-Inp-6015,CH-333,Input Aggregation Agent,2026-03-03T04:21:00,0.73,escalated_to_human,290,True
AUD-CH-333-Pro-9874,CH-333,Profile Synthesis Agent,2026-03-03T04:21:30,0.73,escalated_to_human,2276,True
AUD-CH-333-Pre-4245,CH-333,Prediction Agent,2026-03-03T04:21:44,0.94,completed,5407,False
AUD-CH-333-Dom-7838,CH-333,Domain Analysis Agent,2026-03-03T04:22:27,0.75,completed,3602,False
AUD-CH-333-Gui-9801,CH-333,Guideline Generation Agent,2026-03-03T04:23:08,0.91,completed,1021,False
AUD-CH-333-Goa-2728,CH-333,Goal Generation Agent,2026-03-03T04:23:52,0.95,completed,1863,False
AUD-CH-333-Mil-8574,CH-333,Milestone Planning Agent,2026-03-03T04:24:07,0.86,completed,4868,False
AUD-CH-333-Car-1831,CH-333,Caregiver Guidance Agent,2026-03-03T04:24:44,0.87,completed,2674,False
AUD-CH-333-Eth-3721,CH-333,Ethics and Consent Agent,2026-03-03T04:25:06,0.96,passed,2278,False
AUD-CH-333-Bia-1910,CH-333,Bias Monitoring Agent,2026-03-03T04:25:15,0.94,passed,130,False
AUD-CH-333-Dat-7968,CH-333,Data Quality Agent,2026-03-03T04:25:24,0.96,passed,323,False
AUD-CH-333-Con-9918,CH-333,Confidence and Abstention Agent,2026-03-03T04:25:38,0.97,passed,2167,False
AUD-CH-334-Inp-2371,CH-334,Input Aggregation Agent,2026-03-01T14:15:00,0.78,completed,1676,False
AUD-CH-334-Pro-7565,CH-334,Profile Synthesis Agent,2026-03-01T14:15:41,0.85,completed,3600,False
AUD-CH-334-Pre-3737,CH-334,Prediction Agent,2026-03-01T14:16:01,0.71,escalated_to_human,3167,True
AUD-CH-334-Dom-2402,CH-334,Domain Analysis Agent,2026-03-01T14:16:34,0.77,completed,3280,False
AUD-CH-334-Gui-1764,CH-334,Guideline Generation Agent,2026-03-01T14:17:10,0.91,completed,2178,False
AUD-CH-334-Goa-1024,CH-334,Goal Generation Agent,2026-03-01T14:17:51,0.72,escalated_to_human,1412,True
AUD-CH-334-Mil-4745,CH-334,Milestone Planning Agent,2026-03-01T14:18:13,0.96,completed,543,False
AUD-CH-334-Car-6181,CH-334,Caregiver Guidance Agent,2026-03-01T14:18:27,0.86,completed,4100,False
AUD-CH-334-Eth-3600,CH-334,Ethics and Consent Agent,2026-03-01T14:18:53,0.93,passed,2285,False
AUD-CH-334-Bia-9947,CH-334,Bias Monitoring Agent,2026-03-01T14:19:03,0.96,passed,853,False
AUD-CH-334-Dat-1918,CH-334,Data Quality Agent,2026-03-01T14:19:09,0.92,passed,1613,False
AUD-CH-334-Con-6900,CH-334,Confidence and Abstention Agent,2026-03-01T14:19:22,0.94,passed,1143,False
AUD-CH-335-Inp-5711,CH-335,Input Aggregation Agent,2026-03-02T21:51:00,0.8,completed,4570,False
AUD-CH-335-Pro-1218,CH-335,Profile Synthesis Agent,2026-03-02T21:51:23,0.82,completed,5191,False
AUD-CH-335-Pre-6587,CH-335,Prediction Agent,2026-03-02T21:51:37,0.93,completed,1244,False
AUD-CH-335-Dom-1039,CH-335,Domain Analysis Agent,2026-03-02T21:51:48,0.77,completed,4471,False
AUD-CH-335-Gui-6174,CH-335,Guideline Generation Agent,2026-03-02T21:52:12,0.97,completed,4478,False
AUD-CH-335-Goa-2623,CH-335,Goal Generation Agent,2026-03-02T21:52:39,0.78,completed,515,False
AUD-CH-335-Mil-2452,CH-335,Milestone Planning Agent,2026-03-02T21:53:16,0.74,escalated_to_human,2193,True
AUD-CH-335-Car-7194,CH-335,Caregiver Guidance Agent,2026-03-02T21:53:31,0.92,completed,989,False
AUD-CH-335-Eth-5466,CH-335,Ethics and Consent Agent,2026-03-02T21:53:52,0.98,passed,147,False
AUD-CH-335-Bia-8383,CH-335,Bias Monitoring Agent,2026-03-02T21:53:54,0.94,passed,1812,False
AUD-CH-335-Dat-9317,CH-335,Data Quality Agent,2026-03-02T21:53:57,0.96,passed,500,False
AUD-CH-335-Con-6841,CH-335,Confidence and Abstention Agent,2026-03-02T21:54:04,0.95,passed,1211,False
AUD-CH-336-Inp-9269,CH-336,Input Aggregation Agent,2026-03-03T02:31:00,0.84,completed,516,False
AUD-CH-336-Pro-1269,CH-336,Profile Synthesis Agent,2026-03-03T02:31:04,0.96,completed,1129,False
AUD-CH-336-Pre-6112,CH-336,Prediction Agent,2026-03-03T02:31:23,0.97,completed,4979,False
AUD-CH-336-Dom-6980,CH-336,Domain Analysis Agent,2026-03-03T02:31:59,0.88,completed,342,False
AUD-CH-336-Gui-1294,CH-336,Guideline Generation Agent,2026-03-03T02:32:33,0.97,completed,1360,False
AUD-CH-336-Goa-1363,CH-336,Goal Generation Agent,2026-03-03T02:33:08,0.77,completed,2803,False
AUD-CH-336-Mil-5001,CH-336,Milestone Planning Agent,2026-03-03T02:33:39,0.97,completed,1906,False
AUD-CH-336-Car-2216,CH-336,Caregiver Guidance Agent,2026-03-03T02:34:04,0.95,completed,3270,False
AUD-CH-336-Eth-8388,CH-336,Ethics and Consent Agent,2026-03-03T02:34:27,0.91,passed,1811,False
AUD-CH-336-Bia-6977,CH-336,Bias Monitoring Agent,2026-03-03T02:34:32,0.98,passed,614,False
AUD-CH-336-Dat-9186,CH-336,Data Quality Agent,2026-03-03T02:34:42,0.91,passed,1615,False
AUD-CH-336-Con-2070,CH-336,Confidence and Abstention Agent,2026-03-03T02:34:46,0.92,passed,2358,False
AUD-CH-337-Inp-6602,CH-337,Input Aggregation Agent,2026-03-01T19:59:00,0.94,completed,3359,False
AUD-CH-337-Pro-8734,CH-337,Profile Synthesis Agent,2026-03-01T19:59:28,0.73,escalated_to_human,3001,True
AUD-CH-337-Pre-5436,CH-337,Prediction Agent,2026-03-01T19:59:59,0.86,completed,5017,False
AUD-CH-337-Dom-9744,CH-337,Domain Analysis Agent,2026-03-01T20:00:41,0.87,completed,4949,False
AUD-CH-337-Gui-9762,CH-337,Guideline Generation Agent,2026-03-01T20:01:12,0.96,completed,4254,False
AUD-CH-337-Goa-2869,CH-337,Goal Generation Agent,2026-03-01T20:01:43,0.72,escalated_to_human,2242,True
AUD-CH-337-Mil-9378,CH-337,Milestone Planning Agent,2026-03-01T20:01:47,0.73,escalated_to_human,5768,True
AUD-CH-337-Car-8276,CH-337,Caregiver Guidance Agent,2026-03-01T20:02:17,0.98,completed,2875,False
AUD-CH-337-Eth-4551,CH-337,Ethics and Consent Agent,2026-03-01T20:02:49,0.97,passed,941,False
AUD-CH-337-Bia-8584,CH-337,Bias Monitoring Agent,2026-03-01T20:03:03,0.93,passed,1858,False
AUD-CH-337-Dat-1709,CH-337,Data Quality Agent,2026-03-01T20:03:09,0.93,passed,2325,False
AUD-CH-337-Con-3511,CH-337,Confidence and Abstention Agent,2026-03-01T20:03:20,0.93,passed,470,False
AUD-CH-338-Inp-1961,CH-338,Input Aggregation Agent,2026-03-01T18:48:00,0.83,completed,2777,False
AUD-CH-338-Pro-2775,CH-338,Profile Synthesis Agent,2026-03-01T18:48:42,0.7,escalated_to_human,5577,True
AUD-CH-338-Pre-4815,CH-338,Prediction Agent,2026-03-01T18:48:54,0.87,completed,3577,False
AUD-CH-338-Dom-7912,CH-338,Domain Analysis Agent,2026-03-01T18:48:57,0.85,completed,3182,False
AUD-CH-338-Gui-6802,CH-338,Guideline Generation Agent,2026-03-01T18:49:00,0.72,escalated_to_human,5941,True
AUD-CH-338-Goa-2910,CH-338,Goal Generation Agent,2026-03-01T18:49:31,0.74,escalated_to_human,1092,True
AUD-CH-338-Mil-8969,CH-338,Milestone Planning Agent,2026-03-01T18:50:01,0.8,completed,4295,False
AUD-CH-338-Car-5947,CH-338,Caregiver Guidance Agent,2026-03-01T18:50:30,0.83,completed,4550,False
AUD-CH-338-Eth-7257,CH-338,Ethics and Consent Agent,2026-03-01T18:50:59,0.91,passed,2222,False
AUD-CH-338-Bia-2768,CH-338,Bias Monitoring Agent,2026-03-01T18:51:08,0.99,passed,2024,False
AUD-CH-338-Dat-8128,CH-338,Data Quality Agent,2026-03-01T18:51:21,0.92,passed,514,False
AUD-CH-338-Con-4588,CH-338,Confidence and Abstention Agent,2026-03-01T18:51:25,0.92,passed,2306,False
AUD-CH-339-Inp-2097,CH-339,Input Aggregation Agent,2026-03-02T03:58:00,0.88,completed,4338,False
AUD-CH-339-Pro-5440,CH-339,Profile Synthesis Agent,2026-03-02T03:58:23,0.7,escalated_to_human,4415,True
AUD-CH-339-Pre-5169,CH-339,Prediction Agent,2026-03-02T03:59:00,0.71,escalated_to_human,1889,True
AUD-CH-339-Dom-8341,CH-339,Domain Analysis Agent,2026-03-02T03:59:25,0.96,completed,878,False
AUD-CH-339-Gui-6230,CH-339,Guideline Generation Agent,2026-03-02T03:59:57,0.74,escalated_to_human,4623,True
AUD-CH-339-Goa-5601,CH-339,Goal Generation Agent,2026-03-02T04:00:21,0.86,completed,2995,False
AUD-CH-339-Mil-3597,CH-339,Milestone Planning Agent,2026-03-02T04:00:37,0.84,completed,2589,False
AUD-CH-339-Car-5178,CH-339,Caregiver Guidance Agent,2026-03-02T04:01:00,0.85,completed,2535,False
AUD-CH-339-Eth-4025,CH-339,Ethics and Consent Agent,2026-03-02T04:01:13,0.95,passed,489,False
AUD-CH-339-Bia-5808,CH-339,Bias Monitoring Agent,2026-03-02T04:01:24,0.99,passed,1222,False
AUD-CH-339-Dat-6645,CH-339,Data Quality Agent,2026-03-02T04:01:29,0.94,passed,471,False
AUD-CH-339-Con-7013,CH-339,Confidence and Abstention Agent,2026-03-02T04:01:43,0.93,passed,867,False
AUD-CH-340-Inp-5220,CH-340,Input Aggregation Agent,2026-03-02T08:39:00,0.96,completed,4945,False
AUD-CH-340-Pro-5085,CH-340,Profile Synthesis Agent,2026-03-02T08:39:42,0.82,completed,3088,False
AUD-CH-340-Pre-4152,CH-340,Prediction Agent,2026-03-02T08:39:57,0.79,completed,4644,False
AUD-CH-340-Dom-1783,CH-340,Domain Analysis Agent,2026-03-02T08:40:11,0.95,completed,5316,False
AUD-CH-340-Gui-1414,CH-340,Guideline Generation Agent,2026-03-02T08:40:42,0.98,completed,3146,False
AUD-CH-340-Goa-8242,CH-340,Goal Generation Agent,2026-03-02T08:40:54,0.88,completed,3999,False
AUD-CH-340-Mil-4129,CH-340,Milestone Planning Agent,2026-03-02T08:40:58,0.71,escalated_to_human,1349,True
AUD-CH-340-Car-2131,CH-340,Caregiver Guidance Agent,2026-03-02T08:41:35,0.73,escalated_to_human,4066,True
AUD-CH-340-Eth-8385,CH-340,Ethics and Consent Agent,2026-03-02T08:41:55,0.75,flagged_for_review,2309,True
AUD-CH-340-Bia-3217,CH-340,Bias Monitoring Agent,2026-03-02T08:41:58,0.93,passed,788,False
AUD-CH-340-Dat-3754,CH-340,Data Quality Agent,2026-03-02T08:42:12,0.95,passed,404,False
AUD-CH-340-Con-3958,CH-340,Confidence and Abstention Agent,2026-03-02T08:42:22,0.98,passed,663,False
AUD-CH-341-Inp-5694,CH-341,Input Aggregation Agent,2026-03-02T01:47:00,0.69,escalated_to_human,4220,True
AUD-CH-341-Pro-3936,CH-341,Profile Synthesis Agent,2026-03-02T01:47:23,0.89,completed,5834,False
AUD-CH-341-Pre-6713,CH-341,Prediction Agent,2026-03-02T01:47:43,0.97,completed,2541,False
AUD-CH-341-Dom-7277,CH-341,Domain Analysis Agent,2026-03-02T01:48:13,0.8,completed,3643,False
AUD-CH-341-Gui-8859,CH-341,Guideline Generation Agent,2026-03-02T01:48:25,0.92,completed,5943,False
AUD-CH-341-Goa-5582,CH-341,Goal Generation Agent,2026-03-02T01:49:09,0.99,completed,4987,False
AUD-CH-341-Mil-9061,CH-341,Milestone Planning Agent,2026-03-02T01:49:48,0.78,completed,4094,False
AUD-CH-341-Car-6775,CH-341,Caregiver Guidance Agent,2026-03-02T01:50:33,0.7,escalated_to_human,4159,True
AUD-CH-341-Eth-6605,CH-341,Ethics and Consent Agent,2026-03-02T01:51:14,0.94,passed,1719,False
AUD-CH-341-Bia-2886,CH-341,Bias Monitoring Agent,2026-03-02T01:51:19,0.91,passed,180,False
AUD-CH-341-Dat-4528,CH-341,Data Quality Agent,2026-03-02T01:51:21,0.93,passed,2240,False
AUD-CH-341-Con-2067,CH-341,Confidence and Abstention Agent,2026-03-02T01:51:30,0.97,passed,805,False
AUD-CH-342-Inp-4470,CH-342,Input Aggregation Agent,2026-03-01T13:03:00,0.84,completed,2509,False
AUD-CH-342-Pro-8728,CH-342,Profile Synthesis Agent,2026-03-01T13:03:36,0.71,escalated_to_human,2723,True
AUD-CH-342-Pre-1682,CH-342,Prediction Agent,2026-03-01T13:03:58,0.71,escalated_to_human,2482,True
AUD-CH-342-Dom-4625,CH-342,Domain Analysis Agent,2026-03-01T13:04:21,0.9,completed,626,False
AUD-CH-342-Gui-3453,CH-342,Guideline Generation Agent,2026-03-01T13:04:46,0.71,escalated_to_human,4157,True
AUD-CH-342-Goa-7522,CH-342,Goal Generation Agent,2026-03-01T13:05:28,0.7,escalated_to_human,3777,True
AUD-CH-342-Mil-2870,CH-342,Milestone Planning Agent,2026-03-01T13:05:36,0.88,completed,2177,False
AUD-CH-342-Car-9535,CH-342,Caregiver Guidance Agent,2026-03-01T13:06:12,0.88,completed,5569,False
AUD-CH-342-Eth-6556,CH-342,Ethics and Consent Agent,2026-03-01T13:06:26,0.96,passed,821,False
AUD-CH-342-Bia-8352,CH-342,Bias Monitoring Agent,2026-03-01T13:06:29,0.96,passed,1759,False
AUD-CH-342-Dat-7466,CH-342,Data Quality Agent,2026-03-01T13:06:43,0.94,passed,2311,False
AUD-CH-342-Con-8854,CH-342,Confidence and Abstention Agent,2026-03-01T13:06:53,0.94,passed,676,False
AUD-CH-343-Inp-9934,CH-343,Input Aggregation Agent,2026-03-03T04:44:00,0.98,completed,3981,False
AUD-CH-343-Pro-8423,CH-343,Profile Synthesis Agent,2026-03-03T04:44:37,0.85,completed,5619,False
AUD-CH-343-Pre-2547,CH-343,Prediction Agent,2026-03-03T04:44:43,0.85,completed,2926,False
AUD-CH-343-Dom-5836,CH-343,Domain Analysis Agent,2026-03-03T04:44:50,0.93,completed,759,False
AUD-CH-343-Gui-8024,CH-343,Guideline Generation Agent,2026-03-03T04:45:14,0.9,completed,3133,False
AUD-CH-343-Goa-1910,CH-343,Goal Generation Agent,2026-03-03T04:45:19,0.96,completed,3034,False
AUD-CH-343-Mil-9167,CH-343,Milestone Planning Agent,2026-03-03T04:46:01,0.78,completed,304,False
AUD-CH-343-Car-3880,CH-343,Caregiver Guidance Agent,2026-03-03T04:46:14,0.76,completed,1118,False
AUD-CH-343-Eth-8944,CH-343,Ethics and Consent Agent,2026-03-03T04:46:56,0.91,passed,1231,False
AUD-CH-343-Bia-2881,CH-343,Bias Monitoring Agent,2026-03-03T04:47:04,0.99,passed,237,False
AUD-CH-343-Dat-7136,CH-343,Data Quality Agent,2026-03-03T04:47:10,0.96,passed,791,False
AUD-CH-343-Con-7587,CH-343,Confidence and Abstention Agent,2026-03-03T04:47:17,0.95,passed,1556,False
AUD-CH-344-Inp-5651,CH-344,Input Aggregation Agent,2026-03-01T12:47:00,0.93,completed,3647,False
AUD-CH-344-Pro-1615,CH-344,Profile Synthesis Agent,2026-03-01T12:47:16,0.75,completed,2779,False
AUD-CH-344-Pre-6306,CH-344,Prediction Agent,2026-03-01T12:47:58,0.79,completed,1190,False
AUD-CH-344-Dom-3893,CH-344,Domain Analysis Agent,2026-03-01T12:48:41,0.75,completed,1706,False
AUD-CH-344-Gui-8089,CH-344,Guideline Generation Agent,2026-03-01T12:48:44,0.75,completed,4850,False
AUD-CH-344-Goa-4476,CH-344,Goal Generation Agent,2026-03-01T12:49:04,0.82,completed,5787,False
AUD-CH-344-Mil-1385,CH-344,Milestone Planning Agent,2026-03-01T12:49:29,0.85,completed,2541,False
AUD-CH-344-Car-9660,CH-344,Caregiver Guidance Agent,2026-03-01T12:49:58,0.8,completed,4557,False
AUD-CH-344-Eth-6410,CH-344,Ethics and Consent Agent,2026-03-01T12:50:17,0.92,passed,480,False
AUD-CH-344-Bia-6994,CH-344,Bias Monitoring Agent,2026-03-01T12:50:26,0.94,passed,2256,False
AUD-CH-344-Dat-7233,CH-344,Data Quality Agent,2026-03-01T12:50:40,0.97,passed,1435,False
AUD-CH-344-Con-8639,CH-344,Confidence and Abstention Agent,2026-03-01T12:50:48,0.92,passed,535,False
AUD-CH-345-Inp-7445,CH-345,Input Aggregation Agent,2026-03-03T06:22:00,0.8,completed,5711,False
AUD-CH-345-Pro-9129,CH-345,Profile Synthesis Agent,2026-03-03T06:22:05,0.83,completed,3270,False
AUD-CH-345-Pre-3236,CH-345,Prediction Agent,2026-03-03T06:22:09,0.82,completed,5456,False
AUD-CH-345-Dom-8086,CH-345,Domain Analysis Agent,2026-03-03T06:22:46,0.77,completed,2043,False
AUD-CH-345-Gui-6675,CH-345,Guideline Generation Agent,2026-03-03T06:23:09,0.82,completed,3390,False
AUD-CH-345-Goa-8989,CH-345,Goal Generation Agent,2026-03-03T06:23:31,0.84,completed,3150,False
AUD-CH-345-Mil-5508,CH-345,Milestone Planning Agent,2026-03-03T06:24:12,0.83,completed,3142,False
AUD-CH-345-Car-2522,CH-345,Caregiver Guidance Agent,2026-03-03T06:24:42,0.76,completed,3904,False
AUD-CH-345-Eth-7517,CH-345,Ethics and Consent Agent,2026-03-03T06:24:51,0.95,passed,1482,False
AUD-CH-345-Bia-8540,CH-345,Bias Monitoring Agent,2026-03-03T06:25:06,0.91,passed,1452,False
AUD-CH-345-Dat-6819,CH-345,Data Quality Agent,2026-03-03T06:25:15,0.97,passed,656,False
AUD-CH-345-Con-3928,CH-345,Confidence and Abstention Agent,2026-03-03T06:25:23,0.97,passed,1609,False
AUD-CH-346-Inp-5371,CH-346,Input Aggregation Agent,2026-03-03T03:08:00,0.71,escalated_to_human,3212,True
AUD-CH-346-Pro-9676,CH-346,Profile Synthesis Agent,2026-03-03T03:08:18,0.86,completed,3814,False
AUD-CH-346-Pre-8128,CH-346,Prediction Agent,2026-03-03T03:08:44,0.71,escalated_to_human,290,True
AUD-CH-346-Dom-5522,CH-346,Domain Analysis Agent,2026-03-03T03:08:49,0.83,completed,5129,False
AUD-CH-346-Gui-7861,CH-346,Guideline Generation Agent,2026-03-03T03:09:06,0.98,completed,5868,False
AUD-CH-346-Goa-8718,CH-346,Goal Generation Agent,2026-03-03T03:09:24,0.77,completed,3685,False
AUD-CH-346-Mil-2015,CH-346,Milestone Planning Agent,2026-03-03T03:09:54,0.97,completed,4076,False
AUD-CH-346-Car-7752,CH-346,Caregiver Guidance Agent,2026-03-03T03:10:39,0.88,completed,1992,False
AUD-CH-346-Eth-7274,CH-346,Ethics and Consent Agent,2026-03-03T03:10:48,0.98,passed,1956,False
AUD-CH-346-Bia-1894,CH-346,Bias Monitoring Agent,2026-03-03T03:10:57,0.95,passed,1846,False
AUD-CH-346-Dat-5524,CH-346,Data Quality Agent,2026-03-03T03:10:59,0.99,passed,1430,False
AUD-CH-346-Con-4268,CH-346,Confidence and Abstention Agent,2026-03-03T03:11:12,0.99,passed,1042,False
AUD-CH-347-Inp-4963,CH-347,Input Aggregation Agent,2026-03-01T16:36:00,0.69,escalated_to_human,2676,True
AUD-CH-347-Pro-6411,CH-347,Profile Synthesis Agent,2026-03-01T16:36:15,0.83,completed,4046,False
AUD-CH-347-Pre-7904,CH-347,Prediction Agent,2026-03-01T16:36:20,0.96,completed,1038,False
AUD-CH-347-Dom-3214,CH-347,Domain Analysis Agent,2026-03-01T16:36:24,0.94,completed,5763,False
AUD-CH-347-Gui-8263,CH-347,Guideline Generation Agent,2026-03-01T16:36:49,0.7,escalated_to_human,190,True
AUD-CH-347-Goa-9982,CH-347,Goal Generation Agent,2026-03-01T16:37:16,0.96,completed,3452,False
AUD-CH-347-Mil-5822,CH-347,Milestone Planning Agent,2026-03-01T16:37:31,0.75,completed,4650,False
AUD-CH-347-Car-2941,CH-347,Caregiver Guidance Agent,2026-03-01T16:38:15,0.8,completed,1838,False
AUD-CH-347-Eth-8502,CH-347,Ethics and Consent Agent,2026-03-01T16:38:58,0.98,passed,1516,False
AUD-CH-347-Bia-7752,CH-347,Bias Monitoring Agent,2026-03-01T16:39:10,0.93,passed,453,False
AUD-CH-347-Dat-6263,CH-347,Data Quality Agent,2026-03-01T16:39:22,0.96,passed,1243,False
AUD-CH-347-Con-3363,CH-347,Confidence and Abstention Agent,2026-03-01T16:39:25,0.92,passed,2471,False
AUD-CH-348-Inp-8848,CH-348,Input Aggregation Agent,2026-03-01T23:31:00,0.91,completed,3773,False
AUD-CH-348-Pro-4705,CH-348,Profile Synthesis Agent,2026-03-01T23:31:26,0.97,completed,1250,False
AUD-CH-348-Pre-8454,CH-348,Prediction Agent,2026-03-01T23:31:51,0.77,completed,2377,False
AUD-CH-348-Dom-1952,CH-348,Domain Analysis Agent,2026-03-01T23:32:26,0.86,completed,2529,False
AUD-CH-348-Gui-6620,CH-348,Guideline Generation Agent,2026-03-01T23:32:37,0.76,completed,154,False
AUD-CH-348-Goa-4686,CH-348,Goal Generation Agent,2026-03-01T23:32:41,0.9,completed,5820,False
AUD-CH-348-Mil-7599,CH-348,Milestone Planning Agent,2026-03-01T23:33:03,0.98,completed,4339,False
AUD-CH-348-Car-5416,CH-348,Caregiver Guidance Agent,2026-03-01T23:33:43,0.96,completed,4917,False
AUD-CH-348-Eth-8171,CH-348,Ethics and Consent Agent,2026-03-01T23:34:01,0.92,passed,2001,False
AUD-CH-348-Bia-4773,CH-348,Bias Monitoring Agent,2026-03-01T23:34:06,0.95,passed,157,False
AUD-CH-348-Dat-2223,CH-348,Data Quality Agent,2026-03-01T23:34:13,0.96,passed,2139,False
AUD-CH-348-Con-8867,CH-348,Confidence and Abstention Agent,2026-03-01T23:34:24,0.97,passed,954,False
AUD-CH-349-Inp-1005,CH-349,Input Aggregation Agent,2026-03-03T04:35:00,0.78,completed,183,False
AUD-CH-349-Pro-4047,CH-349,Profile Synthesis Agent,2026-03-03T04:35:04,0.96,completed,3146,False
AUD-CH-349-Pre-4009,CH-349,Prediction Agent,2026-03-03T04:35:29,0.74,escalated_to_human,4811,True
AUD-CH-349-Dom-8521,CH-349,Domain Analysis Agent,2026-03-03T04:35:49,0.79,completed,3542,False
AUD-CH-349-Gui-7039,CH-349,Guideline Generation Agent,2026-03-03T04:36:14,0.92,completed,5812,False
AUD-CH-349-Goa-8894,CH-349,Goal Generation Agent,2026-03-03T04:36:50,0.78,completed,4196,False
AUD-CH-349-Mil-2441,CH-349,Milestone Planning Agent,2026-03-03T04:36:59,0.85,completed,5953,False
AUD-CH-349-Car-4819,CH-349,Caregiver Guidance Agent,2026-03-03T04:37:26,0.77,completed,1638,False
AUD-CH-349-Eth-3041,CH-349,Ethics and Consent Agent,2026-03-03T04:38:04,0.92,passed,1356,False
AUD-CH-349-Bia-7685,CH-349,Bias Monitoring Agent,2026-03-03T04:38:14,0.93,passed,1352,False
AUD-CH-349-Dat-4394,CH-349,Data Quality Agent,2026-03-03T04:38:20,0.97,passed,1586,False
AUD-CH-349-Con-6061,CH-349,Confidence and Abstention Agent,2026-03-03T04:38:24,0.93,passed,2136,False
AUD-CH-350-Inp-9964,CH-350,Input Aggregation Agent,2026-03-03T05:51:00,0.99,completed,235,False
AUD-CH-350-Pro-7417,CH-350,Profile Synthesis Agent,2026-03-03T05:51:09,0.97,completed,5002,False
AUD-CH-350-Pre-7002,CH-350,Prediction Agent,2026-03-03T05:51:35,0.71,escalated_to_human,4970,True
AUD-CH-350-Dom-1337,CH-350,Domain Analysis Agent,2026-03-03T05:51:52,0.75,completed,5832,False
AUD-CH-350-Gui-9599,CH-350,Guideline Generation Agent,2026-03-03T05:52:26,0.71,escalated_to_human,2424,True
AUD-CH-350-Goa-3747,CH-350,Goal Generation Agent,2026-03-03T05:53:07,0.82,completed,4781,False
AUD-CH-350-Mil-1390,CH-350,Milestone Planning Agent,2026-03-03T05:53:43,0.88,completed,3207,False
AUD-CH-350-Car-4598,CH-350,Caregiver Guidance Agent,2026-03-03T05:54:07,0.86,completed,2377,False
AUD-CH-350-Eth-3456,CH-350,Ethics and Consent Agent,2026-03-03T05:54:40,0.99,passed,2035,False
AUD-CH-350-Bia-7398,CH-350,Bias Monitoring Agent,2026-03-03T05:54:49,0.96,passed,905,False
AUD-CH-350-Dat-7800,CH-350,Data Quality Agent,2026-03-03T05:54:54,0.97,passed,2198,False
AUD-CH-350-Con-6470,CH-350,Confidence and Abstention Agent,2026-03-03T05:55:06,0.93,passed,885,False
AUD-CH-351-Inp-5160,CH-351,Input Aggregation Agent,2026-03-02T13:32:00,0.69,escalated_to_human,5505,True
AUD-CH-351-Pro-7005,CH-351,Profile Synthesis Agent,2026-03-02T13:32:21,0.8,completed,5367,False
AUD-CH-351-Pre-8303,CH-351,Prediction Agent,2026-03-02T13:32:30,0.71,escalated_to_human,1901,True
AUD-CH-351-Dom-1825,CH-351,Domain Analysis Agent,2026-03-02T13:33:05,0.9,completed,3534,False
AUD-CH-351-Gui-5344,CH-351,Guideline Generation Agent,2026-03-02T13:33:28,0.82,completed,4740,False
AUD-CH-351-Goa-3860,CH-351,Goal Generation Agent,2026-03-02T13:34:12,0.94,completed,3945,False
AUD-CH-351-Mil-6073,CH-351,Milestone Planning Agent,2026-03-02T13:34:18,0.74,escalated_to_human,4447,True
AUD-CH-351-Car-1187,CH-351,Caregiver Guidance Agent,2026-03-02T13:34:27,0.91,completed,1173,False
AUD-CH-351-Eth-5633,CH-351,Ethics and Consent Agent,2026-03-02T13:34:56,0.62,flagged_for_review,261,True
AUD-CH-351-Bia-3878,CH-351,Bias Monitoring Agent,2026-03-02T13:35:11,0.91,passed,1223,False
AUD-CH-351-Dat-4626,CH-351,Data Quality Agent,2026-03-02T13:35:23,0.92,passed,1207,False
AUD-CH-351-Con-1759,CH-351,Confidence and Abstention Agent,2026-03-02T13:35:34,0.99,passed,1729,False
AUD-CH-352-Inp-2760,CH-352,Input Aggregation Agent,2026-03-01T13:27:00,0.91,completed,4912,False
AUD-CH-352-Pro-2578,CH-352,Profile Synthesis Agent,2026-03-01T13:27:39,0.73,escalated_to_human,2530,True
AUD-CH-352-Pre-2434,CH-352,Prediction Agent,2026-03-01T13:28:09,0.94,completed,2600,False
AUD-CH-352-Dom-1256,CH-352,Domain Analysis Agent,2026-03-01T13:28:30,0.72,escalated_to_human,4661,True
AUD-CH-352-Gui-9575,CH-352,Guideline Generation Agent,2026-03-01T13:28:47,0.94,completed,2750,False
AUD-CH-352-Goa-8532,CH-352,Goal Generation Agent,2026-03-01T13:28:53,0.81,completed,2218,False
AUD-CH-352-Mil-7150,CH-352,Milestone Planning Agent,2026-03-01T13:29:12,0.7,escalated_to_human,800,True
AUD-CH-352-Car-5262,CH-352,Caregiver Guidance Agent,2026-03-01T13:29:19,0.85,completed,3080,False
AUD-CH-352-Eth-8536,CH-352,Ethics and Consent Agent,2026-03-01T13:29:23,0.97,passed,1836,False
AUD-CH-352-Bia-3474,CH-352,Bias Monitoring Agent,2026-03-01T13:29:29,0.94,passed,430,False
AUD-CH-352-Dat-4562,CH-352,Data Quality Agent,2026-03-01T13:29:37,0.96,passed,1750,False
AUD-CH-352-Con-8974,CH-352,Confidence and Abstention Agent,2026-03-01T13:29:47,0.92,passed,797,False
AUD-CH-353-Inp-4718,CH-353,Input Aggregation Agent,2026-03-02T08:07:00,0.89,completed,4171,False
AUD-CH-353-Pro-7568,CH-353,Profile Synthesis Agent,2026-03-02T08:07:45,0.8,completed,1781,False
AUD-CH-353-Pre-4181,CH-353,Prediction Agent,2026-03-02T08:07:58,0.74,escalated_to_human,3359,True
AUD-CH-353-Dom-8808,CH-353,Domain Analysis Agent,2026-03-02T08:08:17,0.75,completed,166,False
AUD-CH-353-Gui-9914,CH-353,Guideline Generation Agent,2026-03-02T08:08:51,0.76,completed,5841,False
AUD-CH-353-Goa-9974,CH-353,Goal Generation Agent,2026-03-02T08:09:34,0.79,completed,603,False
AUD-CH-353-Mil-6739,CH-353,Milestone Planning Agent,2026-03-02T08:10:11,0.84,completed,2489,False
AUD-CH-353-Car-9200,CH-353,Caregiver Guidance Agent,2026-03-02T08:10:55,0.86,completed,1057,False
AUD-CH-353-Eth-8541,CH-353,Ethics and Consent Agent,2026-03-02T08:11:17,0.94,passed,687,False
AUD-CH-353-Bia-4207,CH-353,Bias Monitoring Agent,2026-03-02T08:11:19,0.94,passed,248,False
AUD-CH-353-Dat-6136,CH-353,Data Quality Agent,2026-03-02T08:11:32,0.94,passed,1716,False
AUD-CH-353-Con-3404,CH-353,Confidence and Abstention Agent,2026-03-02T08:11:40,0.97,passed,139,False
AUD-CH-354-Inp-9058,CH-354,Input Aggregation Agent,2026-03-01T18:02:00,0.96,completed,3855,False
AUD-CH-354-Pro-1460,CH-354,Profile Synthesis Agent,2026-03-01T18:02:28,0.76,completed,1539,False
AUD-CH-354-Pre-1763,CH-354,Prediction Agent,2026-03-01T18:02:32,0.71,escalated_to_human,5663,True
AUD-CH-354-Dom-4455,CH-354,Domain Analysis Agent,2026-03-01T18:03:02,0.9,completed,5654,False
AUD-CH-354-Gui-4498,CH-354,Guideline Generation Agent,2026-03-01T18:03:44,0.77,completed,2956,False
AUD-CH-354-Goa-7510,CH-354,Goal Generation Agent,2026-03-01T18:03:55,0.86,completed,1322,False
AUD-CH-354-Mil-2069,CH-354,Milestone Planning Agent,2026-03-01T18:03:58,0.86,completed,2065,False
AUD-CH-354-Car-2547,CH-354,Caregiver Guidance Agent,2026-03-01T18:04:40,0.69,escalated_to_human,3377,True
AUD-CH-354-Eth-8183,CH-354,Ethics and Consent Agent,2026-03-01T18:05:05,0.94,passed,1365,False
AUD-CH-354-Bia-7215,CH-354,Bias Monitoring Agent,2026-03-01T18:05:09,0.97,passed,2193,False
AUD-CH-354-Dat-8928,CH-354,Data Quality Agent,2026-03-01T18:05:14,0.96,passed,217,False
AUD-CH-354-Con-5489,CH-354,Confidence and Abstention Agent,2026-03-01T18:05:29,0.97,passed,1567,False
AUD-CH-355-Inp-7332,CH-355,Input Aggregation Agent,2026-03-02T20:21:00,0.75,completed,1488,False
AUD-CH-355-Pro-2810,CH-355,Profile Synthesis Agent,2026-03-02T20:21:30,0.89,completed,178,False
AUD-CH-355-Pre-3751,CH-355,Prediction Agent,2026-03-02T20:22:04,0.79,completed,5778,False
AUD-CH-355-Dom-4208,CH-355,Domain Analysis Agent,2026-03-02T20:22:11,0.96,completed,5091,False
AUD-CH-355-Gui-6734,CH-355,Guideline Generation Agent,2026-03-02T20:22:16,0.85,completed,904,False
AUD-CH-355-Goa-3414,CH-355,Goal Generation Agent,2026-03-02T20:22:36,0.71,escalated_to_human,1267,True
AUD-CH-355-Mil-1900,CH-355,Milestone Planning Agent,2026-03-02T20:23:20,0.68,escalated_to_human,5086,True
AUD-CH-355-Car-2235,CH-355,Caregiver Guidance Agent,2026-03-02T20:23:56,0.71,escalated_to_human,3891,True
AUD-CH-355-Eth-2752,CH-355,Ethics and Consent Agent,2026-03-02T20:24:28,0.96,passed,933,False
AUD-CH-355-Bia-2503,CH-355,Bias Monitoring Agent,2026-03-02T20:24:39,0.98,passed,2361,False
AUD-CH-355-Dat-3993,CH-355,Data Quality Agent,2026-03-02T20:24:50,0.94,passed,847,False
AUD-CH-355-Con-3886,CH-355,Confidence and Abstention Agent,2026-03-02T20:25:02,0.92,passed,1259,False
AUD-CH-356-Inp-4542,CH-356,Input Aggregation Agent,2026-03-03T03:05:00,0.99,completed,5222,False
AUD-CH-356-Pro-7331,CH-356,Profile Synthesis Agent,2026-03-03T03:05:27,0.92,completed,4173,False
AUD-CH-356-Pre-2219,CH-356,Prediction Agent,2026-03-03T03:05:40,0.9,completed,4033,False
AUD-CH-356-Dom-5251,CH-356,Domain Analysis Agent,2026-03-03T03:05:47,0.94,completed,1153,False
AUD-CH-356-Gui-8825,CH-356,Guideline Generation Agent,2026-03-03T03:06:29,0.83,completed,561,False
AUD-CH-356-Goa-3828,CH-356,Goal Generation Agent,2026-03-03T03:06:52,0.71,escalated_to_human,5843,True
AUD-CH-356-Mil-9371,CH-356,Milestone Planning Agent,2026-03-03T03:07:24,0.76,completed,4405,False
AUD-CH-356-Car-7217,CH-356,Caregiver Guidance Agent,2026-03-03T03:07:27,0.85,completed,1122,False
AUD-CH-356-Eth-4265,CH-356,Ethics and Consent Agent,2026-03-03T03:07:52,0.97,passed,2014,False
AUD-CH-356-Bia-7738,CH-356,Bias Monitoring Agent,2026-03-03T03:07:57,0.93,passed,459,False
AUD-CH-356-Dat-8774,CH-356,Data Quality Agent,2026-03-03T03:08:06,0.95,passed,316,False
AUD-CH-356-Con-7300,CH-356,Confidence and Abstention Agent,2026-03-03T03:08:13,0.91,passed,2370,False
AUD-CH-357-Inp-5472,CH-357,Input Aggregation Agent,2026-03-01T11:09:00,0.84,completed,2716,False
AUD-CH-357-Pro-7238,CH-357,Profile Synthesis Agent,2026-03-01T11:09:29,0.69,escalated_to_human,2798,True
AUD-CH-357-Pre-5051,CH-357,Prediction Agent,2026-03-01T11:09:42,0.76,completed,2809,False
AUD-CH-357-Dom-3148,CH-357,Domain Analysis Agent,2026-03-01T11:10:14,0.95,completed,1981,False
AUD-CH-357-Gui-3312,CH-357,Guideline Generation Agent,2026-03-01T11:10:30,0.96,completed,4038,False
AUD-CH-357-Goa-8662,CH-357,Goal Generation Agent,2026-03-01T11:10:54,0.76,completed,521,False
AUD-CH-357-Mil-1254,CH-357,Milestone Planning Agent,2026-03-01T11:11:10,0.9,completed,4436,False
AUD-CH-357-Car-1130,CH-357,Caregiver Guidance Agent,2026-03-01T11:11:37,0.68,escalated_to_human,1801,True
AUD-CH-357-Eth-5424,CH-357,Ethics and Consent Agent,2026-03-01T11:11:52,0.77,flagged_for_review,2109,True
AUD-CH-357-Bia-2395,CH-357,Bias Monitoring Agent,2026-03-01T11:12:06,0.98,passed,85,False
AUD-CH-357-Dat-9121,CH-357,Data Quality Agent,2026-03-01T11:12:13,0.98,passed,776,False
AUD-CH-357-Con-9711,CH-357,Confidence and Abstention Agent,2026-03-01T11:12:23,0.92,passed,1873,False
AUD-CH-358-Inp-5392,CH-358,Input Aggregation Agent,2026-03-02T04:23:00,0.86,completed,3664,False
AUD-CH-358-Pro-3040,CH-358,Profile Synthesis Agent,2026-03-02T04:23:24,0.82,completed,4530,False
AUD-CH-358-Pre-6614,CH-358,Prediction Agent,2026-03-02T04:23:33,0.92,completed,4744,False
AUD-CH-358-Dom-2971,CH-358,Domain Analysis Agent,2026-03-02T04:23:50,0.8,completed,1404,False
AUD-CH-358-Gui-2833,CH-358,Guideline Generation Agent,2026-03-02T04:23:57,0.68,escalated_to_human,5843,True
AUD-CH-358-Goa-7136,CH-358,Goal Generation Agent,2026-03-02T04:24:16,0.8,completed,5646,False
AUD-CH-358-Mil-2125,CH-358,Milestone Planning Agent,2026-03-02T04:24:32,0.84,completed,5999,False
AUD-CH-358-Car-9272,CH-358,Caregiver Guidance Agent,2026-03-02T04:24:49,0.8,completed,2697,False
AUD-CH-358-Eth-7180,CH-358,Ethics and Consent Agent,2026-03-02T04:25:21,0.98,passed,473,False
AUD-CH-358-Bia-8392,CH-358,Bias Monitoring Agent,2026-03-02T04:25:28,0.98,passed,1285,False
AUD-CH-358-Dat-6321,CH-358,Data Quality Agent,2026-03-02T04:25:36,0.89,flagged_for_review,967,True
AUD-CH-358-Con-4476,CH-358,Confidence and Abstention Agent,2026-03-02T04:25:48,0.93,passed,503,False
AUD-CH-359-Inp-5489,CH-359,Input Aggregation Agent,2026-03-03T01:40:00,0.77,completed,4191,False
AUD-CH-359-Pro-3526,CH-359,Profile Synthesis Agent,2026-03-03T01:40:22,0.76,completed,1266,False
AUD-CH-359-Pre-3886,CH-359,Prediction Agent,2026-03-03T01:40:51,0.82,completed,1793,False
AUD-CH-359-Dom-3991,CH-359,Domain Analysis Agent,2026-03-03T01:41:35,0.71,escalated_to_human,5767,True
AUD-CH-359-Gui-6112,CH-359,Guideline Generation Agent,2026-03-03T01:42:04,0.85,completed,4405,False
AUD-CH-359-Goa-9295,CH-359,Goal Generation Agent,2026-03-03T01:42:47,0.94,completed,709,False
AUD-CH-359-Mil-5749,CH-359,Milestone Planning Agent,2026-03-03T01:43:07,0.86,completed,1534,False
AUD-CH-359-Car-1266,CH-359,Caregiver Guidance Agent,2026-03-03T01:43:27,0.88,completed,1387,False
AUD-CH-359-Eth-3587,CH-359,Ethics and Consent Agent,2026-03-03T01:43:47,0.95,passed,1530,False
AUD-CH-359-Bia-7816,CH-359,Bias Monitoring Agent,2026-03-03T01:43:56,0.97,passed,1556,False
AUD-CH-359-Dat-5207,CH-359,Data Quality Agent,2026-03-03T01:44:08,0.98,passed,135,False
AUD-CH-359-Con-5878,CH-359,Confidence and Abstention Agent,2026-03-03T01:44:11,0.93,passed,1422,False
AUD-CH-360-Inp-3573,CH-360,Input Aggregation Agent,2026-03-01T15:18:00,0.68,escalated_to_human,2111,True
AUD-CH-360-Pro-4949,CH-360,Profile Synthesis Agent,2026-03-01T15:18:22,0.76,completed,4916,False
AUD-CH-360-Pre-9556,CH-360,Prediction Agent,2026-03-01T15:18:58,0.82,completed,2324,False
AUD-CH-360-Dom-2672,CH-360,Domain Analysis Agent,2026-03-01T15:19:08,0.91,completed,4956,False
AUD-CH-360-Gui-4896,CH-360,Guideline Generation Agent,2026-03-01T15:19:16,0.8,completed,1090,False
AUD-CH-360-Goa-5949,CH-360,Goal Generation Agent,2026-03-01T15:19:24,0.91,completed,1748,False
AUD-CH-360-Mil-8952,CH-360,Milestone Planning Agent,2026-03-01T15:20:03,0.71,escalated_to_human,1228,True
AUD-CH-360-Car-6500,CH-360,Caregiver Guidance Agent,2026-03-01T15:20:13,0.68,escalated_to_human,890,True
AUD-CH-360-Eth-2932,CH-360,Ethics and Consent Agent,2026-03-01T15:20:23,0.95,passed,2435,False
AUD-CH-360-Bia-1963,CH-360,Bias Monitoring Agent,2026-03-01T15:20:29,0.98,passed,2420,False
AUD-CH-360-Dat-4996,CH-360,Data Quality Agent,2026-03-01T15:20:42,0.98,passed,1364,False
AUD-CH-360-Con-6197,CH-360,Confidence and Abstention Agent,2026-03-01T15:20:47,0.95,passed,579,False
AUD-CH-361-Inp-2855,CH-361,Input Aggregation Agent,2026-03-01T17:28:00,0.7,escalated_to_human,1575,True
AUD-CH-361-Pro-8830,CH-361,Profile Synthesis Agent,2026-03-01T17:28:21,0.73,escalated_to_human,3639,True
AUD-CH-361-Pre-5078,CH-361,Prediction Agent,2026-03-01T17:29:06,0.93,completed,4290,False
AUD-CH-361-Dom-9339,CH-361,Domain Analysis Agent,2026-03-01T17:29:41,0.95,completed,2681,False
AUD-CH-361-Gui-4374,CH-361,Guideline Generation Agent,2026-03-01T17:29:54,0.97,completed,4606,False
AUD-CH-361-Goa-1168,CH-361,Goal Generation Agent,2026-03-01T17:30:25,0.7,escalated_to_human,2497,True
AUD-CH-361-Mil-6919,CH-361,Milestone Planning Agent,2026-03-01T17:30:47,0.88,completed,3583,False
AUD-CH-361-Car-8449,CH-361,Caregiver Guidance Agent,2026-03-01T17:31:23,0.7,escalated_to_human,1514,True
AUD-CH-361-Eth-8044,CH-361,Ethics and Consent Agent,2026-03-01T17:32:00,0.94,passed,1977,False
AUD-CH-361-Bia-3138,CH-361,Bias Monitoring Agent,2026-03-01T17:32:13,0.97,passed,1970,False
AUD-CH-361-Dat-4309,CH-361,Data Quality Agent,2026-03-01T17:32:25,0.99,passed,1813,False
AUD-CH-361-Con-4437,CH-361,Confidence and Abstention Agent,2026-03-01T17:32:32,0.93,passed,634,False
AUD-CH-362-Inp-4064,CH-362,Input Aggregation Agent,2026-03-02T15:49:00,0.85,completed,5258,False
AUD-CH-362-Pro-7643,CH-362,Profile Synthesis Agent,2026-03-02T15:49:10,0.95,completed,600,False
AUD-CH-362-Pre-1005,CH-362,Prediction Agent,2026-03-02T15:49:45,0.99,completed,4557,False
AUD-CH-362-Dom-4467,CH-362,Domain Analysis Agent,2026-03-02T15:50:01,0.97,completed,504,False
AUD-CH-362-Gui-3873,CH-362,Guideline Generation Agent,2026-03-02T15:50:31,0.86,completed,2304,False
AUD-CH-362-Goa-1875,CH-362,Goal Generation Agent,2026-03-02T15:50:49,0.93,completed,1315,False
AUD-CH-362-Mil-2347,CH-362,Milestone Planning Agent,2026-03-02T15:51:26,0.73,escalated_to_human,1801,True
AUD-CH-362-Car-8464,CH-362,Caregiver Guidance Agent,2026-03-02T15:52:00,0.8,completed,3403,False
AUD-CH-362-Eth-7887,CH-362,Ethics and Consent Agent,2026-03-02T15:52:07,0.94,passed,1586,False
AUD-CH-362-Bia-8216,CH-362,Bias Monitoring Agent,2026-03-02T15:52:09,0.94,passed,821,False
AUD-CH-362-Dat-2857,CH-362,Data Quality Agent,2026-03-02T15:52:13,0.95,passed,102,False
AUD-CH-362-Con-2810,CH-362,Confidence and Abstention Agent,2026-03-02T15:52:24,0.95,passed,990,False
AUD-CH-363-Inp-6147,CH-363,Input Aggregation Agent,2026-03-03T01:02:00,0.95,completed,2909,False
AUD-CH-363-Pro-1602,CH-363,Profile Synthesis Agent,2026-03-03T01:02:20,0.95,completed,2297,False
AUD-CH-363-Pre-9370,CH-363,Prediction Agent,2026-03-03T01:02:23,0.98,completed,3155,False
AUD-CH-363-Dom-7777,CH-363,Domain Analysis Agent,2026-03-03T01:03:01,0.91,completed,2754,False
AUD-CH-363-Gui-5513,CH-363,Guideline Generation Agent,2026-03-03T01:03:36,0.81,completed,4154,False
AUD-CH-363-Goa-5870,CH-363,Goal Generation Agent,2026-03-03T01:03:48,0.98,completed,4202,False
AUD-CH-363-Mil-3011,CH-363,Milestone Planning Agent,2026-03-03T01:03:56,0.76,completed,5969,False
AUD-CH-363-Car-9049,CH-363,Caregiver Guidance Agent,2026-03-03T01:04:09,0.68,escalated_to_human,3764,True
AUD-CH-363-Eth-1660,CH-363,Ethics and Consent Agent,2026-03-03T01:04:22,0.94,passed,2351,False
AUD-CH-363-Bia-6063,CH-363,Bias Monitoring Agent,2026-03-03T01:04:35,0.93,passed,1615,False
AUD-CH-363-Dat-4658,CH-363,Data Quality Agent,2026-03-03T01:04:49,0.84,flagged_for_review,1046,True
AUD-CH-363-Con-1107,CH-363,Confidence and Abstention Agent,2026-03-03T01:04:52,0.95,passed,1346,False
AUD-CH-364-Inp-6907,CH-364,Input Aggregation Agent,2026-03-02T23:34:00,0.83,completed,5378,False
AUD-CH-364-Pro-1025,CH-364,Profile Synthesis Agent,2026-03-02T23:34:42,0.68,escalated_to_human,1265,True
AUD-CH-364-Pre-6436,CH-364,Prediction Agent,2026-03-02T23:35:09,0.83,completed,4553,False
AUD-CH-364-Dom-9088,CH-364,Domain Analysis Agent,2026-03-02T23:35:36,0.86,completed,687,False
AUD-CH-364-Gui-1755,CH-364,Guideline Generation Agent,2026-03-02T23:36:15,0.76,completed,2653,False
AUD-CH-364-Goa-1089,CH-364,Goal Generation Agent,2026-03-02T23:36:46,0.95,completed,1928,False
AUD-CH-364-Mil-6259,CH-364,Milestone Planning Agent,2026-03-02T23:37:00,0.83,completed,5780,False
AUD-CH-364-Car-3691,CH-364,Caregiver Guidance Agent,2026-03-02T23:37:43,0.82,completed,5684,False
AUD-CH-364-Eth-4555,CH-364,Ethics and Consent Agent,2026-03-02T23:38:16,0.94,passed,1367,False
AUD-CH-364-Bia-4118,CH-364,Bias Monitoring Agent,2026-03-02T23:38:19,0.93,passed,680,False
AUD-CH-364-Dat-1167,CH-364,Data Quality Agent,2026-03-02T23:38:23,0.97,passed,760,False
AUD-CH-364-Con-7865,CH-364,Confidence and Abstention Agent,2026-03-02T23:38:29,0.97,passed,1873,False
AUD-CH-365-Inp-5057,CH-365,Input Aggregation Agent,2026-03-02T13:14:00,0.82,completed,2117,False
AUD-CH-365-Pro-7019,CH-365,Profile Synthesis Agent,2026-03-02T13:14:37,0.95,completed,3805,False
AUD-CH-365-Pre-6672,CH-365,Prediction Agent,2026-03-02T13:14:44,0.71,escalated_to_human,3271,True
AUD-CH-365-Dom-7188,CH-365,Domain Analysis Agent,2026-03-02T13:15:22,0.71,escalated_to_human,1722,True
AUD-CH-365-Gui-2101,CH-365,Guideline Generation Agent,2026-03-02T13:15:26,0.75,completed,918,False
AUD-CH-365-Goa-4405,CH-365,Goal Generation Agent,2026-03-02T13:16:01,0.81,completed,2326,False
AUD-CH-365-Mil-4206,CH-365,Milestone Planning Agent,2026-03-02T13:16:27,0.96,completed,2645,False
AUD-CH-365-Car-2114,CH-365,Caregiver Guidance Agent,2026-03-02T13:17:09,0.71,escalated_to_human,4449,True
AUD-CH-365-Eth-6748,CH-365,Ethics and Consent Agent,2026-03-02T13:17:24,0.97,passed,2326,False
AUD-CH-365-Bia-9676,CH-365,Bias Monitoring Agent,2026-03-02T13:17:33,0.92,passed,412,False
AUD-CH-365-Dat-1039,CH-365,Data Quality Agent,2026-03-02T13:17:40,0.92,passed,2315,False
AUD-CH-365-Con-5387,CH-365,Confidence and Abstention Agent,2026-03-02T13:17:49,0.93,passed,891,False
AUD-CH-366-Inp-8027,CH-366,Input Aggregation Agent,2026-03-01T16:02:00,0.78,completed,449,False
AUD-CH-366-Pro-1606,CH-366,Profile Synthesis Agent,2026-03-01T16:02:31,0.86,completed,933,False
AUD-CH-366-Pre-8855,CH-366,Prediction Agent,2026-03-01T16:02:54,0.97,completed,1316,False
AUD-CH-366-Dom-7033,CH-366,Domain Analysis Agent,2026-03-01T16:03:34,0.84,completed,2741,False
AUD-CH-366-Gui-9701,CH-366,Guideline Generation Agent,2026-03-01T16:04:00,0.8,completed,3546,False
AUD-CH-366-Goa-6840,CH-366,Goal Generation Agent,2026-03-01T16:04:23,0.99,completed,4120,False
AUD-CH-366-Mil-4808,CH-366,Milestone Planning Agent,2026-03-01T16:04:51,0.86,completed,2831,False
AUD-CH-366-Car-1949,CH-366,Caregiver Guidance Agent,2026-03-01T16:04:57,0.87,completed,2026,False
AUD-CH-366-Eth-2769,CH-366,Ethics and Consent Agent,2026-03-01T16:05:34,0.92,passed,2294,False
AUD-CH-366-Bia-5310,CH-366,Bias Monitoring Agent,2026-03-01T16:05:44,0.98,passed,1212,False
AUD-CH-366-Dat-7212,CH-366,Data Quality Agent,2026-03-01T16:05:46,0.88,flagged_for_review,1377,True
AUD-CH-366-Con-7785,CH-366,Confidence and Abstention Agent,2026-03-01T16:05:53,0.94,passed,1582,False
AUD-CH-367-Inp-5110,CH-367,Input Aggregation Agent,2026-03-02T18:35:00,0.72,escalated_to_human,4070,True
AUD-CH-367-Pro-1551,CH-367,Profile Synthesis Agent,2026-03-02T18:35:31,0.72,escalated_to_human,5862,True
AUD-CH-367-Pre-8247,CH-367,Prediction Agent,2026-03-02T18:35:52,0.68,escalated_to_human,3413,True
AUD-CH-367-Dom-6665,CH-367,Domain Analysis Agent,2026-03-02T18:36:19,0.97,completed,2619,False
AUD-CH-367-Gui-2436,CH-367,Guideline Generation Agent,2026-03-02T18:36:44,0.97,completed,4432,False
AUD-CH-367-Goa-9937,CH-367,Goal Generation Agent,2026-03-02T18:36:55,0.71,escalated_to_human,3774,True
AUD-CH-367-Mil-6974,CH-367,Milestone Planning Agent,2026-03-02T18:37:14,0.88,completed,4440,False
AUD-CH-367-Car-3305,CH-367,Caregiver Guidance Agent,2026-03-02T18:37:33,0.85,completed,3357,False
AUD-CH-367-Eth-4918,CH-367,Ethics and Consent Agent,2026-03-02T18:37:38,0.96,passed,1474,False
AUD-CH-367-Bia-8755,CH-367,Bias Monitoring Agent,2026-03-02T18:37:44,0.93,passed,2404,False
AUD-CH-367-Dat-7934,CH-367,Data Quality Agent,2026-03-02T18:37:55,0.92,passed,875,False
AUD-CH-367-Con-1806,CH-367,Confidence and Abstention Agent,2026-03-02T18:38:04,0.94,passed,314,False
AUD-CH-368-Inp-4620,CH-368,Input Aggregation Agent,2026-03-03T00:10:00,0.69,escalated_to_human,5607,True
AUD-CH-368-Pro-2207,CH-368,Profile Synthesis Agent,2026-03-03T00:10:26,0.69,escalated_to_human,4343,True
AUD-CH-368-Pre-4423,CH-368,Prediction Agent,2026-03-03T00:11:11,0.96,completed,699,False
AUD-CH-368-Dom-8530,CH-368,Domain Analysis Agent,2026-03-03T00:11:28,0.76,completed,2380,False
AUD-CH-368-Gui-1846,CH-368,Guideline Generation Agent,2026-03-03T00:11:57,0.91,completed,5424,False
AUD-CH-368-Goa-3636,CH-368,Goal Generation Agent,2026-03-03T00:12:41,0.92,completed,5326,False
AUD-CH-368-Mil-1814,CH-368,Milestone Planning Agent,2026-03-03T00:12:49,0.9,completed,1606,False
AUD-CH-368-Car-9611,CH-368,Caregiver Guidance Agent,2026-03-03T00:12:57,0.77,completed,1889,False
AUD-CH-368-Eth-5123,CH-368,Ethics and Consent Agent,2026-03-03T00:13:16,0.92,passed,686,False
AUD-CH-368-Bia-7584,CH-368,Bias Monitoring Agent,2026-03-03T00:13:30,0.93,passed,895,False
AUD-CH-368-Dat-8750,CH-368,Data Quality Agent,2026-03-03T00:13:40,0.97,passed,1174,False
AUD-CH-368-Con-9444,CH-368,Confidence and Abstention Agent,2026-03-03T00:13:42,0.92,passed,387,False
AUD-CH-369-Inp-2661,CH-369,Input Aggregation Agent,2026-03-01T21:19:00,0.71,escalated_to_human,2437,True
AUD-CH-369-Pro-2865,CH-369,Profile Synthesis Agent,2026-03-01T21:19:13,0.91,completed,3338,False
AUD-CH-369-Pre-5781,CH-369,Prediction Agent,2026-03-01T21:19:42,0.93,completed,4998,False
AUD-CH-369-Dom-7593,CH-369,Domain Analysis Agent,2026-03-01T21:19:58,0.85,completed,5259,False
AUD-CH-369-Gui-6689,CH-369,Guideline Generation Agent,2026-03-01T21:20:35,0.92,completed,3011,False
AUD-CH-369-Goa-9721,CH-369,Goal Generation Agent,2026-03-01T21:20:44,0.82,completed,2014,False
AUD-CH-369-Mil-4678,CH-369,Milestone Planning Agent,2026-03-01T21:20:50,0.84,completed,5496,False
AUD-CH-369-Car-7446,CH-369,Caregiver Guidance Agent,2026-03-01T21:21:26,0.95,completed,933,False
AUD-CH-369-Eth-3438,CH-369,Ethics and Consent Agent,2026-03-01T21:21:54,0.86,flagged_for_review,1833,True
AUD-CH-369-Bia-5747,CH-369,Bias Monitoring Agent,2026-03-01T21:21:59,0.97,passed,1792,False
AUD-CH-369-Dat-7499,CH-369,Data Quality Agent,2026-03-01T21:22:13,0.93,passed,759,False
AUD-CH-369-Con-6825,CH-369,Confidence and Abstention Agent,2026-03-01T21:22:28,0.98,passed,1619,False
AUD-CH-370-Inp-6645,CH-370,Input Aggregation Agent,2026-03-03T01:18:00,0.88,completed,4731,False
AUD-CH-370-Pro-6008,CH-370,Profile Synthesis Agent,2026-03-03T01:18:08,0.98,completed,3520,False
AUD-CH-370-Pre-6393,CH-370,Prediction Agent,2026-03-03T01:18:32,0.93,completed,4497,False
AUD-CH-370-Dom-3643,CH-370,Domain Analysis Agent,2026-03-03T01:19:02,0.72,escalated_to_human,1014,True
AUD-CH-370-Gui-8849,CH-370,Guideline Generation Agent,2026-03-03T01:19:24,0.72,escalated_to_human,2201,True
AUD-CH-370-Goa-8680,CH-370,Goal Generation Agent,2026-03-03T01:19:33,0.95,completed,2228,False
AUD-CH-370-Mil-5878,CH-370,Milestone Planning Agent,2026-03-03T01:20:14,0.83,completed,5305,False
AUD-CH-370-Car-5938,CH-370,Caregiver Guidance Agent,2026-03-03T01:20:18,0.91,completed,2117,False
AUD-CH-370-Eth-2330,CH-370,Ethics and Consent Agent,2026-03-03T01:20:57,0.97,passed,204,False
AUD-CH-370-Bia-7368,CH-370,Bias Monitoring Agent,2026-03-03T01:21:03,0.97,passed,745,False
AUD-CH-370-Dat-2546,CH-370,Data Quality Agent,2026-03-03T01:21:14,0.93,passed,2040,False
AUD-CH-370-Con-7356,CH-370,Confidence and Abstention Agent,2026-03-03T01:21:23,0.94,passed,2352,False
AUD-CH-371-Inp-9462,CH-371,Input Aggregation Agent,2026-03-02T12:44:00,0.84,completed,5197,False
AUD-CH-371-Pro-1210,CH-371,Profile Synthesis Agent,2026-03-02T12:44:15,0.87,completed,794,False
AUD-CH-371-Pre-1523,CH-371,Prediction Agent,2026-03-02T12:44:26,0.8,completed,1864,False
AUD-CH-371-Dom-6169,CH-371,Domain Analysis Agent,2026-03-02T12:44:33,0.94,completed,4848,False
AUD-CH-371-Gui-5013,CH-371,Guideline Generation Agent,2026-03-02T12:44:48,0.82,completed,4144,False
AUD-CH-371-Goa-6145,CH-371,Goal Generation Agent,2026-03-02T12:45:20,0.86,completed,2092,False
AUD-CH-371-Mil-1675,CH-371,Milestone Planning Agent,2026-03-02T12:45:46,0.87,completed,997,False
AUD-CH-371-Car-3698,CH-371,Caregiver Guidance Agent,2026-03-02T12:46:17,0.84,completed,2317,False
AUD-CH-371-Eth-3571,CH-371,Ethics and Consent Agent,2026-03-02T12:47:01,0.95,passed,588,False
AUD-CH-371-Bia-6316,CH-371,Bias Monitoring Agent,2026-03-02T12:47:13,0.97,passed,1743,False
AUD-CH-371-Dat-3274,CH-371,Data Quality Agent,2026-03-02T12:47:26,0.95,passed,646,False
AUD-CH-371-Con-4890,CH-371,Confidence and Abstention Agent,2026-03-02T12:47:37,0.97,passed,1883,False
AUD-CH-372-Inp-8947,CH-372,Input Aggregation Agent,2026-03-01T10:08:00,0.74,escalated_to_human,659,True
AUD-CH-372-Pro-4591,CH-372,Profile Synthesis Agent,2026-03-01T10:08:09,0.86,completed,2104,False
AUD-CH-372-Pre-2785,CH-372,Prediction Agent,2026-03-01T10:08:38,0.86,completed,3843,False
AUD-CH-372-Dom-9335,CH-372,Domain Analysis Agent,2026-03-01T10:08:59,0.85,completed,4632,False
AUD-CH-372-Gui-6342,CH-372,Guideline Generation Agent,2026-03-01T10:09:41,0.93,completed,5483,False
AUD-CH-372-Goa-9637,CH-372,Goal Generation Agent,2026-03-01T10:10:14,0.97,completed,185,False
AUD-CH-372-Mil-6737,CH-372,Milestone Planning Agent,2026-03-01T10:10:19,0.68,escalated_to_human,5854,True
AUD-CH-372-Car-1559,CH-372,Caregiver Guidance Agent,2026-03-01T10:10:23,0.97,completed,1329,False
AUD-CH-372-Eth-4413,CH-372,Ethics and Consent Agent,2026-03-01T10:10:39,0.94,passed,122,False
AUD-CH-372-Bia-1536,CH-372,Bias Monitoring Agent,2026-03-01T10:10:42,0.97,passed,1955,False
AUD-CH-372-Dat-9236,CH-372,Data Quality Agent,2026-03-01T10:10:45,0.93,passed,1269,False
AUD-CH-372-Con-8825,CH-372,Confidence and Abstention Agent,2026-03-01T10:10:51,0.98,passed,2490,False
AUD-CH-373-Inp-3876,CH-373,Input Aggregation Agent,2026-03-02T08:13:00,0.81,completed,3510,False
AUD-CH-373-Pro-5909,CH-373,Profile Synthesis Agent,2026-03-02T08:13:35,0.78,completed,4367,False
AUD-CH-373-Pre-6553,CH-373,Prediction Agent,2026-03-02T08:13:43,0.69,escalated_to_human,3608,True
AUD-CH-373-Dom-4104,CH-373,Domain Analysis Agent,2026-03-02T08:14:15,0.85,completed,3954,False
AUD-CH-373-Gui-6780,CH-373,Guideline Generation Agent,2026-03-02T08:14:57,0.78,completed,4237,False
AUD-CH-373-Goa-2235,CH-373,Goal Generation Agent,2026-03-02T08:15:20,0.73,escalated_to_human,2459,True
AUD-CH-373-Mil-9839,CH-373,Milestone Planning Agent,2026-03-02T08:15:55,0.79,completed,709,False
AUD-CH-373-Car-9244,CH-373,Caregiver Guidance Agent,2026-03-02T08:16:39,0.85,completed,294,False
AUD-CH-373-Eth-1873,CH-373,Ethics and Consent Agent,2026-03-02T08:17:24,0.92,passed,576,False
AUD-CH-373-Bia-1887,CH-373,Bias Monitoring Agent,2026-03-02T08:17:30,0.97,passed,596,False
AUD-CH-373-Dat-1778,CH-373,Data Quality Agent,2026-03-02T08:17:44,0.71,flagged_for_review,367,True
AUD-CH-373-Con-1439,CH-373,Confidence and Abstention Agent,2026-03-02T08:17:55,0.95,passed,1361,False
AUD-CH-374-Inp-3539,CH-374,Input Aggregation Agent,2026-03-02T22:15:00,0.83,completed,3342,False
AUD-CH-374-Pro-9278,CH-374,Profile Synthesis Agent,2026-03-02T22:15:17,0.97,completed,3989,False
AUD-CH-374-Pre-7021,CH-374,Prediction Agent,2026-03-02T22:15:51,0.69,escalated_to_human,905,True
AUD-CH-374-Dom-8862,CH-374,Domain Analysis Agent,2026-03-02T22:16:09,0.98,completed,191,False
AUD-CH-374-Gui-5055,CH-374,Guideline Generation Agent,2026-03-02T22:16:37,0.84,completed,941,False
AUD-CH-374-Goa-8846,CH-374,Goal Generation Agent,2026-03-02T22:17:19,0.85,completed,4662,False
AUD-CH-374-Mil-8799,CH-374,Milestone Planning Agent,2026-03-02T22:17:54,0.68,escalated_to_human,2920,True
AUD-CH-374-Car-1769,CH-374,Caregiver Guidance Agent,2026-03-02T22:18:34,0.8,completed,1166,False
AUD-CH-374-Eth-9518,CH-374,Ethics and Consent Agent,2026-03-02T22:18:58,0.99,passed,567,False
AUD-CH-374-Bia-8680,CH-374,Bias Monitoring Agent,2026-03-02T22:19:08,0.96,passed,1987,False
AUD-CH-374-Dat-7520,CH-374,Data Quality Agent,2026-03-02T22:19:19,0.96,passed,403,False
AUD-CH-374-Con-4729,CH-374,Confidence and Abstention Agent,2026-03-02T22:19:25,0.97,passed,81,False
AUD-CH-375-Inp-7644,CH-375,Input Aggregation Agent,2026-03-02T13:24:00,0.91,completed,3941,False
AUD-CH-375-Pro-1333,CH-375,Profile Synthesis Agent,2026-03-02T13:24:04,0.87,completed,4469,False
AUD-CH-375-Pre-5520,CH-375,Prediction Agent,2026-03-02T13:24:22,0.97,completed,5880,False
AUD-CH-375-Dom-6968,CH-375,Domain Analysis Agent,2026-03-02T13:24:52,0.88,completed,715,False
AUD-CH-375-Gui-5277,CH-375,Guideline Generation Agent,2026-03-02T13:25:13,0.76,completed,3916,False
AUD-CH-375-Goa-8600,CH-375,Goal Generation Agent,2026-03-02T13:25:50,0.89,completed,2112,False
AUD-CH-375-Mil-6351,CH-375,Milestone Planning Agent,2026-03-02T13:26:31,0.9,completed,2684,False
AUD-CH-375-Car-9900,CH-375,Caregiver Guidance Agent,2026-03-02T13:26:44,0.9,completed,2291,False
AUD-CH-375-Eth-9287,CH-375,Ethics and Consent Agent,2026-03-02T13:27:04,0.97,passed,2233,False
AUD-CH-375-Bia-1149,CH-375,Bias Monitoring Agent,2026-03-02T13:27:11,0.94,passed,1067,False
AUD-CH-375-Dat-1710,CH-375,Data Quality Agent,2026-03-02T13:27:23,0.98,passed,580,False
AUD-CH-375-Con-7640,CH-375,Confidence and Abstention Agent,2026-03-02T13:27:31,0.93,passed,337,False
AUD-CH-376-Inp-1133,CH-376,Input Aggregation Agent,2026-03-02T00:08:00,0.97,completed,2798,False
AUD-CH-376-Pro-6139,CH-376,Profile Synthesis Agent,2026-03-02T00:08:14,0.99,completed,4644,False
AUD-CH-376-Pre-2194,CH-376,Prediction Agent,2026-03-02T00:08:49,0.87,completed,5481,False
AUD-CH-376-Dom-8333,CH-376,Domain Analysis Agent,2026-03-02T00:09:19,0.7,escalated_to_human,1208,True
AUD-CH-376-Gui-4807,CH-376,Guideline Generation Agent,2026-03-02T00:10:02,0.96,completed,5692,False
AUD-CH-376-Goa-4904,CH-376,Goal Generation Agent,2026-03-02T00:10:25,0.88,completed,3313,False
AUD-CH-376-Mil-2894,CH-376,Milestone Planning Agent,2026-03-02T00:10:29,0.9,completed,4504,False
AUD-CH-376-Car-9042,CH-376,Caregiver Guidance Agent,2026-03-02T00:10:45,0.78,completed,4931,False
AUD-CH-376-Eth-5338,CH-376,Ethics and Consent Agent,2026-03-02T00:11:21,0.93,passed,553,False
AUD-CH-376-Bia-8994,CH-376,Bias Monitoring Agent,2026-03-02T00:11:31,0.99,passed,180,False
AUD-CH-376-Dat-2615,CH-376,Data Quality Agent,2026-03-02T00:11:33,0.93,passed,1176,False
AUD-CH-376-Con-2273,CH-376,Confidence and Abstention Agent,2026-03-02T00:11:38,0.94,passed,2453,False
AUD-CH-377-Inp-3164,CH-377,Input Aggregation Agent,2026-03-02T03:45:00,0.9,completed,2666,False
AUD-CH-377-Pro-3872,CH-377,Profile Synthesis Agent,2026-03-02T03:45:27,0.74,escalated_to_human,4825,True
AUD-CH-377-Pre-1639,CH-377,Prediction Agent,2026-03-02T03:45:45,0.83,completed,4320,False
AUD-CH-377-Dom-9845,CH-377,Domain Analysis Agent,2026-03-02T03:45:51,0.79,completed,5698,False
AUD-CH-377-Gui-5681,CH-377,Guideline Generation Agent,2026-03-02T03:46:11,0.87,completed,947,False
AUD-CH-377-Goa-8278,CH-377,Goal Generation Agent,2026-03-02T03:46:33,0.87,completed,4679,False
AUD-CH-377-Mil-6241,CH-377,Milestone Planning Agent,2026-03-02T03:46:37,0.77,completed,3647,False
AUD-CH-377-Car-4373,CH-377,Caregiver Guidance Agent,2026-03-02T03:46:46,0.78,completed,1631,False
AUD-CH-377-Eth-3951,CH-377,Ethics and Consent Agent,2026-03-02T03:46:59,0.98,passed,1265,False
AUD-CH-377-Bia-1995,CH-377,Bias Monitoring Agent,2026-03-02T03:47:03,0.98,passed,1864,False
AUD-CH-377-Dat-7038,CH-377,Data Quality Agent,2026-03-02T03:47:17,0.98,passed,1125,False
AUD-CH-377-Con-5434,CH-377,Confidence and Abstention Agent,2026-03-02T03:47:20,0.95,passed,271,False
AUD-CH-378-Inp-5049,CH-378,Input Aggregation Agent,2026-03-03T03:54:00,0.75,completed,5367,False
AUD-CH-378-Pro-4291,CH-378,Profile Synthesis Agent,2026-03-03T03:54:39,0.8,completed,4433,False
AUD-CH-378-Pre-9839,CH-378,Prediction Agent,2026-03-03T03:54:50,0.72,escalated_to_human,5426,True
AUD-CH-378-Dom-5519,CH-378,Domain Analysis Agent,2026-03-03T03:55:32,0.97,completed,1673,False
AUD-CH-378-Gui-1341,CH-378,Guideline Generation Agent,2026-03-03T03:55:45,0.96,completed,2317,False
AUD-CH-378-Goa-5093,CH-378,Goal Generation Agent,2026-03-03T03:56:21,0.7,escalated_to_human,2136,True
AUD-CH-378-Mil-7836,CH-378,Milestone Planning Agent,2026-03-03T03:56:48,0.69,escalated_to_human,4825,True
AUD-CH-378-Car-1524,CH-378,Caregiver Guidance Agent,2026-03-03T03:57:32,0.94,completed,2680,False
AUD-CH-378-Eth-9983,CH-378,Ethics and Consent Agent,2026-03-03T03:57:35,0.92,passed,664,False
AUD-CH-378-Bia-6795,CH-378,Bias Monitoring Agent,2026-03-03T03:57:40,0.98,passed,1892,False
AUD-CH-378-Dat-1242,CH-378,Data Quality Agent,2026-03-03T03:57:48,0.97,passed,604,False
AUD-CH-378-Con-1796,CH-378,Confidence and Abstention Agent,2026-03-03T03:57:50,0.94,passed,329,False
AUD-CH-379-Inp-4794,CH-379,Input Aggregation Agent,2026-03-02T04:34:00,0.8,completed,1363,False
AUD-CH-379-Pro-7268,CH-379,Profile Synthesis Agent,2026-03-02T04:34:09,0.95,completed,5967,False
AUD-CH-379-Pre-2903,CH-379,Prediction Agent,2026-03-02T04:34:14,0.95,completed,1622,False
AUD-CH-379-Dom-5778,CH-379,Domain Analysis Agent,2026-03-02T04:34:29,0.9,completed,5462,False
AUD-CH-379-Gui-2778,CH-379,Guideline Generation Agent,2026-03-02T04:34:47,0.68,escalated_to_human,2073,True
AUD-CH-379-Goa-7819,CH-379,Goal Generation Agent,2026-03-02T04:35:32,0.94,completed,5401,False
AUD-CH-379-Mil-5384,CH-379,Milestone Planning Agent,2026-03-02T04:35:48,0.75,completed,562,False
AUD-CH-379-Car-8561,CH-379,Caregiver Guidance Agent,2026-03-02T04:36:26,0.84,completed,1639,False
AUD-CH-379-Eth-3750,CH-379,Ethics and Consent Agent,2026-03-02T04:37:06,0.93,passed,1440,False
AUD-CH-379-Bia-3725,CH-379,Bias Monitoring Agent,2026-03-02T04:37:20,0.98,passed,1348,False
AUD-CH-379-Dat-1150,CH-379,Data Quality Agent,2026-03-02T04:37:22,0.94,passed,192,False
AUD-CH-379-Con-6771,CH-379,Confidence and Abstention Agent,2026-03-02T04:37:32,0.96,passed,2328,False
AUD-CH-380-Inp-9731,CH-380,Input Aggregation Agent,2026-03-01T20:47:00,0.83,completed,313,False
AUD-CH-380-Pro-5737,CH-380,Profile Synthesis Agent,2026-03-01T20:47:24,0.87,completed,412,False
AUD-CH-380-Pre-3569,CH-380,Prediction Agent,2026-03-01T20:47:51,0.85,completed,4960,False
AUD-CH-380-Dom-6426,CH-380,Domain Analysis Agent,2026-03-01T20:48:27,0.97,completed,1227,False
AUD-CH-380-Gui-9728,CH-380,Guideline Generation Agent,2026-03-01T20:48:34,0.84,completed,5110,False
AUD-CH-380-Goa-4540,CH-380,Goal Generation Agent,2026-03-01T20:48:53,0.96,completed,4478,False
AUD-CH-380-Mil-2462,CH-380,Milestone Planning Agent,2026-03-01T20:49:24,0.93,completed,1032,False
AUD-CH-380-Car-6399,CH-380,Caregiver Guidance Agent,2026-03-01T20:49:42,0.93,completed,3573,False
AUD-CH-380-Eth-6587,CH-380,Ethics and Consent Agent,2026-03-01T20:50:25,0.96,passed,2120,False
AUD-CH-380-Bia-4767,CH-380,Bias Monitoring Agent,2026-03-01T20:50:39,0.91,passed,1258,False
AUD-CH-380-Dat-9271,CH-380,Data Quality Agent,2026-03-01T20:50:49,0.94,passed,937,False
AUD-CH-380-Con-2256,CH-380,Confidence and Abstention Agent,2026-03-01T20:50:55,0.91,passed,628,False
AUD-CH-381-Inp-3327,CH-381,Input Aggregation Agent,2026-03-02T02:30:00,0.81,completed,5286,False
AUD-CH-381-Pro-4259,CH-381,Profile Synthesis Agent,2026-03-02T02:30:42,0.74,escalated_to_human,5772,True
AUD-CH-381-Pre-1778,CH-381,Prediction Agent,2026-03-02T02:31:06,0.88,completed,4918,False
AUD-CH-381-Dom-4092,CH-381,Domain Analysis Agent,2026-03-02T02:31:32,0.98,completed,5091,False
AUD-CH-381-Gui-1099,CH-381,Guideline Generation Agent,2026-03-02T02:32:07,0.69,escalated_to_human,2028,True
AUD-CH-381-Goa-1914,CH-381,Goal Generation Agent,2026-03-02T02:32:41,0.74,escalated_to_human,1708,True
AUD-CH-381-Mil-3775,CH-381,Milestone Planning Agent,2026-03-02T02:33:17,0.92,completed,4986,False
AUD-CH-381-Car-5774,CH-381,Caregiver Guidance Agent,2026-03-02T02:33:30,0.75,completed,4238,False
AUD-CH-381-Eth-5137,CH-381,Ethics and Consent Agent,2026-03-02T02:33:41,0.95,passed,1884,False
AUD-CH-381-Bia-5123,CH-381,Bias Monitoring Agent,2026-03-02T02:33:52,0.91,passed,292,False
AUD-CH-381-Dat-6537,CH-381,Data Quality Agent,2026-03-02T02:33:58,0.61,flagged_for_review,1312,True
AUD-CH-381-Con-9482,CH-381,Confidence and Abstention Agent,2026-03-02T02:34:12,0.93,passed,996,False
AUD-CH-382-Inp-9349,CH-382,Input Aggregation Agent,2026-03-02T12:48:00,0.7,escalated_to_human,2862,True
AUD-CH-382-Pro-4208,CH-382,Profile Synthesis Agent,2026-03-02T12:48:24,0.82,completed,2832,False
AUD-CH-382-Pre-1816,CH-382,Prediction Agent,2026-03-02T12:48:30,0.8,completed,1501,False
AUD-CH-382-Dom-9513,CH-382,Domain Analysis Agent,2026-03-02T12:49:10,0.94,completed,2640,False
AUD-CH-382-Gui-1580,CH-382,Guideline Generation Agent,2026-03-02T12:49:14,0.89,completed,1257,False
AUD-CH-382-Goa-4921,CH-382,Goal Generation Agent,2026-03-02T12:49:29,0.85,completed,5383,False
AUD-CH-382-Mil-8987,CH-382,Milestone Planning Agent,2026-03-02T12:49:53,0.9,completed,2652,False
AUD-CH-382-Car-5116,CH-382,Caregiver Guidance Agent,2026-03-02T12:50:28,0.88,completed,658,False
AUD-CH-382-Eth-9747,CH-382,Ethics and Consent Agent,2026-03-02T12:50:58,0.91,passed,609,False
AUD-CH-382-Bia-3586,CH-382,Bias Monitoring Agent,2026-03-02T12:51:11,0.95,passed,2375,False
AUD-CH-382-Dat-4546,CH-382,Data Quality Agent,2026-03-02T12:51:16,0.92,passed,1974,False
AUD-CH-382-Con-4740,CH-382,Confidence and Abstention Agent,2026-03-02T12:51:22,0.96,passed,2113,False
AUD-CH-383-Inp-4912,CH-383,Input Aggregation Agent,2026-03-02T00:38:00,0.88,completed,2786,False
AUD-CH-383-Pro-5742,CH-383,Profile Synthesis Agent,2026-03-02T00:38:12,0.93,completed,4599,False
AUD-CH-383-Pre-3833,CH-383,Prediction Agent,2026-03-02T00:38:38,0.72,escalated_to_human,5081,True
AUD-CH-383-Dom-9731,CH-383,Domain Analysis Agent,2026-03-02T00:39:14,0.87,completed,5981,False
AUD-CH-383-Gui-9309,CH-383,Guideline Generation Agent,2026-03-02T00:39:52,0.79,completed,1694,False
AUD-CH-383-Goa-6269,CH-383,Goal Generation Agent,2026-03-02T00:40:23,0.84,completed,2042,False
AUD-CH-383-Mil-4289,CH-383,Milestone Planning Agent,2026-03-02T00:40:48,0.92,completed,1944,False
AUD-CH-383-Car-4415,CH-383,Caregiver Guidance Agent,2026-03-02T00:40:56,0.75,completed,1981,False
AUD-CH-383-Eth-6949,CH-383,Ethics and Consent Agent,2026-03-02T00:41:18,0.92,passed,1184,False
AUD-CH-383-Bia-1697,CH-383,Bias Monitoring Agent,2026-03-02T00:41:28,0.91,passed,774,False
AUD-CH-383-Dat-2124,CH-383,Data Quality Agent,2026-03-02T00:41:33,0.94,passed,2057,False
AUD-CH-383-Con-9784,CH-383,Confidence and Abstention Agent,2026-03-02T00:41:41,0.98,passed,277,False
AUD-CH-384-Inp-1029,CH-384,Input Aggregation Agent,2026-03-01T10:08:00,0.94,completed,452,False
AUD-CH-384-Pro-2000,CH-384,Profile Synthesis Agent,2026-03-01T10:08:06,0.74,escalated_to_human,3496,True
AUD-CH-384-Pre-2094,CH-384,Prediction Agent,2026-03-01T10:08:48,0.97,completed,2951,False
AUD-CH-384-Dom-6900,CH-384,Domain Analysis Agent,2026-03-01T10:09:02,0.94,completed,1201,False
AUD-CH-384-Gui-1434,CH-384,Guideline Generation Agent,2026-03-01T10:09:40,0.77,completed,4752,False
AUD-CH-384-Goa-3429,CH-384,Goal Generation Agent,2026-03-01T10:09:43,0.92,completed,2145,False
AUD-CH-384-Mil-1953,CH-384,Milestone Planning Agent,2026-03-01T10:09:48,0.97,completed,2416,False
AUD-CH-384-Car-8650,CH-384,Caregiver Guidance Agent,2026-03-01T10:10:26,0.95,completed,1390,False
AUD-CH-384-Eth-5080,CH-384,Ethics and Consent Agent,2026-03-01T10:11:00,0.98,passed,1706,False
AUD-CH-384-Bia-6408,CH-384,Bias Monitoring Agent,2026-03-01T10:11:04,0.57,flagged_for_review,500,True
AUD-CH-384-Dat-9564,CH-384,Data Quality Agent,2026-03-01T10:11:17,0.92,passed,1466,False
AUD-CH-384-Con-7154,CH-384,Confidence and Abstention Agent,2026-03-01T10:11:25,0.93,passed,1831,False
AUD-CH-385-Inp-1106,CH-385,Input Aggregation Agent,2026-03-01T08:02:00,0.8,completed,5475,False
AUD-CH-385-Pro-2141,CH-385,Profile Synthesis Agent,2026-03-01T08:02:29,0.83,completed,3724,False
AUD-CH-385-Pre-4470,CH-385,Prediction Agent,2026-03-01T08:02:59,0.7,escalated_to_human,1238,True
AUD-CH-385-Dom-3204,CH-385,Domain Analysis Agent,2026-03-01T08:03:39,0.92,completed,4802,False
AUD-CH-385-Gui-3940,CH-385,Guideline Generation Agent,2026-03-01T08:04:15,0.99,completed,1220,False
AUD-CH-385-Goa-4530,CH-385,Goal Generation Agent,2026-03-01T08:04:31,0.82,completed,4408,False
AUD-CH-385-Mil-2224,CH-385,Milestone Planning Agent,2026-03-01T08:04:34,0.72,escalated_to_human,3664,True
AUD-CH-385-Car-8916,CH-385,Caregiver Guidance Agent,2026-03-01T08:04:44,0.91,completed,5716,False
AUD-CH-385-Eth-4904,CH-385,Ethics and Consent Agent,2026-03-01T08:05:13,0.92,passed,1496,False
AUD-CH-385-Bia-6640,CH-385,Bias Monitoring Agent,2026-03-01T08:05:17,0.94,passed,1803,False
AUD-CH-385-Dat-9934,CH-385,Data Quality Agent,2026-03-01T08:05:28,0.98,passed,2304,False
AUD-CH-385-Con-4298,CH-385,Confidence and Abstention Agent,2026-03-01T08:05:35,0.7,flagged_for_review,983,True
AUD-CH-386-Inp-7252,CH-386,Input Aggregation Agent,2026-03-02T04:30:00,0.72,escalated_to_human,2323,True
AUD-CH-386-Pro-8754,CH-386,Profile Synthesis Agent,2026-03-02T04:30:09,0.82,completed,3818,False
AUD-CH-386-Pre-1609,CH-386,Prediction Agent,2026-03-02T04:30:39,0.97,completed,2010,False
AUD-CH-386-Dom-1765,CH-386,Domain Analysis Agent,2026-03-02T04:30:52,0.75,completed,540,False
AUD-CH-386-Gui-6234,CH-386,Guideline Generation Agent,2026-03-02T04:31:16,0.98,completed,3768,False
AUD-CH-386-Goa-7342,CH-386,Goal Generation Agent,2026-03-02T04:31:52,0.77,completed,948,False
AUD-CH-386-Mil-9106,CH-386,Milestone Planning Agent,2026-03-02T04:31:58,0.96,completed,4166,False
AUD-CH-386-Car-3894,CH-386,Caregiver Guidance Agent,2026-03-02T04:32:21,0.99,completed,1843,False
AUD-CH-386-Eth-5155,CH-386,Ethics and Consent Agent,2026-03-02T04:33:01,0.94,passed,2435,False
AUD-CH-386-Bia-7588,CH-386,Bias Monitoring Agent,2026-03-02T04:33:11,0.95,passed,2199,False
AUD-CH-386-Dat-1513,CH-386,Data Quality Agent,2026-03-02T04:33:21,0.93,passed,1742,False
AUD-CH-386-Con-1240,CH-386,Confidence and Abstention Agent,2026-03-02T04:33:31,0.98,passed,1207,False
AUD-CH-387-Inp-3109,CH-387,Input Aggregation Agent,2026-03-02T17:42:00,0.97,completed,4678,False
AUD-CH-387-Pro-1027,CH-387,Profile Synthesis Agent,2026-03-02T17:42:18,0.82,completed,3797,False
AUD-CH-387-Pre-6532,CH-387,Prediction Agent,2026-03-02T17:42:27,0.93,completed,4559,False
AUD-CH-387-Dom-4254,CH-387,Domain Analysis Agent,2026-03-02T17:42:39,0.85,completed,3821,False
AUD-CH-387-Gui-5677,CH-387,Guideline Generation Agent,2026-03-02T17:43:19,0.96,completed,5061,False
AUD-CH-387-Goa-1529,CH-387,Goal Generation Agent,2026-03-02T17:43:25,0.85,completed,4913,False
AUD-CH-387-Mil-9469,CH-387,Milestone Planning Agent,2026-03-02T17:43:44,0.97,completed,3554,False
AUD-CH-387-Car-4897,CH-387,Caregiver Guidance Agent,2026-03-02T17:44:11,0.7,escalated_to_human,1125,True
AUD-CH-387-Eth-9005,CH-387,Ethics and Consent Agent,2026-03-02T17:44:54,0.94,passed,2066,False
AUD-CH-387-Bia-4702,CH-387,Bias Monitoring Agent,2026-03-02T17:45:03,0.91,passed,214,False
AUD-CH-387-Dat-3972,CH-387,Data Quality Agent,2026-03-02T17:45:05,0.94,passed,127,False
AUD-CH-387-Con-1181,CH-387,Confidence and Abstention Agent,2026-03-02T17:45:09,0.95,passed,469,False
AUD-CH-388-Inp-1718,CH-388,Input Aggregation Agent,2026-03-03T00:43:00,0.97,completed,5810,False
AUD-CH-388-Pro-5395,CH-388,Profile Synthesis Agent,2026-03-03T00:43:39,0.98,completed,5280,False
AUD-CH-388-Pre-4309,CH-388,Prediction Agent,2026-03-03T00:43:43,0.89,completed,745,False
AUD-CH-388-Dom-1534,CH-388,Domain Analysis Agent,2026-03-03T00:44:11,0.78,completed,375,False
AUD-CH-388-Gui-6568,CH-388,Guideline Generation Agent,2026-03-03T00:44:33,0.96,completed,3815,False
AUD-CH-388-Goa-2503,CH-388,Goal Generation Agent,2026-03-03T00:45:04,0.94,completed,2953,False
AUD-CH-388-Mil-1112,CH-388,Milestone Planning Agent,2026-03-03T00:45:35,0.81,completed,2914,False
AUD-CH-388-Car-5467,CH-388,Caregiver Guidance Agent,2026-03-03T00:45:42,0.9,completed,2631,False
AUD-CH-388-Eth-2367,CH-388,Ethics and Consent Agent,2026-03-03T00:45:54,0.97,passed,1672,False
AUD-CH-388-Bia-4093,CH-388,Bias Monitoring Agent,2026-03-03T00:46:09,0.98,passed,1502,False
AUD-CH-388-Dat-9334,CH-388,Data Quality Agent,2026-03-03T00:46:19,0.95,passed,539,False
AUD-CH-388-Con-9971,CH-388,Confidence and Abstention Agent,2026-03-03T00:46:25,0.98,passed,2045,False
AUD-CH-389-Inp-2437,CH-389,Input Aggregation Agent,2026-03-01T13:58:00,0.87,completed,1513,False
AUD-CH-389-Pro-5262,CH-389,Profile Synthesis Agent,2026-03-01T13:58:45,0.84,completed,5388,False
AUD-CH-389-Pre-7308,CH-389,Prediction Agent,2026-03-01T13:59:03,0.78,completed,3889,False
AUD-CH-389-Dom-5000,CH-389,Domain Analysis Agent,2026-03-01T13:59:41,0.84,completed,3442,False
AUD-CH-389-Gui-4615,CH-389,Guideline Generation Agent,2026-03-01T14:00:24,0.98,completed,4794,False
AUD-CH-389-Goa-3489,CH-389,Goal Generation Agent,2026-03-01T14:01:08,0.71,escalated_to_human,5963,True
AUD-CH-389-Mil-6269,CH-389,Milestone Planning Agent,2026-03-01T14:01:16,0.94,completed,3004,False
AUD-CH-389-Car-3731,CH-389,Caregiver Guidance Agent,2026-03-01T14:01:33,0.81,completed,3871,False
AUD-CH-389-Eth-8736,CH-389,Ethics and Consent Agent,2026-03-01T14:02:03,0.96,passed,1773,False
AUD-CH-389-Bia-2295,CH-389,Bias Monitoring Agent,2026-03-01T14:02:07,0.97,passed,1282,False
AUD-CH-389-Dat-3078,CH-389,Data Quality Agent,2026-03-01T14:02:22,0.93,passed,713,False
AUD-CH-389-Con-8007,CH-389,Confidence and Abstention Agent,2026-03-01T14:02:35,0.97,passed,1803,False
AUD-CH-390-Inp-8956,CH-390,Input Aggregation Agent,2026-03-03T02:28:00,0.78,completed,5570,False
AUD-CH-390-Pro-6759,CH-390,Profile Synthesis Agent,2026-03-03T02:28:07,0.82,completed,5299,False
AUD-CH-390-Pre-5730,CH-390,Prediction Agent,2026-03-03T02:28:51,0.85,completed,4168,False
AUD-CH-390-Dom-7641,CH-390,Domain Analysis Agent,2026-03-03T02:29:04,0.73,escalated_to_human,462,True
AUD-CH-390-Gui-7687,CH-390,Guideline Generation Agent,2026-03-03T02:29:39,0.72,escalated_to_human,5484,True
AUD-CH-390-Goa-7000,CH-390,Goal Generation Agent,2026-03-03T02:29:57,0.95,completed,2456,False
AUD-CH-390-Mil-7224,CH-390,Milestone Planning Agent,2026-03-03T02:30:24,0.76,completed,2898,False
AUD-CH-390-Car-5192,CH-390,Caregiver Guidance Agent,2026-03-03T02:31:01,0.74,escalated_to_human,5232,True
AUD-CH-390-Eth-5732,CH-390,Ethics and Consent Agent,2026-03-03T02:31:32,0.97,passed,1528,False
AUD-CH-390-Bia-4892,CH-390,Bias Monitoring Agent,2026-03-03T02:31:37,0.95,passed,2169,False
AUD-CH-390-Dat-1345,CH-390,Data Quality Agent,2026-03-03T02:31:39,0.93,passed,495,False
AUD-CH-390-Con-3481,CH-390,Confidence and Abstention Agent,2026-03-03T02:31:48,0.91,passed,1746,False
AUD-CH-391-Inp-2576,CH-391,Input Aggregation Agent,2026-03-02T03:32:00,0.71,escalated_to_human,633,True
AUD-CH-391-Pro-5090,CH-391,Profile Synthesis Agent,2026-03-02T03:32:22,0.98,completed,661,False
AUD-CH-391-Pre-8235,CH-391,Prediction Agent,2026-03-02T03:32:35,0.69,escalated_to_human,4177,True
AUD-CH-391-Dom-8905,CH-391,Domain Analysis Agent,2026-03-02T03:33:15,0.74,escalated_to_human,302,True
AUD-CH-391-Gui-1316,CH-391,Guideline Generation Agent,2026-03-02T03:33:43,0.99,completed,5256,False
AUD-CH-391-Goa-8063,CH-391,Goal Generation Agent,2026-03-02T03:34:27,0.82,completed,5210,False
AUD-CH-391-Mil-9047,CH-391,Milestone Planning Agent,2026-03-02T03:34:43,0.89,completed,5675,False
AUD-CH-391-Car-8046,CH-391,Caregiver Guidance Agent,2026-03-02T03:35:06,0.88,completed,4331,False
AUD-CH-391-Eth-2508,CH-391,Ethics and Consent Agent,2026-03-02T03:35:49,0.91,passed,541,False
AUD-CH-391-Bia-9787,CH-391,Bias Monitoring Agent,2026-03-02T03:36:01,0.91,passed,991,False
AUD-CH-391-Dat-8435,CH-391,Data Quality Agent,2026-03-02T03:36:13,0.97,passed,160,False
AUD-CH-391-Con-8333,CH-391,Confidence and Abstention Agent,2026-03-02T03:36:27,0.96,passed,2314,False
AUD-CH-392-Inp-3742,CH-392,Input Aggregation Agent,2026-03-01T12:18:00,0.72,escalated_to_human,3477,True
AUD-CH-392-Pro-7490,CH-392,Profile Synthesis Agent,2026-03-01T12:18:15,0.84,completed,1607,False
AUD-CH-392-Pre-5587,CH-392,Prediction Agent,2026-03-01T12:18:56,0.79,completed,3853,False
AUD-CH-392-Dom-5917,CH-392,Domain Analysis Agent,2026-03-01T12:19:32,0.98,completed,3443,False
AUD-CH-392-Gui-3810,CH-392,Guideline Generation Agent,2026-03-01T12:19:38,0.87,completed,2962,False
AUD-CH-392-Goa-9289,CH-392,Goal Generation Agent,2026-03-01T12:20:18,0.73,escalated_to_human,164,True
AUD-CH-392-Mil-3849,CH-392,Milestone Planning Agent,2026-03-01T12:20:29,0.82,completed,2269,False
AUD-CH-392-Car-7317,CH-392,Caregiver Guidance Agent,2026-03-01T12:21:07,0.92,completed,4405,False
AUD-CH-392-Eth-8483,CH-392,Ethics and Consent Agent,2026-03-01T12:21:38,0.93,passed,913,False
AUD-CH-392-Bia-6946,CH-392,Bias Monitoring Agent,2026-03-01T12:21:49,0.96,passed,1582,False
AUD-CH-392-Dat-6706,CH-392,Data Quality Agent,2026-03-01T12:21:54,0.94,passed,1437,False
AUD-CH-392-Con-5167,CH-392,Confidence and Abstention Agent,2026-03-01T12:22:04,0.98,passed,1939,False
AUD-CH-393-Inp-2609,CH-393,Input Aggregation Agent,2026-03-02T12:06:00,0.96,completed,270,False
AUD-CH-393-Pro-3339,CH-393,Profile Synthesis Agent,2026-03-02T12:06:29,0.83,completed,891,False
AUD-CH-393-Pre-9192,CH-393,Prediction Agent,2026-03-02T12:06:56,0.75,completed,5978,False
AUD-CH-393-Dom-5762,CH-393,Domain Analysis Agent,2026-03-02T12:07:20,0.94,completed,3497,False
AUD-CH-393-Gui-5830,CH-393,Guideline Generation Agent,2026-03-02T12:07:47,0.79,completed,2692,False
AUD-CH-393-Goa-7727,CH-393,Goal Generation Agent,2026-03-02T12:07:54,0.8,completed,3372,False
AUD-CH-393-Mil-6604,CH-393,Milestone Planning Agent,2026-03-02T12:08:23,0.92,completed,5608,False
AUD-CH-393-Car-3806,CH-393,Caregiver Guidance Agent,2026-03-02T12:08:29,0.97,completed,3351,False
AUD-CH-393-Eth-8198,CH-393,Ethics and Consent Agent,2026-03-02T12:08:44,0.98,passed,2228,False
AUD-CH-393-Bia-5395,CH-393,Bias Monitoring Agent,2026-03-02T12:08:50,0.97,passed,1913,False
AUD-CH-393-Dat-7928,CH-393,Data Quality Agent,2026-03-02T12:08:58,0.95,passed,1363,False
AUD-CH-393-Con-5784,CH-393,Confidence and Abstention Agent,2026-03-02T12:09:13,0.98,passed,2435,False
AUD-CH-394-Inp-4703,CH-394,Input Aggregation Agent,2026-03-01T20:15:00,0.7,escalated_to_human,3109,True
AUD-CH-394-Pro-6369,CH-394,Profile Synthesis Agent,2026-03-01T20:15:32,0.92,completed,1224,False
AUD-CH-394-Pre-9708,CH-394,Prediction Agent,2026-03-01T20:16:02,0.91,completed,3417,False
AUD-CH-394-Dom-1171,CH-394,Domain Analysis Agent,2026-03-01T20:16:12,0.92,completed,2702,False
AUD-CH-394-Gui-5552,CH-394,Guideline Generation Agent,2026-03-01T20:16:35,0.92,completed,3262,False
AUD-CH-394-Goa-2992,CH-394,Goal Generation Agent,2026-03-01T20:16:40,0.95,completed,4690,False
AUD-CH-394-Mil-2726,CH-394,Milestone Planning Agent,2026-03-01T20:16:43,0.94,completed,4945,False
AUD-CH-394-Car-6841,CH-394,Caregiver Guidance Agent,2026-03-01T20:16:52,0.74,escalated_to_human,3997,True
AUD-CH-394-Eth-8736,CH-394,Ethics and Consent Agent,2026-03-01T20:17:33,0.85,flagged_for_review,1205,True
AUD-CH-394-Bia-3883,CH-394,Bias Monitoring Agent,2026-03-01T20:17:39,0.98,passed,1336,False
AUD-CH-394-Dat-8634,CH-394,Data Quality Agent,2026-03-01T20:17:48,0.93,passed,1763,False
AUD-CH-394-Con-1758,CH-394,Confidence and Abstention Agent,2026-03-01T20:17:57,0.94,passed,449,False
AUD-CH-395-Inp-9745,CH-395,Input Aggregation Agent,2026-03-01T11:52:00,0.77,completed,2420,False
AUD-CH-395-Pro-2137,CH-395,Profile Synthesis Agent,2026-03-01T11:52:30,0.95,completed,4213,False
AUD-CH-395-Pre-7255,CH-395,Prediction Agent,2026-03-01T11:53:11,0.71,escalated_to_human,5870,True
AUD-CH-395-Dom-4181,CH-395,Domain Analysis Agent,2026-03-01T11:53:48,0.85,completed,1441,False
AUD-CH-395-Gui-5571,CH-395,Guideline Generation Agent,2026-03-01T11:53:52,0.97,completed,1201,False
AUD-CH-395-Goa-2391,CH-395,Goal Generation Agent,2026-03-01T11:54:14,0.83,completed,5475,False
AUD-CH-395-Mil-4474,CH-395,Milestone Planning Agent,2026-03-01T11:54:17,0.85,completed,3903,False
AUD-CH-395-Car-2395,CH-395,Caregiver Guidance Agent,2026-03-01T11:54:28,0.69,escalated_to_human,1414,True
AUD-CH-395-Eth-7408,CH-395,Ethics and Consent Agent,2026-03-01T11:55:09,0.93,passed,95,False
AUD-CH-395-Bia-8412,CH-395,Bias Monitoring Agent,2026-03-01T11:55:20,0.91,passed,1034,False
AUD-CH-395-Dat-8600,CH-395,Data Quality Agent,2026-03-01T11:55:23,0.95,passed,2491,False
AUD-CH-395-Con-6029,CH-395,Confidence and Abstention Agent,2026-03-01T11:55:32,0.83,flagged_for_review,403,True
AUD-CH-396-Inp-7381,CH-396,Input Aggregation Agent,2026-03-03T07:18:00,0.9,completed,1795,False
AUD-CH-396-Pro-2574,CH-396,Profile Synthesis Agent,2026-03-03T07:18:14,0.87,completed,3795,False
AUD-CH-396-Pre-3330,CH-396,Prediction Agent,2026-03-03T07:18:21,0.95,completed,4485,False
AUD-CH-396-Dom-2949,CH-396,Domain Analysis Agent,2026-03-03T07:18:38,0.82,completed,1622,False
AUD-CH-396-Gui-9704,CH-396,Guideline Generation Agent,2026-03-03T07:19:05,0.94,completed,5295,False
AUD-CH-396-Goa-4650,CH-396,Goal Generation Agent,2026-03-03T07:19:13,0.88,completed,530,False
AUD-CH-396-Mil-1451,CH-396,Milestone Planning Agent,2026-03-03T07:19:32,0.71,escalated_to_human,3517,True
AUD-CH-396-Car-3537,CH-396,Caregiver Guidance Agent,2026-03-03T07:19:46,0.77,completed,3215,False
AUD-CH-396-Eth-5452,CH-396,Ethics and Consent Agent,2026-03-03T07:20:24,0.97,passed,2017,False
AUD-CH-396-Bia-1448,CH-396,Bias Monitoring Agent,2026-03-03T07:20:31,0.78,flagged_for_review,1369,True
AUD-CH-396-Dat-2908,CH-396,Data Quality Agent,2026-03-03T07:20:46,0.99,passed,218,False
AUD-CH-396-Con-9560,CH-396,Confidence and Abstention Agent,2026-03-03T07:20:57,0.96,passed,1723,False
AUD-CH-397-Inp-2857,CH-397,Input Aggregation Agent,2026-03-01T22:36:00,0.96,completed,4489,False
AUD-CH-397-Pro-6011,CH-397,Profile Synthesis Agent,2026-03-01T22:36:29,0.98,completed,934,False
AUD-CH-397-Pre-4788,CH-397,Prediction Agent,2026-03-01T22:37:12,0.91,completed,4326,False
AUD-CH-397-Dom-9940,CH-397,Domain Analysis Agent,2026-03-01T22:37:52,0.87,completed,4656,False
AUD-CH-397-Gui-3736,CH-397,Guideline Generation Agent,2026-03-01T22:38:13,0.82,completed,3887,False
AUD-CH-397-Goa-2774,CH-397,Goal Generation Agent,2026-03-01T22:38:22,0.7,escalated_to_human,4892,True
AUD-CH-397-Mil-9612,CH-397,Milestone Planning Agent,2026-03-01T22:38:41,0.87,completed,199,False
AUD-CH-397-Car-7565,CH-397,Caregiver Guidance Agent,2026-03-01T22:39:02,0.85,completed,1045,False
AUD-CH-397-Eth-2717,CH-397,Ethics and Consent Agent,2026-03-01T22:39:07,0.91,passed,812,False
AUD-CH-397-Bia-2704,CH-397,Bias Monitoring Agent,2026-03-01T22:39:15,0.97,passed,2326,False
AUD-CH-397-Dat-1223,CH-397,Data Quality Agent,2026-03-01T22:39:22,0.95,passed,2284,False
AUD-CH-397-Con-1421,CH-397,Confidence and Abstention Agent,2026-03-01T22:39:34,0.98,passed,2371,False
AUD-CH-398-Inp-8100,CH-398,Input Aggregation Agent,2026-03-02T07:52:00,0.97,completed,5193,False
AUD-CH-398-Pro-3241,CH-398,Profile Synthesis Agent,2026-03-02T07:52:34,0.79,completed,2841,False
AUD-CH-398-Pre-5025,CH-398,Prediction Agent,2026-03-02T07:53:17,0.98,completed,4901,False
AUD-CH-398-Dom-7416,CH-398,Domain Analysis Agent,2026-03-02T07:53:26,0.85,completed,5639,False
AUD-CH-398-Gui-3834,CH-398,Guideline Generation Agent,2026-03-02T07:53:46,0.94,completed,5867,False
AUD-CH-398-Goa-8812,CH-398,Goal Generation Agent,2026-03-02T07:53:53,0.81,completed,4841,False
AUD-CH-398-Mil-7004,CH-398,Milestone Planning Agent,2026-03-02T07:54:16,0.74,escalated_to_human,2447,True
AUD-CH-398-Car-7360,CH-398,Caregiver Guidance Agent,2026-03-02T07:54:58,0.93,completed,3576,False
AUD-CH-398-Eth-5420,CH-398,Ethics and Consent Agent,2026-03-02T07:55:32,0.96,passed,954,False
AUD-CH-398-Bia-9187,CH-398,Bias Monitoring Agent,2026-03-02T07:55:37,0.94,passed,2076,False
AUD-CH-398-Dat-4136,CH-398,Data Quality Agent,2026-03-02T07:55:51,0.99,passed,1855,False
AUD-CH-398-Con-5438,CH-398,Confidence and Abstention Agent,2026-03-02T07:56:06,0.95,passed,889,False
AUD-CH-399-Inp-3679,CH-399,Input Aggregation Agent,2026-03-02T10:29:00,0.94,completed,1640,False
AUD-CH-399-Pro-3666,CH-399,Profile Synthesis Agent,2026-03-02T10:29:12,0.95,completed,5008,False
AUD-CH-399-Pre-9985,CH-399,Prediction Agent,2026-03-02T10:29:16,0.7,escalated_to_human,2404,True
AUD-CH-399-Dom-5708,CH-399,Domain Analysis Agent,2026-03-02T10:29:49,0.81,completed,4279,False
AUD-CH-399-Gui-5283,CH-399,Guideline Generation Agent,2026-03-02T10:30:15,0.73,escalated_to_human,1658,True
AUD-CH-399-Goa-2993,CH-399,Goal Generation Agent,2026-03-02T10:30:58,0.95,completed,4187,False
AUD-CH-399-Mil-5453,CH-399,Milestone Planning Agent,2026-03-02T10:31:38,0.75,completed,3207,False
AUD-CH-399-Car-4349,CH-399,Caregiver Guidance Agent,2026-03-02T10:32:21,0.78,completed,2960,False
AUD-CH-399-Eth-4522,CH-399,Ethics and Consent Agent,2026-03-02T10:32:26,0.91,passed,1484,False
AUD-CH-399-Bia-8209,CH-399,Bias Monitoring Agent,2026-03-02T10:32:37,0.92,passed,2377,False
AUD-CH-399-Dat-6589,CH-399,Data Quality Agent,2026-03-02T10:32:44,0.96,passed,950,False
AUD-CH-399-Con-6849,CH-399,Confidence and Abstention Agent,2026-03-02T10:32:49,0.94,passed,315,False
AUD-CH-400-Inp-9651,CH-400,Input Aggregation Agent,2026-03-02T10:23:00,0.88,completed,5146,False
AUD-CH-400-Pro-7144,CH-400,Profile Synthesis Agent,2026-03-02T10:23:36,0.86,completed,1595,False
AUD-CH-400-Pre-4126,CH-400,Prediction Agent,2026-03-02T10:24:06,0.72,escalated_to_human,3654,True
AUD-CH-400-Dom-1325,CH-400,Domain Analysis Agent,2026-03-02T10:24:10,0.85,completed,4596,False
AUD-CH-400-Gui-1540,CH-400,Guideline Generation Agent,2026-03-02T10:24:46,0.82,completed,2579,False
AUD-CH-400-Goa-7267,CH-400,Goal Generation Agent,2026-03-02T10:24:54,0.69,escalated_to_human,5695,True
AUD-CH-400-Mil-5088,CH-400,Milestone Planning Agent,2026-03-02T10:25:33,0.76,completed,391,False
AUD-CH-400-Car-8575,CH-400,Caregiver Guidance Agent,2026-03-02T10:25:54,0.85,completed,466,False
AUD-CH-400-Eth-6020,CH-400,Ethics and Consent Agent,2026-03-02T10:26:06,0.98,passed,1382,False
AUD-CH-400-Bia-1942,CH-400,Bias Monitoring Agent,2026-03-02T10:26:14,0.91,passed,2035,False
AUD-CH-400-Dat-5422,CH-400,Data Quality Agent,2026-03-02T10:26:17,0.96,passed,1628,False
AUD-CH-400-Con-7667,CH-400,Confidence and Abstention Agent,2026-03-02T10:26:26,0.97,passed,1996,False
AUD-CH-401-Inp-9022,CH-401,Input Aggregation Agent,2026-03-02T20:01:00,0.8,completed,2687,False
AUD-CH-401-Pro-4920,CH-401,Profile Synthesis Agent,2026-03-02T20:01:20,0.88,completed,4976,False
AUD-CH-401-Pre-3832,CH-401,Prediction Agent,2026-03-02T20:02:00,0.75,completed,2360,False
AUD-CH-401-Dom-9185,CH-401,Domain Analysis Agent,2026-03-02T20:02:09,0.78,completed,3123,False
AUD-CH-401-Gui-6696,CH-401,Guideline Generation Agent,2026-03-02T20:02:33,0.82,completed,5845,False
AUD-CH-401-Goa-8791,CH-401,Goal Generation Agent,2026-03-02T20:02:38,0.75,completed,3906,False
AUD-CH-401-Mil-2620,CH-401,Milestone Planning Agent,2026-03-02T20:03:03,0.8,completed,1753,False
AUD-CH-401-Car-2890,CH-401,Caregiver Guidance Agent,2026-03-02T20:03:10,0.84,completed,4707,False
AUD-CH-401-Eth-4897,CH-401,Ethics and Consent Agent,2026-03-02T20:03:29,0.96,passed,1513,False
AUD-CH-401-Bia-6395,CH-401,Bias Monitoring Agent,2026-03-02T20:03:38,0.94,passed,1429,False
AUD-CH-401-Dat-8468,CH-401,Data Quality Agent,2026-03-02T20:03:43,0.94,passed,867,False
AUD-CH-401-Con-5577,CH-401,Confidence and Abstention Agent,2026-03-02T20:03:58,0.91,passed,455,False
AUD-CH-402-Inp-4516,CH-402,Input Aggregation Agent,2026-03-02T14:47:00,0.94,completed,286,False
AUD-CH-402-Pro-5316,CH-402,Profile Synthesis Agent,2026-03-02T14:47:11,0.88,completed,5990,False
AUD-CH-402-Pre-4230,CH-402,Prediction Agent,2026-03-02T14:47:31,0.8,completed,3014,False
AUD-CH-402-Dom-3501,CH-402,Domain Analysis Agent,2026-03-02T14:48:00,0.73,escalated_to_human,4449,True
AUD-CH-402-Gui-6083,CH-402,Guideline Generation Agent,2026-03-02T14:48:05,0.86,completed,1349,False
AUD-CH-402-Goa-9995,CH-402,Goal Generation Agent,2026-03-02T14:48:45,0.76,completed,2054,False
AUD-CH-402-Mil-5474,CH-402,Milestone Planning Agent,2026-03-02T14:48:56,0.9,completed,3630,False
AUD-CH-402-Car-8801,CH-402,Caregiver Guidance Agent,2026-03-02T14:49:04,0.96,completed,1641,False
AUD-CH-402-Eth-6122,CH-402,Ethics and Consent Agent,2026-03-02T14:49:24,0.92,passed,85,False
AUD-CH-402-Bia-5417,CH-402,Bias Monitoring Agent,2026-03-02T14:49:30,0.96,passed,435,False
AUD-CH-402-Dat-1720,CH-402,Data Quality Agent,2026-03-02T14:49:32,0.99,passed,1498,False
AUD-CH-402-Con-8833,CH-402,Confidence and Abstention Agent,2026-03-02T14:49:39,0.68,flagged_for_review,181,True
AUD-CH-403-Inp-7694,CH-403,Input Aggregation Agent,2026-03-02T16:17:00,0.96,completed,5991,False
AUD-CH-403-Pro-4036,CH-403,Profile Synthesis Agent,2026-03-02T16:17:29,0.85,completed,2397,False
AUD-CH-403-Pre-1535,CH-403,Prediction Agent,2026-03-02T16:17:40,0.79,completed,2172,False
AUD-CH-403-Dom-1895,CH-403,Domain Analysis Agent,2026-03-02T16:18:00,0.69,escalated_to_human,1138,True
AUD-CH-403-Gui-4046,CH-403,Guideline Generation Agent,2026-03-02T16:18:03,0.78,completed,4962,False
AUD-CH-403-Goa-5695,CH-403,Goal Generation Agent,2026-03-02T16:18:25,0.78,completed,3351,False
AUD-CH-403-Mil-5303,CH-403,Milestone Planning Agent,2026-03-02T16:18:56,0.91,completed,5555,False
AUD-CH-403-Car-1453,CH-403,Caregiver Guidance Agent,2026-03-02T16:19:38,0.79,completed,4253,False
AUD-CH-403-Eth-1240,CH-403,Ethics and Consent Agent,2026-03-02T16:19:58,0.98,passed,184,False
AUD-CH-403-Bia-3361,CH-403,Bias Monitoring Agent,2026-03-02T16:20:07,0.94,passed,805,False
AUD-CH-403-Dat-3356,CH-403,Data Quality Agent,2026-03-02T16:20:16,0.92,passed,2442,False
AUD-CH-403-Con-1864,CH-403,Confidence and Abstention Agent,2026-03-02T16:20:29,0.96,passed,1452,False
AUD-CH-404-Inp-6184,CH-404,Input Aggregation Agent,2026-03-01T13:43:00,0.8,completed,1869,False
AUD-CH-404-Pro-1333,CH-404,Profile Synthesis Agent,2026-03-01T13:43:38,0.88,completed,3001,False
AUD-CH-404-Pre-2922,CH-404,Prediction Agent,2026-03-01T13:44:18,0.91,completed,5556,False
AUD-CH-404-Dom-9644,CH-404,Domain Analysis Agent,2026-03-01T13:44:36,0.94,completed,3751,False
AUD-CH-404-Gui-2273,CH-404,Guideline Generation Agent,2026-03-01T13:45:13,0.75,completed,5603,False
AUD-CH-404-Goa-8454,CH-404,Goal Generation Agent,2026-03-01T13:45:17,0.92,completed,410,False
AUD-CH-404-Mil-1023,CH-404,Milestone Planning Agent,2026-03-01T13:45:53,0.68,escalated_to_human,2846,True
AUD-CH-404-Car-5456,CH-404,Caregiver Guidance Agent,2026-03-01T13:46:22,0.79,completed,810,False
AUD-CH-404-Eth-6489,CH-404,Ethics and Consent Agent,2026-03-01T13:46:31,0.96,passed,943,False
AUD-CH-404-Bia-9875,CH-404,Bias Monitoring Agent,2026-03-01T13:46:46,0.92,passed,2096,False
AUD-CH-404-Dat-3100,CH-404,Data Quality Agent,2026-03-01T13:46:54,0.98,passed,480,False
AUD-CH-404-Con-1811,CH-404,Confidence and Abstention Agent,2026-03-01T13:46:59,0.96,passed,1043,False
AUD-CH-405-Inp-8237,CH-405,Input Aggregation Agent,2026-03-02T19:56:00,0.92,completed,4229,False
AUD-CH-405-Pro-9754,CH-405,Profile Synthesis Agent,2026-03-02T19:56:16,0.96,completed,166,False
AUD-CH-405-Pre-4045,CH-405,Prediction Agent,2026-03-02T19:56:21,0.84,completed,1993,False
AUD-CH-405-Dom-2036,CH-405,Domain Analysis Agent,2026-03-02T19:56:39,0.86,completed,3628,False
AUD-CH-405-Gui-9069,CH-405,Guideline Generation Agent,2026-03-02T19:57:24,0.9,completed,4617,False
AUD-CH-405-Goa-3686,CH-405,Goal Generation Agent,2026-03-02T19:57:57,0.82,completed,602,False
AUD-CH-405-Mil-5810,CH-405,Milestone Planning Agent,2026-03-02T19:58:04,0.72,escalated_to_human,3357,True
AUD-CH-405-Car-6009,CH-405,Caregiver Guidance Agent,2026-03-02T19:58:38,0.7,escalated_to_human,437,True
AUD-CH-405-Eth-9235,CH-405,Ethics and Consent Agent,2026-03-02T19:59:14,0.95,passed,1836,False
AUD-CH-405-Bia-1250,CH-405,Bias Monitoring Agent,2026-03-02T19:59:20,0.98,passed,736,False
AUD-CH-405-Dat-3956,CH-405,Data Quality Agent,2026-03-02T19:59:24,0.98,passed,174,False
AUD-CH-405-Con-4669,CH-405,Confidence and Abstention Agent,2026-03-02T19:59:37,0.91,passed,2403,False
AUD-CH-406-Inp-1367,CH-406,Input Aggregation Agent,2026-03-02T20:46:00,0.86,completed,5771,False
AUD-CH-406-Pro-3613,CH-406,Profile Synthesis Agent,2026-03-02T20:46:35,0.78,completed,2528,False
AUD-CH-406-Pre-1081,CH-406,Prediction Agent,2026-03-02T20:47:20,0.69,escalated_to_human,1099,True
AUD-CH-406-Dom-3038,CH-406,Domain Analysis Agent,2026-03-02T20:47:28,0.7,escalated_to_human,4326,True
AUD-CH-406-Gui-5646,CH-406,Guideline Generation Agent,2026-03-02T20:47:59,0.76,completed,1899,False
AUD-CH-406-Goa-3720,CH-406,Goal Generation Agent,2026-03-02T20:48:32,0.7,escalated_to_human,3337,True
AUD-CH-406-Mil-2794,CH-406,Milestone Planning Agent,2026-03-02T20:49:00,0.95,completed,4464,False
AUD-CH-406-Car-7549,CH-406,Caregiver Guidance Agent,2026-03-02T20:49:25,0.92,completed,4607,False
AUD-CH-406-Eth-5682,CH-406,Ethics and Consent Agent,2026-03-02T20:50:01,0.92,passed,632,False
AUD-CH-406-Bia-4676,CH-406,Bias Monitoring Agent,2026-03-02T20:50:13,0.95,passed,2096,False
AUD-CH-406-Dat-1331,CH-406,Data Quality Agent,2026-03-02T20:50:25,0.97,passed,1772,False
AUD-CH-406-Con-7547,CH-406,Confidence and Abstention Agent,2026-03-02T20:50:34,0.98,passed,1977,False
AUD-CH-407-Inp-4256,CH-407,Input Aggregation Agent,2026-03-01T09:14:00,0.77,completed,2696,False
AUD-CH-407-Pro-1721,CH-407,Profile Synthesis Agent,2026-03-01T09:14:13,0.78,completed,5333,False
AUD-CH-407-Pre-1149,CH-407,Prediction Agent,2026-03-01T09:14:20,0.7,escalated_to_human,603,True
AUD-CH-407-Dom-6339,CH-407,Domain Analysis Agent,2026-03-01T09:14:52,0.79,completed,1952,False
AUD-CH-407-Gui-5674,CH-407,Guideline Generation Agent,2026-03-01T09:15:33,0.88,completed,5883,False
AUD-CH-407-Goa-1450,CH-407,Goal Generation Agent,2026-03-01T09:16:09,0.74,escalated_to_human,5410,True
AUD-CH-407-Mil-7441,CH-407,Milestone Planning Agent,2026-03-01T09:16:31,0.82,completed,3707,False
AUD-CH-407-Car-2648,CH-407,Caregiver Guidance Agent,2026-03-01T09:17:07,0.74,escalated_to_human,3450,True
AUD-CH-407-Eth-6182,CH-407,Ethics and Consent Agent,2026-03-01T09:17:21,0.97,passed,1040,False
AUD-CH-407-Bia-8788,CH-407,Bias Monitoring Agent,2026-03-01T09:17:35,0.95,passed,328,False
AUD-CH-407-Dat-4096,CH-407,Data Quality Agent,2026-03-01T09:17:41,0.98,passed,668,False
AUD-CH-407-Con-1362,CH-407,Confidence and Abstention Agent,2026-03-01T09:17:51,0.98,passed,2497,False
AUD-CH-408-Inp-4282,CH-408,Input Aggregation Agent,2026-03-01T08:54:00,0.8,completed,1195,False
AUD-CH-408-Pro-7667,CH-408,Profile Synthesis Agent,2026-03-01T08:54:36,0.86,completed,901,False
AUD-CH-408-Pre-4298,CH-408,Prediction Agent,2026-03-01T08:54:49,0.86,completed,3892,False
AUD-CH-408-Dom-8626,CH-408,Domain Analysis Agent,2026-03-01T08:55:00,0.88,completed,2396,False
AUD-CH-408-Gui-9821,CH-408,Guideline Generation Agent,2026-03-01T08:55:45,0.95,completed,448,False
AUD-CH-408-Goa-3004,CH-408,Goal Generation Agent,2026-03-01T08:56:22,0.84,completed,5576,False
AUD-CH-408-Mil-9068,CH-408,Milestone Planning Agent,2026-03-01T08:56:41,0.86,completed,1685,False
AUD-CH-408-Car-7967,CH-408,Caregiver Guidance Agent,2026-03-01T08:56:49,0.92,completed,5943,False
AUD-CH-408-Eth-5643,CH-408,Ethics and Consent Agent,2026-03-01T08:57:14,0.92,passed,1473,False
AUD-CH-408-Bia-3236,CH-408,Bias Monitoring Agent,2026-03-01T08:57:26,0.94,passed,306,False
AUD-CH-408-Dat-9866,CH-408,Data Quality Agent,2026-03-01T08:57:34,0.93,passed,975,False
AUD-CH-408-Con-9128,CH-408,Confidence and Abstention Agent,2026-03-01T08:57:43,0.93,passed,2281,False
AUD-CH-409-Inp-3328,CH-409,Input Aggregation Agent,2026-03-02T22:50:00,0.69,escalated_to_human,5983,True
AUD-CH-409-Pro-6162,CH-409,Profile Synthesis Agent,2026-03-02T22:50:28,0.81,completed,5222,False
AUD-CH-409-Pre-3983,CH-409,Prediction Agent,2026-03-02T22:51:08,0.88,completed,3600,False
AUD-CH-409-Dom-3461,CH-409,Domain Analysis Agent,2026-03-02T22:51:15,0.91,completed,5975,False
AUD-CH-409-Gui-2631,CH-409,Guideline Generation Agent,2026-03-02T22:51:35,0.77,completed,1686,False
AUD-CH-409-Goa-9526,CH-409,Goal Generation Agent,2026-03-02T22:52:19,0.84,completed,2773,False
AUD-CH-409-Mil-5993,CH-409,Milestone Planning Agent,2026-03-02T22:52:28,0.76,completed,2513,False
AUD-CH-409-Car-5575,CH-409,Caregiver Guidance Agent,2026-03-02T22:52:32,0.78,completed,4436,False
AUD-CH-409-Eth-7432,CH-409,Ethics and Consent Agent,2026-03-02T22:53:08,0.96,passed,243,False
AUD-CH-409-Bia-5376,CH-409,Bias Monitoring Agent,2026-03-02T22:53:16,0.92,passed,1551,False
AUD-CH-409-Dat-3576,CH-409,Data Quality Agent,2026-03-02T22:53:22,0.97,passed,589,False
AUD-CH-409-Con-8526,CH-409,Confidence and Abstention Agent,2026-03-02T22:53:36,0.97,passed,1981,False
AUD-CH-410-Inp-6793,CH-410,Input Aggregation Agent,2026-03-02T21:51:00,0.81,completed,2849,False
AUD-CH-410-Pro-1343,CH-410,Profile Synthesis Agent,2026-03-02T21:51:27,0.99,completed,5044,False
AUD-CH-410-Pre-3826,CH-410,Prediction Agent,2026-03-02T21:51:51,0.93,completed,3175,False
AUD-CH-410-Dom-2270,CH-410,Domain Analysis Agent,2026-03-02T21:52:24,0.79,completed,1591,False
AUD-CH-410-Gui-7131,CH-410,Guideline Generation Agent,2026-03-02T21:53:05,0.92,completed,357,False
AUD-CH-410-Goa-6396,CH-410,Goal Generation Agent,2026-03-02T21:53:27,0.88,completed,4379,False
AUD-CH-410-Mil-9135,CH-410,Milestone Planning Agent,2026-03-02T21:53:33,0.76,completed,2499,False
AUD-CH-410-Car-1498,CH-410,Caregiver Guidance Agent,2026-03-02T21:53:50,0.73,escalated_to_human,643,True
AUD-CH-410-Eth-2475,CH-410,Ethics and Consent Agent,2026-03-02T21:54:01,0.95,passed,1941,False
AUD-CH-410-Bia-9187,CH-410,Bias Monitoring Agent,2026-03-02T21:54:05,0.91,passed,269,False
AUD-CH-410-Dat-8776,CH-410,Data Quality Agent,2026-03-02T21:54:07,0.92,passed,204,False
AUD-CH-410-Con-4602,CH-410,Confidence and Abstention Agent,2026-03-02T21:54:18,0.93,passed,2222,False
AUD-CH-411-Inp-6062,CH-411,Input Aggregation Agent,2026-03-03T00:35:00,0.97,completed,5534,False
AUD-CH-411-Pro-1214,CH-411,Profile Synthesis Agent,2026-03-03T00:35:42,0.8,completed,502,False
AUD-CH-411-Pre-6205,CH-411,Prediction Agent,2026-03-03T00:36:27,0.94,completed,1786,False
AUD-CH-411-Dom-2282,CH-411,Domain Analysis Agent,2026-03-03T00:36:58,0.98,completed,1428,False
AUD-CH-411-Gui-8022,CH-411,Guideline Generation Agent,2026-03-03T00:37:31,0.94,completed,4350,False
AUD-CH-411-Goa-8325,CH-411,Goal Generation Agent,2026-03-03T00:38:09,0.98,completed,3619,False
AUD-CH-411-Mil-2834,CH-411,Milestone Planning Agent,2026-03-03T00:38:24,0.83,completed,2918,False
AUD-CH-411-Car-9140,CH-411,Caregiver Guidance Agent,2026-03-03T00:38:52,0.72,escalated_to_human,582,True
AUD-CH-411-Eth-1558,CH-411,Ethics and Consent Agent,2026-03-03T00:39:24,0.95,passed,345,False
AUD-CH-411-Bia-8136,CH-411,Bias Monitoring Agent,2026-03-03T00:39:27,0.96,passed,496,False
AUD-CH-411-Dat-2852,CH-411,Data Quality Agent,2026-03-03T00:39:37,0.92,passed,427,False
AUD-CH-411-Con-3237,CH-411,Confidence and Abstention Agent,2026-03-03T00:39:39,0.92,passed,1164,False
AUD-CH-412-Inp-5125,CH-412,Input Aggregation Agent,2026-03-02T21:34:00,0.74,escalated_to_human,3220,True
AUD-CH-412-Pro-1299,CH-412,Profile Synthesis Agent,2026-03-02T21:34:17,0.76,completed,4041,False
AUD-CH-412-Pre-3790,CH-412,Prediction Agent,2026-03-02T21:34:44,0.75,completed,2233,False
AUD-CH-412-Dom-6586,CH-412,Domain Analysis Agent,2026-03-02T21:35:08,0.73,escalated_to_human,5588,True
AUD-CH-412-Gui-2757,CH-412,Guideline Generation Agent,2026-03-02T21:35:53,0.97,completed,4353,False
AUD-CH-412-Goa-6377,CH-412,Goal Generation Agent,2026-03-02T21:36:05,0.91,completed,4036,False
AUD-CH-412-Mil-9070,CH-412,Milestone Planning Agent,2026-03-02T21:36:50,0.91,completed,2593,False
AUD-CH-412-Car-5447,CH-412,Caregiver Guidance Agent,2026-03-02T21:37:26,0.79,completed,3924,False
AUD-CH-412-Eth-5266,CH-412,Ethics and Consent Agent,2026-03-02T21:38:06,0.94,passed,1558,False
AUD-CH-412-Bia-1126,CH-412,Bias Monitoring Agent,2026-03-02T21:38:20,0.98,passed,1484,False
AUD-CH-412-Dat-8980,CH-412,Data Quality Agent,2026-03-02T21:38:30,0.99,passed,1405,False
AUD-CH-412-Con-8044,CH-412,Confidence and Abstention Agent,2026-03-02T21:38:39,0.97,passed,732,False
AUD-CH-413-Inp-8936,CH-413,Input Aggregation Agent,2026-03-02T08:04:00,0.77,completed,922,False
AUD-CH-413-Pro-4208,CH-413,Profile Synthesis Agent,2026-03-02T08:04:25,0.87,completed,1661,False
AUD-CH-413-Pre-8741,CH-413,Prediction Agent,2026-03-02T08:04:34,0.97,completed,1412,False
AUD-CH-413-Dom-9699,CH-413,Domain Analysis Agent,2026-03-02T08:04:50,0.7,escalated_to_human,2623,True
AUD-CH-413-Gui-7774,CH-413,Guideline Generation Agent,2026-03-02T08:05:18,0.68,escalated_to_human,2626,True
AUD-CH-413-Goa-3350,CH-413,Goal Generation Agent,2026-03-02T08:05:30,0.83,completed,5110,False
AUD-CH-413-Mil-4452,CH-413,Milestone Planning Agent,2026-03-02T08:06:06,0.7,escalated_to_human,5668,True
AUD-CH-413-Car-5365,CH-413,Caregiver Guidance Agent,2026-03-02T08:06:23,0.86,completed,2867,False
AUD-CH-413-Eth-6537,CH-413,Ethics and Consent Agent,2026-03-02T08:06:30,0.93,passed,857,False
AUD-CH-413-Bia-4349,CH-413,Bias Monitoring Agent,2026-03-02T08:06:37,0.95,passed,1822,False
AUD-CH-413-Dat-5422,CH-413,Data Quality Agent,2026-03-02T08:06:48,0.8,flagged_for_review,488,True
AUD-CH-413-Con-2676,CH-413,Confidence and Abstention Agent,2026-03-02T08:07:00,0.91,passed,1381,False
AUD-CH-414-Inp-7209,CH-414,Input Aggregation Agent,2026-03-02T09:35:00,0.69,escalated_to_human,2488,True
AUD-CH-414-Pro-1904,CH-414,Profile Synthesis Agent,2026-03-02T09:35:05,0.84,completed,5841,False
AUD-CH-414-Pre-6455,CH-414,Prediction Agent,2026-03-02T09:35:36,0.81,completed,4438,False
AUD-CH-414-Dom-4206,CH-414,Domain Analysis Agent,2026-03-02T09:36:10,0.8,completed,1018,False
AUD-CH-414-Gui-5647,CH-414,Guideline Generation Agent,2026-03-02T09:36:25,0.88,completed,5505,False
AUD-CH-414-Goa-6853,CH-414,Goal Generation Agent,2026-03-02T09:36:35,0.76,completed,4896,False
AUD-CH-414-Mil-4168,CH-414,Milestone Planning Agent,2026-03-02T09:37:14,0.74,escalated_to_human,1531,True
AUD-CH-414-Car-7626,CH-414,Caregiver Guidance Agent,2026-03-02T09:37:53,0.92,completed,4149,False
AUD-CH-414-Eth-1705,CH-414,Ethics and Consent Agent,2026-03-02T09:38:25,0.95,passed,905,False
AUD-CH-414-Bia-2065,CH-414,Bias Monitoring Agent,2026-03-02T09:38:39,0.99,passed,558,False
AUD-CH-414-Dat-3226,CH-414,Data Quality Agent,2026-03-02T09:38:48,0.91,passed,620,False
AUD-CH-414-Con-3862,CH-414,Confidence and Abstention Agent,2026-03-02T09:38:55,0.96,passed,1255,False
AUD-CH-415-Inp-9153,CH-415,Input Aggregation Agent,2026-03-02T06:54:00,0.93,completed,2077,False
AUD-CH-415-Pro-7550,CH-415,Profile Synthesis Agent,2026-03-02T06:54:28,0.71,escalated_to_human,3165,True
AUD-CH-415-Pre-5775,CH-415,Prediction Agent,2026-03-02T06:54:37,0.76,completed,5374,False
AUD-CH-415-Dom-1911,CH-415,Domain Analysis Agent,2026-03-02T06:55:02,0.8,completed,4336,False
AUD-CH-415-Gui-1367,CH-415,Guideline Generation Agent,2026-03-02T06:55:33,0.81,completed,3396,False
AUD-CH-415-Goa-2970,CH-415,Goal Generation Agent,2026-03-02T06:56:07,0.81,completed,5257,False
AUD-CH-415-Mil-1806,CH-415,Milestone Planning Agent,2026-03-02T06:56:19,0.7,escalated_to_human,2493,True
AUD-CH-415-Car-3765,CH-415,Caregiver Guidance Agent,2026-03-02T06:56:42,0.69,escalated_to_human,807,True
AUD-CH-415-Eth-4908,CH-415,Ethics and Consent Agent,2026-03-02T06:57:16,0.59,flagged_for_review,272,True
AUD-CH-415-Bia-9085,CH-415,Bias Monitoring Agent,2026-03-02T06:57:23,0.98,passed,1290,False
AUD-CH-415-Dat-4788,CH-415,Data Quality Agent,2026-03-02T06:57:31,0.95,passed,1937,False
AUD-CH-415-Con-2828,CH-415,Confidence and Abstention Agent,2026-03-02T06:57:43,0.97,passed,2154,False
AUD-CH-416-Inp-3165,CH-416,Input Aggregation Agent,2026-03-01T08:53:00,0.77,completed,3343,False
AUD-CH-416-Pro-1401,CH-416,Profile Synthesis Agent,2026-03-01T08:53:03,0.74,escalated_to_human,4311,True
AUD-CH-416-Pre-4078,CH-416,Prediction Agent,2026-03-01T08:53:37,0.81,completed,1234,False
AUD-CH-416-Dom-5215,CH-416,Domain Analysis Agent,2026-03-01T08:53:55,0.87,completed,5135,False
AUD-CH-416-Gui-5107,CH-416,Guideline Generation Agent,2026-03-01T08:54:19,0.75,completed,2250,False
AUD-CH-416-Goa-8237,CH-416,Goal Generation Agent,2026-03-01T08:54:26,0.82,completed,877,False
AUD-CH-416-Mil-9143,CH-416,Milestone Planning Agent,2026-03-01T08:54:30,0.95,completed,5140,False
AUD-CH-416-Car-2038,CH-416,Caregiver Guidance Agent,2026-03-01T08:55:01,0.83,completed,2345,False
AUD-CH-416-Eth-6248,CH-416,Ethics and Consent Agent,2026-03-01T08:55:04,0.95,passed,596,False
AUD-CH-416-Bia-3687,CH-416,Bias Monitoring Agent,2026-03-01T08:55:06,0.95,passed,2206,False
AUD-CH-416-Dat-4288,CH-416,Data Quality Agent,2026-03-01T08:55:20,0.92,passed,531,False
AUD-CH-416-Con-8660,CH-416,Confidence and Abstention Agent,2026-03-01T08:55:26,0.92,passed,1823,False
AUD-CH-417-Inp-9519,CH-417,Input Aggregation Agent,2026-03-02T22:39:00,0.88,completed,1299,False
AUD-CH-417-Pro-3925,CH-417,Profile Synthesis Agent,2026-03-02T22:39:29,0.95,completed,731,False
AUD-CH-417-Pre-5239,CH-417,Prediction Agent,2026-03-02T22:39:51,0.94,completed,5775,False
AUD-CH-417-Dom-3542,CH-417,Domain Analysis Agent,2026-03-02T22:40:27,0.96,completed,3942,False
AUD-CH-417-Gui-9430,CH-417,Guideline Generation Agent,2026-03-02T22:40:37,0.88,completed,4363,False
AUD-CH-417-Goa-4116,CH-417,Goal Generation Agent,2026-03-02T22:40:52,0.8,completed,3422,False
AUD-CH-417-Mil-5606,CH-417,Milestone Planning Agent,2026-03-02T22:41:25,0.85,completed,399,False
AUD-CH-417-Car-5769,CH-417,Caregiver Guidance Agent,2026-03-02T22:41:48,0.73,escalated_to_human,3665,True
AUD-CH-417-Eth-7628,CH-417,Ethics and Consent Agent,2026-03-02T22:42:24,0.91,passed,445,False
AUD-CH-417-Bia-5830,CH-417,Bias Monitoring Agent,2026-03-02T22:42:35,0.93,passed,317,False
AUD-CH-417-Dat-5807,CH-417,Data Quality Agent,2026-03-02T22:42:44,0.93,passed,87,False
AUD-CH-417-Con-5637,CH-417,Confidence and Abstention Agent,2026-03-02T22:42:50,0.92,passed,1125,False
AUD-CH-418-Inp-5234,CH-418,Input Aggregation Agent,2026-03-02T05:55:00,0.85,completed,1859,False
AUD-CH-418-Pro-7581,CH-418,Profile Synthesis Agent,2026-03-02T05:55:20,0.77,completed,5757,False
AUD-CH-418-Pre-3714,CH-418,Prediction Agent,2026-03-02T05:55:42,0.7,escalated_to_human,2313,True
AUD-CH-418-Dom-1429,CH-418,Domain Analysis Agent,2026-03-02T05:56:08,0.78,completed,5069,False
AUD-CH-418-Gui-3169,CH-418,Guideline Generation Agent,2026-03-02T05:56:28,0.79,completed,3647,False
AUD-CH-418-Goa-1169,CH-418,Goal Generation Agent,2026-03-02T05:56:49,0.79,completed,4045,False
AUD-CH-418-Mil-1082,CH-418,Milestone Planning Agent,2026-03-02T05:57:24,0.77,completed,3784,False
AUD-CH-418-Car-9837,CH-418,Caregiver Guidance Agent,2026-03-02T05:57:37,0.75,completed,4288,False
AUD-CH-418-Eth-7196,CH-418,Ethics and Consent Agent,2026-03-02T05:57:56,0.99,passed,398,False
AUD-CH-418-Bia-8851,CH-418,Bias Monitoring Agent,2026-03-02T05:58:11,0.92,passed,1912,False
AUD-CH-418-Dat-9418,CH-418,Data Quality Agent,2026-03-02T05:58:15,0.96,passed,502,False
AUD-CH-418-Con-6168,CH-418,Confidence and Abstention Agent,2026-03-02T05:58:28,0.94,passed,1808,False
AUD-CH-419-Inp-1946,CH-419,Input Aggregation Agent,2026-03-02T10:39:00,0.75,completed,3963,False
AUD-CH-419-Pro-5894,CH-419,Profile Synthesis Agent,2026-03-02T10:39:29,0.82,completed,2511,False
AUD-CH-419-Pre-1131,CH-419,Prediction Agent,2026-03-02T10:39:34,0.98,completed,3552,False
AUD-CH-419-Dom-1088,CH-419,Domain Analysis Agent,2026-03-02T10:40:15,0.68,escalated_to_human,3340,True
AUD-CH-419-Gui-1879,CH-419,Guideline Generation Agent,2026-03-02T10:40:35,0.77,completed,5473,False
AUD-CH-419-Goa-9540,CH-419,Goal Generation Agent,2026-03-02T10:41:18,0.9,completed,4814,False
AUD-CH-419-Mil-2582,CH-419,Milestone Planning Agent,2026-03-02T10:41:23,0.81,completed,2452,False
AUD-CH-419-Car-2527,CH-419,Caregiver Guidance Agent,2026-03-02T10:41:43,0.86,completed,5314,False
AUD-CH-419-Eth-4625,CH-419,Ethics and Consent Agent,2026-03-02T10:42:11,0.93,passed,325,False
AUD-CH-419-Bia-9262,CH-419,Bias Monitoring Agent,2026-03-02T10:42:22,0.97,passed,2289,False
AUD-CH-419-Dat-8843,CH-419,Data Quality Agent,2026-03-02T10:42:28,0.92,passed,2496,False
AUD-CH-419-Con-9155,CH-419,Confidence and Abstention Agent,2026-03-02T10:42:41,0.67,flagged_for_review,1326,True
AUD-CH-420-Inp-1888,CH-420,Input Aggregation Agent,2026-03-02T08:06:00,0.92,completed,3223,False
AUD-CH-420-Pro-3728,CH-420,Profile Synthesis Agent,2026-03-02T08:06:20,0.87,completed,4426,False
AUD-CH-420-Pre-5725,CH-420,Prediction Agent,2026-03-02T08:06:44,0.8,completed,2484,False
AUD-CH-420-Dom-6251,CH-420,Domain Analysis Agent,2026-03-02T08:06:57,0.89,completed,1529,False
AUD-CH-420-Gui-7461,CH-420,Guideline Generation Agent,2026-03-02T08:07:27,0.94,completed,954,False
AUD-CH-420-Goa-6375,CH-420,Goal Generation Agent,2026-03-02T08:07:59,0.94,completed,4269,False
AUD-CH-420-Mil-1883,CH-420,Milestone Planning Agent,2026-03-02T08:08:34,0.72,escalated_to_human,4227,True
AUD-CH-420-Car-2111,CH-420,Caregiver Guidance Agent,2026-03-02T08:08:47,0.92,completed,4393,False
AUD-CH-420-Eth-5861,CH-420,Ethics and Consent Agent,2026-03-02T08:08:53,0.93,passed,1327,False
AUD-CH-420-Bia-2782,CH-420,Bias Monitoring Agent,2026-03-02T08:08:56,0.92,passed,1672,False
AUD-CH-420-Dat-3685,CH-420,Data Quality Agent,2026-03-02T08:09:02,0.97,passed,1306,False
AUD-CH-420-Con-6709,CH-420,Confidence and Abstention Agent,2026-03-02T08:09:04,0.95,passed,954,False
AUD-CH-421-Inp-1774,CH-421,Input Aggregation Agent,2026-03-01T20:00:00,0.73,escalated_to_human,5542,True
AUD-CH-421-Pro-4426,CH-421,Profile Synthesis Agent,2026-03-01T20:00:44,0.81,completed,1789,False
AUD-CH-421-Pre-8908,CH-421,Prediction Agent,2026-03-01T20:01:11,0.98,completed,4257,False
AUD-CH-421-Dom-1997,CH-421,Domain Analysis Agent,2026-03-01T20:01:32,0.88,completed,2400,False
AUD-CH-421-Gui-2356,CH-421,Guideline Generation Agent,2026-03-01T20:01:50,0.96,completed,1285,False
AUD-CH-421-Goa-3261,CH-421,Goal Generation Agent,2026-03-01T20:02:26,0.77,completed,1979,False
AUD-CH-421-Mil-7488,CH-421,Milestone Planning Agent,2026-03-01T20:02:48,0.97,completed,3911,False
AUD-CH-421-Car-7976,CH-421,Caregiver Guidance Agent,2026-03-01T20:03:01,0.7,escalated_to_human,1074,True
AUD-CH-421-Eth-3834,CH-421,Ethics and Consent Agent,2026-03-01T20:03:22,0.96,passed,1773,False
AUD-CH-421-Bia-1575,CH-421,Bias Monitoring Agent,2026-03-01T20:03:27,0.97,passed,1395,False
AUD-CH-421-Dat-4982,CH-421,Data Quality Agent,2026-03-01T20:03:39,0.97,passed,264,False
AUD-CH-421-Con-1926,CH-421,Confidence and Abstention Agent,2026-03-01T20:03:43,0.93,passed,1996,False
AUD-CH-422-Inp-1035,CH-422,Input Aggregation Agent,2026-03-03T06:36:00,0.9,completed,4731,False
AUD-CH-422-Pro-5747,CH-422,Profile Synthesis Agent,2026-03-03T06:36:18,0.78,completed,5839,False
AUD-CH-422-Pre-8642,CH-422,Prediction Agent,2026-03-03T06:36:48,0.71,escalated_to_human,4288,True
AUD-CH-422-Dom-8505,CH-422,Domain Analysis Agent,2026-03-03T06:37:25,0.8,completed,756,False
AUD-CH-422-Gui-8481,CH-422,Guideline Generation Agent,2026-03-03T06:37:30,0.74,escalated_to_human,2854,True
AUD-CH-422-Goa-3810,CH-422,Goal Generation Agent,2026-03-03T06:37:42,0.71,escalated_to_human,5996,True
AUD-CH-422-Mil-6124,CH-422,Milestone Planning Agent,2026-03-03T06:37:59,0.81,completed,1782,False
AUD-CH-422-Car-7808,CH-422,Caregiver Guidance Agent,2026-03-03T06:38:42,0.89,completed,773,False
AUD-CH-422-Eth-4455,CH-422,Ethics and Consent Agent,2026-03-03T06:38:59,0.99,passed,335,False
AUD-CH-422-Bia-2765,CH-422,Bias Monitoring Agent,2026-03-03T06:39:05,0.94,passed,2351,False
AUD-CH-422-Dat-1620,CH-422,Data Quality Agent,2026-03-03T06:39:17,0.95,passed,193,False
AUD-CH-422-Con-9154,CH-422,Confidence and Abstention Agent,2026-03-03T06:39:22,0.98,passed,526,False
AUD-CH-423-Inp-6574,CH-423,Input Aggregation Agent,2026-03-03T02:29:00,0.79,completed,2578,False
AUD-CH-423-Pro-1261,CH-423,Profile Synthesis Agent,2026-03-03T02:29:17,0.85,completed,2206,False
AUD-CH-423-Pre-7201,CH-423,Prediction Agent,2026-03-03T02:29:39,0.73,escalated_to_human,2700,True
AUD-CH-423-Dom-5481,CH-423,Domain Analysis Agent,2026-03-03T02:30:20,0.91,completed,4586,False
AUD-CH-423-Gui-1466,CH-423,Guideline Generation Agent,2026-03-03T02:30:51,0.71,escalated_to_human,2000,True
AUD-CH-423-Goa-2002,CH-423,Goal Generation Agent,2026-03-03T02:31:29,0.81,completed,632,False
AUD-CH-423-Mil-5959,CH-423,Milestone Planning Agent,2026-03-03T02:31:40,0.75,completed,1191,False
AUD-CH-423-Car-7686,CH-423,Caregiver Guidance Agent,2026-03-03T02:32:25,0.83,completed,2301,False
AUD-CH-423-Eth-9988,CH-423,Ethics and Consent Agent,2026-03-03T02:32:58,0.94,passed,2262,False
AUD-CH-423-Bia-2464,CH-423,Bias Monitoring Agent,2026-03-03T02:33:09,0.97,passed,781,False
AUD-CH-423-Dat-6703,CH-423,Data Quality Agent,2026-03-03T02:33:17,0.98,passed,260,False
AUD-CH-423-Con-1235,CH-423,Confidence and Abstention Agent,2026-03-03T02:33:28,0.96,passed,2310,False
AUD-CH-424-Inp-4550,CH-424,Input Aggregation Agent,2026-03-01T08:50:00,0.88,completed,1162,False
AUD-CH-424-Pro-7709,CH-424,Profile Synthesis Agent,2026-03-01T08:50:17,0.74,escalated_to_human,4530,True
AUD-CH-424-Pre-4028,CH-424,Prediction Agent,2026-03-01T08:50:54,0.84,completed,1417,False
AUD-CH-424-Dom-7148,CH-424,Domain Analysis Agent,2026-03-01T08:51:24,0.92,completed,3093,False
AUD-CH-424-Gui-1679,CH-424,Guideline Generation Agent,2026-03-01T08:51:39,0.89,completed,1311,False
AUD-CH-424-Goa-4739,CH-424,Goal Generation Agent,2026-03-01T08:52:07,0.79,completed,1386,False
AUD-CH-424-Mil-1260,CH-424,Milestone Planning Agent,2026-03-01T08:52:24,0.79,completed,2303,False
AUD-CH-424-Car-4365,CH-424,Caregiver Guidance Agent,2026-03-01T08:52:47,0.88,completed,3910,False
AUD-CH-424-Eth-6209,CH-424,Ethics and Consent Agent,2026-03-01T08:53:32,0.98,passed,2043,False
AUD-CH-424-Bia-8531,CH-424,Bias Monitoring Agent,2026-03-01T08:53:47,0.91,passed,2412,False
AUD-CH-424-Dat-7406,CH-424,Data Quality Agent,2026-03-01T08:53:49,0.93,passed,585,False
AUD-CH-424-Con-8063,CH-424,Confidence and Abstention Agent,2026-03-01T08:53:56,0.95,passed,1363,False
AUD-CH-425-Inp-1543,CH-425,Input Aggregation Agent,2026-03-02T20:55:00,0.86,completed,5742,False
AUD-CH-425-Pro-1350,CH-425,Profile Synthesis Agent,2026-03-02T20:55:38,0.98,completed,268,False
AUD-CH-425-Pre-7085,CH-425,Prediction Agent,2026-03-02T20:55:52,0.79,completed,5547,False
AUD-CH-425-Dom-5968,CH-425,Domain Analysis Agent,2026-03-02T20:56:11,0.81,completed,1813,False
AUD-CH-425-Gui-2935,CH-425,Guideline Generation Agent,2026-03-02T20:56:17,0.71,escalated_to_human,2397,True
AUD-CH-425-Goa-4187,CH-425,Goal Generation Agent,2026-03-02T20:56:22,0.86,completed,2600,False
AUD-CH-425-Mil-7829,CH-425,Milestone Planning Agent,2026-03-02T20:56:27,0.7,escalated_to_human,1727,True
AUD-CH-425-Car-7847,CH-425,Caregiver Guidance Agent,2026-03-02T20:56:32,0.92,completed,2133,False
AUD-CH-425-Eth-6229,CH-425,Ethics and Consent Agent,2026-03-02T20:56:57,0.97,passed,1016,False
AUD-CH-425-Bia-4740,CH-425,Bias Monitoring Agent,2026-03-02T20:57:00,0.96,passed,2433,False
AUD-CH-425-Dat-1817,CH-425,Data Quality Agent,2026-03-02T20:57:15,0.92,passed,1366,False
AUD-CH-425-Con-8231,CH-425,Confidence and Abstention Agent,2026-03-02T20:57:27,0.97,passed,2013,False
AUD-CH-426-Inp-7512,CH-426,Input Aggregation Agent,2026-03-02T20:38:00,0.8,completed,4951,False
AUD-CH-426-Pro-4988,CH-426,Profile Synthesis Agent,2026-03-02T20:38:32,0.91,completed,4921,False
AUD-CH-426-Pre-4096,CH-426,Prediction Agent,2026-03-02T20:38:35,0.87,completed,3249,False
AUD-CH-426-Dom-4547,CH-426,Domain Analysis Agent,2026-03-02T20:38:52,0.87,completed,2746,False
AUD-CH-426-Gui-9732,CH-426,Guideline Generation Agent,2026-03-02T20:39:07,0.83,completed,4491,False
AUD-CH-426-Goa-6727,CH-426,Goal Generation Agent,2026-03-02T20:39:14,0.72,escalated_to_human,5652,True
AUD-CH-426-Mil-3563,CH-426,Milestone Planning Agent,2026-03-02T20:39:43,0.93,completed,1154,False
AUD-CH-426-Car-1601,CH-426,Caregiver Guidance Agent,2026-03-02T20:40:23,0.79,completed,652,False
AUD-CH-426-Eth-1866,CH-426,Ethics and Consent Agent,2026-03-02T20:40:53,0.84,flagged_for_review,1803,True
AUD-CH-426-Bia-1938,CH-426,Bias Monitoring Agent,2026-03-02T20:40:58,0.97,passed,113,False
AUD-CH-426-Dat-3818,CH-426,Data Quality Agent,2026-03-02T20:41:09,0.56,flagged_for_review,2454,True
AUD-CH-426-Con-7921,CH-426,Confidence and Abstention Agent,2026-03-02T20:41:22,0.93,passed,835,False
AUD-CH-427-Inp-4002,CH-427,Input Aggregation Agent,2026-03-01T11:37:00,0.8,completed,3584,False
AUD-CH-427-Pro-4788,CH-427,Profile Synthesis Agent,2026-03-01T11:37:06,0.72,escalated_to_human,5744,True
AUD-CH-427-Pre-7614,CH-427,Prediction Agent,2026-03-01T11:37:47,0.89,completed,5112,False
AUD-CH-427-Dom-7323,CH-427,Domain Analysis Agent,2026-03-01T11:38:17,0.75,completed,2550,False
AUD-CH-427-Gui-7859,CH-427,Guideline Generation Agent,2026-03-01T11:38:25,0.95,completed,1000,False
AUD-CH-427-Goa-5880,CH-427,Goal Generation Agent,2026-03-01T11:39:00,0.93,completed,732,False
AUD-CH-427-Mil-2831,CH-427,Milestone Planning Agent,2026-03-01T11:39:33,0.84,completed,3888,False
AUD-CH-427-Car-1348,CH-427,Caregiver Guidance Agent,2026-03-01T11:40:17,0.77,completed,4388,False
AUD-CH-427-Eth-6898,CH-427,Ethics and Consent Agent,2026-03-01T11:40:25,0.73,flagged_for_review,862,True
AUD-CH-427-Bia-1598,CH-427,Bias Monitoring Agent,2026-03-01T11:40:40,0.95,passed,202,False
AUD-CH-427-Dat-9497,CH-427,Data Quality Agent,2026-03-01T11:40:42,0.6,flagged_for_review,1051,True
AUD-CH-427-Con-4692,CH-427,Confidence and Abstention Agent,2026-03-01T11:40:52,0.7,flagged_for_review,625,True
AUD-CH-428-Inp-5970,CH-428,Input Aggregation Agent,2026-03-03T00:35:00,0.7,escalated_to_human,5753,True
AUD-CH-428-Pro-2834,CH-428,Profile Synthesis Agent,2026-03-03T00:35:14,0.86,completed,1861,False
AUD-CH-428-Pre-7020,CH-428,Prediction Agent,2026-03-03T00:35:59,0.95,completed,3664,False
AUD-CH-428-Dom-8484,CH-428,Domain Analysis Agent,2026-03-03T00:36:06,0.8,completed,4751,False
AUD-CH-428-Gui-4382,CH-428,Guideline Generation Agent,2026-03-03T00:36:45,0.79,completed,1826,False
AUD-CH-428-Goa-9798,CH-428,Goal Generation Agent,2026-03-03T00:37:07,0.77,completed,1298,False
AUD-CH-428-Mil-6971,CH-428,Milestone Planning Agent,2026-03-03T00:37:15,0.97,completed,2184,False
AUD-CH-428-Car-6104,CH-428,Caregiver Guidance Agent,2026-03-03T00:37:44,0.85,completed,4006,False
AUD-CH-428-Eth-6075,CH-428,Ethics and Consent Agent,2026-03-03T00:38:27,0.96,passed,769,False
AUD-CH-428-Bia-3006,CH-428,Bias Monitoring Agent,2026-03-03T00:38:36,0.67,flagged_for_review,1913,True
AUD-CH-428-Dat-8980,CH-428,Data Quality Agent,2026-03-03T00:38:46,0.95,passed,1324,False
AUD-CH-428-Con-6009,CH-428,Confidence and Abstention Agent,2026-03-03T00:39:00,0.98,passed,222,False
AUD-CH-429-Inp-4751,CH-429,Input Aggregation Agent,2026-03-02T18:36:00,0.93,completed,4714,False
AUD-CH-429-Pro-4322,CH-429,Profile Synthesis Agent,2026-03-02T18:36:19,0.98,completed,2053,False
AUD-CH-429-Pre-8696,CH-429,Prediction Agent,2026-03-02T18:36:59,0.92,completed,1091,False
AUD-CH-429-Dom-8432,CH-429,Domain Analysis Agent,2026-03-02T18:37:41,0.87,completed,4623,False
AUD-CH-429-Gui-7175,CH-429,Guideline Generation Agent,2026-03-02T18:37:47,0.84,completed,1478,False
AUD-CH-429-Goa-6788,CH-429,Goal Generation Agent,2026-03-02T18:38:25,0.84,completed,2543,False
AUD-CH-429-Mil-4972,CH-429,Milestone Planning Agent,2026-03-02T18:38:40,0.96,completed,4323,False
AUD-CH-429-Car-1143,CH-429,Caregiver Guidance Agent,2026-03-02T18:39:06,0.86,completed,2110,False
AUD-CH-429-Eth-6745,CH-429,Ethics and Consent Agent,2026-03-02T18:39:29,0.94,passed,1131,False
AUD-CH-429-Bia-6701,CH-429,Bias Monitoring Agent,2026-03-02T18:39:31,0.93,passed,1614,False
AUD-CH-429-Dat-7288,CH-429,Data Quality Agent,2026-03-02T18:39:40,0.95,passed,2285,False
AUD-CH-429-Con-8015,CH-429,Confidence and Abstention Agent,2026-03-02T18:39:51,0.93,passed,209,False
AUD-CH-430-Inp-1612,CH-430,Input Aggregation Agent,2026-03-01T14:58:00,0.78,completed,4775,False
AUD-CH-430-Pro-7981,CH-430,Profile Synthesis Agent,2026-03-01T14:58:43,0.76,completed,1591,False
AUD-CH-430-Pre-2209,CH-430,Prediction Agent,2026-03-01T14:59:07,0.97,completed,1680,False
AUD-CH-430-Dom-8678,CH-430,Domain Analysis Agent,2026-03-01T14:59:19,0.74,escalated_to_human,3195,True
AUD-CH-430-Gui-5279,CH-430,Guideline Generation Agent,2026-03-01T14:59:55,0.84,completed,969,False
AUD-CH-430-Goa-9478,CH-430,Goal Generation Agent,2026-03-01T15:00:09,0.73,escalated_to_human,5127,True
AUD-CH-430-Mil-8283,CH-430,Milestone Planning Agent,2026-03-01T15:00:31,0.71,escalated_to_human,3192,True
AUD-CH-430-Car-3862,CH-430,Caregiver Guidance Agent,2026-03-01T15:01:10,0.75,completed,1037,False
AUD-CH-430-Eth-9393,CH-430,Ethics and Consent Agent,2026-03-01T15:01:49,0.96,passed,537,False
AUD-CH-430-Bia-7771,CH-430,Bias Monitoring Agent,2026-03-01T15:01:56,0.99,passed,2199,False
AUD-CH-430-Dat-1826,CH-430,Data Quality Agent,2026-03-01T15:02:01,0.92,passed,277,False
AUD-CH-430-Con-9160,CH-430,Confidence and Abstention Agent,2026-03-01T15:02:12,0.97,passed,537,False
AUD-CH-431-Inp-2478,CH-431,Input Aggregation Agent,2026-03-01T23:43:00,0.73,escalated_to_human,1831,True
AUD-CH-431-Pro-7419,CH-431,Profile Synthesis Agent,2026-03-01T23:43:18,0.92,completed,4724,False
AUD-CH-431-Pre-8474,CH-431,Prediction Agent,2026-03-01T23:43:33,0.7,escalated_to_human,5816,True
AUD-CH-431-Dom-1253,CH-431,Domain Analysis Agent,2026-03-01T23:44:04,0.94,completed,5757,False
AUD-CH-431-Gui-8836,CH-431,Guideline Generation Agent,2026-03-01T23:44:21,0.91,completed,2447,False
AUD-CH-431-Goa-5843,CH-431,Goal Generation Agent,2026-03-01T23:44:40,0.9,completed,496,False
AUD-CH-431-Mil-1404,CH-431,Milestone Planning Agent,2026-03-01T23:45:01,0.78,completed,5256,False
AUD-CH-431-Car-8854,CH-431,Caregiver Guidance Agent,2026-03-01T23:45:32,0.69,escalated_to_human,2351,True
AUD-CH-431-Eth-6377,CH-431,Ethics and Consent Agent,2026-03-01T23:45:45,0.98,passed,2403,False
AUD-CH-431-Bia-6201,CH-431,Bias Monitoring Agent,2026-03-01T23:45:56,0.71,flagged_for_review,1965,True
AUD-CH-431-Dat-7691,CH-431,Data Quality Agent,2026-03-01T23:46:07,0.97,passed,2076,False
AUD-CH-431-Con-1054,CH-431,Confidence and Abstention Agent,2026-03-01T23:46:20,0.92,passed,2192,False
AUD-CH-432-Inp-4045,CH-432,Input Aggregation Agent,2026-03-01T17:30:00,0.86,completed,4991,False
AUD-CH-432-Pro-7373,CH-432,Profile Synthesis Agent,2026-03-01T17:30:18,0.86,completed,2765,False
AUD-CH-432-Pre-7645,CH-432,Prediction Agent,2026-03-01T17:30:47,0.7,escalated_to_human,4426,True
AUD-CH-432-Dom-6964,CH-432,Domain Analysis Agent,2026-03-01T17:30:58,0.8,completed,588,False
AUD-CH-432-Gui-6735,CH-432,Guideline Generation Agent,2026-03-01T17:31:16,0.97,completed,1573,False
AUD-CH-432-Goa-4230,CH-432,Goal Generation Agent,2026-03-01T17:31:44,0.77,completed,3267,False
AUD-CH-432-Mil-4301,CH-432,Milestone Planning Agent,2026-03-01T17:32:06,0.69,escalated_to_human,5115,True
AUD-CH-432-Car-5375,CH-432,Caregiver Guidance Agent,2026-03-01T17:32:37,0.76,completed,2493,False
AUD-CH-432-Eth-1969,CH-432,Ethics and Consent Agent,2026-03-01T17:32:51,0.97,passed,1286,False
AUD-CH-432-Bia-9769,CH-432,Bias Monitoring Agent,2026-03-01T17:33:01,0.63,flagged_for_review,92,True
AUD-CH-432-Dat-7627,CH-432,Data Quality Agent,2026-03-01T17:33:09,0.97,passed,700,False
AUD-CH-432-Con-5447,CH-432,Confidence and Abstention Agent,2026-03-01T17:33:15,0.93,passed,2164,False
AUD-CH-433-Inp-2092,CH-433,Input Aggregation Agent,2026-03-01T16:55:00,0.88,completed,1697,False
AUD-CH-433-Pro-7530,CH-433,Profile Synthesis Agent,2026-03-01T16:55:41,0.74,escalated_to_human,3602,True
AUD-CH-433-Pre-9913,CH-433,Prediction Agent,2026-03-01T16:55:50,0.74,escalated_to_human,4190,True
AUD-CH-433-Dom-1605,CH-433,Domain Analysis Agent,2026-03-01T16:56:27,0.88,completed,5435,False
AUD-CH-433-Gui-1314,CH-433,Guideline Generation Agent,2026-03-01T16:56:45,0.94,completed,1964,False
AUD-CH-433-Goa-5087,CH-433,Goal Generation Agent,2026-03-01T16:57:04,0.94,completed,4991,False
AUD-CH-433-Mil-9334,CH-433,Milestone Planning Agent,2026-03-01T16:57:23,0.97,completed,3602,False
AUD-CH-433-Car-6648,CH-433,Caregiver Guidance Agent,2026-03-01T16:57:57,0.99,completed,514,False
AUD-CH-433-Eth-1710,CH-433,Ethics and Consent Agent,2026-03-01T16:58:40,0.94,passed,625,False
AUD-CH-433-Bia-4165,CH-433,Bias Monitoring Agent,2026-03-01T16:58:54,0.93,passed,892,False
AUD-CH-433-Dat-9535,CH-433,Data Quality Agent,2026-03-01T16:58:59,0.97,passed,490,False
AUD-CH-433-Con-7056,CH-433,Confidence and Abstention Agent,2026-03-01T16:59:12,0.93,passed,1195,False
AUD-CH-434-Inp-8908,CH-434,Input Aggregation Agent,2026-03-01T16:41:00,0.75,completed,5472,False
AUD-CH-434-Pro-8198,CH-434,Profile Synthesis Agent,2026-03-01T16:41:30,0.8,completed,5690,False
AUD-CH-434-Pre-1124,CH-434,Prediction Agent,2026-03-01T16:41:51,0.72,escalated_to_human,5597,True
AUD-CH-434-Dom-5015,CH-434,Domain Analysis Agent,2026-03-01T16:42:05,0.95,completed,1600,False
AUD-CH-434-Gui-5642,CH-434,Guideline Generation Agent,2026-03-01T16:42:24,0.87,completed,5137,False
AUD-CH-434-Goa-2517,CH-434,Goal Generation Agent,2026-03-01T16:42:45,0.72,escalated_to_human,1577,True
AUD-CH-434-Mil-2424,CH-434,Milestone Planning Agent,2026-03-01T16:43:17,0.88,completed,5680,False
AUD-CH-434-Car-6609,CH-434,Caregiver Guidance Agent,2026-03-01T16:44:00,0.85,completed,2507,False
AUD-CH-434-Eth-2941,CH-434,Ethics and Consent Agent,2026-03-01T16:44:31,0.95,passed,1610,False
AUD-CH-434-Bia-9499,CH-434,Bias Monitoring Agent,2026-03-01T16:44:45,0.94,passed,1291,False
AUD-CH-434-Dat-6365,CH-434,Data Quality Agent,2026-03-01T16:44:54,0.92,passed,2184,False
AUD-CH-434-Con-6953,CH-434,Confidence and Abstention Agent,2026-03-01T16:45:00,0.96,passed,146,False
AUD-CH-435-Inp-1743,CH-435,Input Aggregation Agent,2026-03-03T03:40:00,0.88,completed,5112,False
AUD-CH-435-Pro-1052,CH-435,Profile Synthesis Agent,2026-03-03T03:40:38,0.84,completed,3136,False
AUD-CH-435-Pre-4197,CH-435,Prediction Agent,2026-03-03T03:41:13,0.83,completed,1319,False
AUD-CH-435-Dom-9056,CH-435,Domain Analysis Agent,2026-03-03T03:41:26,0.84,completed,3045,False
AUD-CH-435-Gui-7869,CH-435,Guideline Generation Agent,2026-03-03T03:42:08,0.71,escalated_to_human,5429,True
AUD-CH-435-Goa-3628,CH-435,Goal Generation Agent,2026-03-03T03:42:20,0.82,completed,2500,False
AUD-CH-435-Mil-9140,CH-435,Milestone Planning Agent,2026-03-03T03:43:04,0.88,completed,5528,False
AUD-CH-435-Car-7855,CH-435,Caregiver Guidance Agent,2026-03-03T03:43:48,0.91,completed,1300,False
AUD-CH-435-Eth-3373,CH-435,Ethics and Consent Agent,2026-03-03T03:43:54,0.94,passed,1343,False
AUD-CH-435-Bia-2400,CH-435,Bias Monitoring Agent,2026-03-03T03:43:56,0.74,flagged_for_review,1303,True
AUD-CH-435-Dat-6616,CH-435,Data Quality Agent,2026-03-03T03:44:03,0.96,passed,873,False
AUD-CH-435-Con-9232,CH-435,Confidence and Abstention Agent,2026-03-03T03:44:16,0.98,passed,1517,False
AUD-CH-436-Inp-8367,CH-436,Input Aggregation Agent,2026-03-02T16:55:00,0.96,completed,1329,False
AUD-CH-436-Pro-1906,CH-436,Profile Synthesis Agent,2026-03-02T16:55:31,0.73,escalated_to_human,4392,True
AUD-CH-436-Pre-1285,CH-436,Prediction Agent,2026-03-02T16:55:35,0.96,completed,455,False
AUD-CH-436-Dom-4899,CH-436,Domain Analysis Agent,2026-03-02T16:55:52,0.78,completed,748,False
AUD-CH-436-Gui-1363,CH-436,Guideline Generation Agent,2026-03-02T16:56:22,0.87,completed,5381,False
AUD-CH-436-Goa-3296,CH-436,Goal Generation Agent,2026-03-02T16:56:32,0.83,completed,1934,False
AUD-CH-436-Mil-6961,CH-436,Milestone Planning Agent,2026-03-02T16:57:03,0.81,completed,4074,False
AUD-CH-436-Car-7325,CH-436,Caregiver Guidance Agent,2026-03-02T16:57:10,0.69,escalated_to_human,1598,True
AUD-CH-436-Eth-7274,CH-436,Ethics and Consent Agent,2026-03-02T16:57:34,0.93,passed,233,False
AUD-CH-436-Bia-1572,CH-436,Bias Monitoring Agent,2026-03-02T16:57:48,0.98,passed,661,False
AUD-CH-436-Dat-1695,CH-436,Data Quality Agent,2026-03-02T16:58:02,0.97,passed,1390,False
AUD-CH-436-Con-7852,CH-436,Confidence and Abstention Agent,2026-03-02T16:58:09,0.91,passed,1307,False
AUD-CH-437-Inp-7494,CH-437,Input Aggregation Agent,2026-03-02T01:25:00,0.85,completed,4555,False
AUD-CH-437-Pro-7134,CH-437,Profile Synthesis Agent,2026-03-02T01:25:31,0.76,completed,5111,False
AUD-CH-437-Pre-8001,CH-437,Prediction Agent,2026-03-02T01:25:46,0.88,completed,3153,False
AUD-CH-437-Dom-2480,CH-437,Domain Analysis Agent,2026-03-02T01:26:17,0.77,completed,404,False
AUD-CH-437-Gui-8427,CH-437,Guideline Generation Agent,2026-03-02T01:26:52,0.81,completed,336,False
AUD-CH-437-Goa-4546,CH-437,Goal Generation Agent,2026-03-02T01:27:36,0.95,completed,5508,False
AUD-CH-437-Mil-5801,CH-437,Milestone Planning Agent,2026-03-02T01:27:46,0.9,completed,2148,False
AUD-CH-437-Car-4741,CH-437,Caregiver Guidance Agent,2026-03-02T01:28:01,0.77,completed,3668,False
AUD-CH-437-Eth-5561,CH-437,Ethics and Consent Agent,2026-03-02T01:28:16,0.95,passed,241,False
AUD-CH-437-Bia-1337,CH-437,Bias Monitoring Agent,2026-03-02T01:28:18,0.91,passed,1760,False
AUD-CH-437-Dat-7681,CH-437,Data Quality Agent,2026-03-02T01:28:33,0.98,passed,1087,False
AUD-CH-437-Con-1185,CH-437,Confidence and Abstention Agent,2026-03-02T01:28:46,0.92,passed,1506,False
AUD-CH-438-Inp-8016,CH-438,Input Aggregation Agent,2026-03-02T17:25:00,0.74,escalated_to_human,2278,True
AUD-CH-438-Pro-2202,CH-438,Profile Synthesis Agent,2026-03-02T17:25:14,0.72,escalated_to_human,2446,True
AUD-CH-438-Pre-4728,CH-438,Prediction Agent,2026-03-02T17:25:29,0.77,completed,1605,False
AUD-CH-438-Dom-5959,CH-438,Domain Analysis Agent,2026-03-02T17:25:33,0.85,completed,280,False
AUD-CH-438-Gui-9624,CH-438,Guideline Generation Agent,2026-03-02T17:25:39,0.73,escalated_to_human,3308,True
AUD-CH-438-Goa-4244,CH-438,Goal Generation Agent,2026-03-02T17:25:52,0.69,escalated_to_human,1644,True
AUD-CH-438-Mil-5605,CH-438,Milestone Planning Agent,2026-03-02T17:25:55,0.77,completed,753,False
AUD-CH-438-Car-2476,CH-438,Caregiver Guidance Agent,2026-03-02T17:26:32,0.71,escalated_to_human,4932,True
AUD-CH-438-Eth-8187,CH-438,Ethics and Consent Agent,2026-03-02T17:26:52,0.96,passed,2010,False
AUD-CH-438-Bia-8126,CH-438,Bias Monitoring Agent,2026-03-02T17:27:05,0.96,passed,702,False
AUD-CH-438-Dat-4449,CH-438,Data Quality Agent,2026-03-02T17:27:14,0.93,passed,561,False
AUD-CH-438-Con-1851,CH-438,Confidence and Abstention Agent,2026-03-02T17:27:28,0.92,passed,1097,False
AUD-CH-439-Inp-2445,CH-439,Input Aggregation Agent,2026-03-03T04:42:00,0.77,completed,1535,False
AUD-CH-439-Pro-8777,CH-439,Profile Synthesis Agent,2026-03-03T04:42:27,0.9,completed,1116,False
AUD-CH-439-Pre-8773,CH-439,Prediction Agent,2026-03-03T04:42:45,0.71,escalated_to_human,2378,True
AUD-CH-439-Dom-7240,CH-439,Domain Analysis Agent,2026-03-03T04:43:22,0.8,completed,5733,False
AUD-CH-439-Gui-1273,CH-439,Guideline Generation Agent,2026-03-03T04:43:52,0.96,completed,2997,False
AUD-CH-439-Goa-5728,CH-439,Goal Generation Agent,2026-03-03T04:44:09,0.83,completed,4770,False
AUD-CH-439-Mil-3707,CH-439,Milestone Planning Agent,2026-03-03T04:44:25,0.87,completed,3604,False
AUD-CH-439-Car-4011,CH-439,Caregiver Guidance Agent,2026-03-03T04:44:33,0.75,completed,2800,False
AUD-CH-439-Eth-9183,CH-439,Ethics and Consent Agent,2026-03-03T04:45:12,0.96,passed,2351,False
AUD-CH-439-Bia-8007,CH-439,Bias Monitoring Agent,2026-03-03T04:45:24,0.93,passed,268,False
AUD-CH-439-Dat-2867,CH-439,Data Quality Agent,2026-03-03T04:45:36,0.95,passed,1839,False
AUD-CH-439-Con-8398,CH-439,Confidence and Abstention Agent,2026-03-03T04:45:50,0.94,passed,1422,False
AUD-CH-440-Inp-1920,CH-440,Input Aggregation Agent,2026-03-01T23:58:00,0.72,escalated_to_human,4883,True
AUD-CH-440-Pro-8187,CH-440,Profile Synthesis Agent,2026-03-01T23:58:39,0.94,completed,4920,False
AUD-CH-440-Pre-6365,CH-440,Prediction Agent,2026-03-01T23:58:56,0.77,completed,5868,False
AUD-CH-440-Dom-7786,CH-440,Domain Analysis Agent,2026-03-01T23:59:35,0.9,completed,3284,False
AUD-CH-440-Gui-7403,CH-440,Guideline Generation Agent,2026-03-01T23:59:44,0.94,completed,5254,False
AUD-CH-440-Goa-7650,CH-440,Goal Generation Agent,2026-03-02T00:00:02,0.7,escalated_to_human,4245,True
AUD-CH-440-Mil-2308,CH-440,Milestone Planning Agent,2026-03-02T00:00:25,0.86,completed,5608,False
AUD-CH-440-Car-7585,CH-440,Caregiver Guidance Agent,2026-03-02T00:00:31,0.84,completed,1302,False
AUD-CH-440-Eth-5221,CH-440,Ethics and Consent Agent,2026-03-02T00:01:08,0.98,passed,1428,False
AUD-CH-440-Bia-2167,CH-440,Bias Monitoring Agent,2026-03-02T00:01:20,0.98,passed,2459,False
AUD-CH-440-Dat-1808,CH-440,Data Quality Agent,2026-03-02T00:01:35,0.95,passed,1160,False
AUD-CH-440-Con-9157,CH-440,Confidence and Abstention Agent,2026-03-02T00:01:46,0.99,passed,282,False
AUD-CH-441-Inp-2837,CH-441,Input Aggregation Agent,2026-03-03T05:26:00,0.78,completed,5910,False
AUD-CH-441-Pro-4609,CH-441,Profile Synthesis Agent,2026-03-03T05:26:45,0.96,completed,2010,False
AUD-CH-441-Pre-2755,CH-441,Prediction Agent,2026-03-03T05:26:52,0.72,escalated_to_human,5887,True
AUD-CH-441-Dom-4386,CH-441,Domain Analysis Agent,2026-03-03T05:27:21,0.84,completed,1440,False
AUD-CH-441-Gui-2835,CH-441,Guideline Generation Agent,2026-03-03T05:27:42,0.74,escalated_to_human,2654,True
AUD-CH-441-Goa-9508,CH-441,Goal Generation Agent,2026-03-03T05:28:26,0.98,completed,3480,False
AUD-CH-441-Mil-2886,CH-441,Milestone Planning Agent,2026-03-03T05:28:39,0.81,completed,2560,False
AUD-CH-441-Car-7508,CH-441,Caregiver Guidance Agent,2026-03-03T05:28:55,0.73,escalated_to_human,539,True
AUD-CH-441-Eth-8427,CH-441,Ethics and Consent Agent,2026-03-03T05:29:32,0.97,passed,1890,False
AUD-CH-441-Bia-8702,CH-441,Bias Monitoring Agent,2026-03-03T05:29:42,0.94,passed,1712,False
AUD-CH-441-Dat-3300,CH-441,Data Quality Agent,2026-03-03T05:29:50,0.95,passed,767,False
AUD-CH-441-Con-1070,CH-441,Confidence and Abstention Agent,2026-03-03T05:30:04,0.96,passed,142,False
AUD-CH-442-Inp-1284,CH-442,Input Aggregation Agent,2026-03-01T09:19:00,0.84,completed,3516,False
AUD-CH-442-Pro-5317,CH-442,Profile Synthesis Agent,2026-03-01T09:19:06,0.95,completed,5144,False
AUD-CH-442-Pre-6697,CH-442,Prediction Agent,2026-03-01T09:19:39,0.72,escalated_to_human,2777,True
AUD-CH-442-Dom-7379,CH-442,Domain Analysis Agent,2026-03-01T09:20:08,0.95,completed,3435,False
AUD-CH-442-Gui-4023,CH-442,Guideline Generation Agent,2026-03-01T09:20:36,0.74,escalated_to_human,3043,True
AUD-CH-442-Goa-1854,CH-442,Goal Generation Agent,2026-03-01T09:20:49,0.84,completed,1726,False
AUD-CH-442-Mil-8643,CH-442,Milestone Planning Agent,2026-03-01T09:20:55,0.77,completed,5271,False
AUD-CH-442-Car-8805,CH-442,Caregiver Guidance Agent,2026-03-01T09:21:25,0.87,completed,2225,False
AUD-CH-442-Eth-3444,CH-442,Ethics and Consent Agent,2026-03-01T09:21:52,0.98,passed,673,False
AUD-CH-442-Bia-4411,CH-442,Bias Monitoring Agent,2026-03-01T09:22:06,0.95,passed,2189,False
AUD-CH-442-Dat-1033,CH-442,Data Quality Agent,2026-03-01T09:22:15,0.94,passed,1986,False
AUD-CH-442-Con-5292,CH-442,Confidence and Abstention Agent,2026-03-01T09:22:21,0.92,passed,583,False
AUD-CH-443-Inp-7738,CH-443,Input Aggregation Agent,2026-03-02T12:47:00,0.74,escalated_to_human,3130,True
AUD-CH-443-Pro-7107,CH-443,Profile Synthesis Agent,2026-03-02T12:47:20,0.87,completed,1335,False
AUD-CH-443-Pre-7901,CH-443,Prediction Agent,2026-03-02T12:47:53,0.99,completed,3485,False
AUD-CH-443-Dom-4512,CH-443,Domain Analysis Agent,2026-03-02T12:47:58,0.75,completed,3920,False
AUD-CH-443-Gui-1910,CH-443,Guideline Generation Agent,2026-03-02T12:48:01,0.81,completed,2674,False
AUD-CH-443-Goa-1802,CH-443,Goal Generation Agent,2026-03-02T12:48:08,0.99,completed,1810,False
AUD-CH-443-Mil-7881,CH-443,Milestone Planning Agent,2026-03-02T12:48:16,0.8,completed,5289,False
AUD-CH-443-Car-4536,CH-443,Caregiver Guidance Agent,2026-03-02T12:48:23,0.9,completed,4822,False
AUD-CH-443-Eth-4276,CH-443,Ethics and Consent Agent,2026-03-02T12:48:47,0.92,passed,1739,False
AUD-CH-443-Bia-4667,CH-443,Bias Monitoring Agent,2026-03-02T12:48:51,0.92,passed,2041,False
AUD-CH-443-Dat-2218,CH-443,Data Quality Agent,2026-03-02T12:49:00,0.92,passed,812,False
AUD-CH-443-Con-1482,CH-443,Confidence and Abstention Agent,2026-03-02T12:49:10,0.92,passed,2162,False
AUD-CH-444-Inp-2140,CH-444,Input Aggregation Agent,2026-03-01T15:51:00,0.92,completed,303,False
AUD-CH-444-Pro-8406,CH-444,Profile Synthesis Agent,2026-03-01T15:51:17,0.68,escalated_to_human,4250,True
AUD-CH-444-Pre-1526,CH-444,Prediction Agent,2026-03-01T15:51:25,0.97,completed,4180,False
AUD-CH-444-Dom-6366,CH-444,Domain Analysis Agent,2026-03-01T15:52:05,0.91,completed,732,False
AUD-CH-444-Gui-5759,CH-444,Guideline Generation Agent,2026-03-01T15:52:16,0.69,escalated_to_human,1464,True
AUD-CH-444-Goa-1597,CH-444,Goal Generation Agent,2026-03-01T15:52:45,0.92,completed,1040,False
AUD-CH-444-Mil-4622,CH-444,Milestone Planning Agent,2026-03-01T15:52:51,0.73,escalated_to_human,2925,True
AUD-CH-444-Car-6633,CH-444,Caregiver Guidance Agent,2026-03-01T15:53:27,0.96,completed,2365,False
AUD-CH-444-Eth-3511,CH-444,Ethics and Consent Agent,2026-03-01T15:53:47,0.61,flagged_for_review,1001,True
AUD-CH-444-Bia-5040,CH-444,Bias Monitoring Agent,2026-03-01T15:53:56,0.97,passed,2237,False
AUD-CH-444-Dat-2913,CH-444,Data Quality Agent,2026-03-01T15:53:59,0.93,passed,629,False
AUD-CH-444-Con-3042,CH-444,Confidence and Abstention Agent,2026-03-01T15:54:08,0.99,passed,704,False
AUD-CH-445-Inp-3045,CH-445,Input Aggregation Agent,2026-03-01T23:25:00,0.71,escalated_to_human,1493,True
AUD-CH-445-Pro-9963,CH-445,Profile Synthesis Agent,2026-03-01T23:25:09,0.73,escalated_to_human,3811,True
AUD-CH-445-Pre-3461,CH-445,Prediction Agent,2026-03-01T23:25:47,0.91,completed,2017,False
AUD-CH-445-Dom-1564,CH-445,Domain Analysis Agent,2026-03-01T23:26:09,0.87,completed,3057,False
AUD-CH-445-Gui-2758,CH-445,Guideline Generation Agent,2026-03-01T23:26:15,0.75,completed,586,False
AUD-CH-445-Goa-2456,CH-445,Goal Generation Agent,2026-03-01T23:26:29,0.86,completed,4153,False
AUD-CH-445-Mil-8558,CH-445,Milestone Planning Agent,2026-03-01T23:27:10,0.8,completed,856,False
AUD-CH-445-Car-6579,CH-445,Caregiver Guidance Agent,2026-03-01T23:27:45,0.75,completed,3500,False
AUD-CH-445-Eth-3529,CH-445,Ethics and Consent Agent,2026-03-01T23:28:29,0.99,passed,554,False
AUD-CH-445-Bia-9910,CH-445,Bias Monitoring Agent,2026-03-01T23:28:37,0.91,passed,831,False
AUD-CH-445-Dat-8159,CH-445,Data Quality Agent,2026-03-01T23:28:42,0.92,passed,1352,False
AUD-CH-445-Con-2996,CH-445,Confidence and Abstention Agent,2026-03-01T23:28:57,0.91,passed,1849,False
AUD-CH-446-Inp-5821,CH-446,Input Aggregation Agent,2026-03-03T01:17:00,0.97,completed,4251,False
AUD-CH-446-Pro-9635,CH-446,Profile Synthesis Agent,2026-03-03T01:17:16,0.92,completed,1668,False
AUD-CH-446-Pre-9496,CH-446,Prediction Agent,2026-03-03T01:17:42,0.91,completed,5128,False
AUD-CH-446-Dom-3398,CH-446,Domain Analysis Agent,2026-03-03T01:18:26,0.76,completed,4917,False
AUD-CH-446-Gui-9030,CH-446,Guideline Generation Agent,2026-03-03T01:19:07,0.83,completed,185,False
AUD-CH-446-Goa-4555,CH-446,Goal Generation Agent,2026-03-03T01:19:28,0.87,completed,2748,False
AUD-CH-446-Mil-7993,CH-446,Milestone Planning Agent,2026-03-03T01:20:06,0.82,completed,4714,False
AUD-CH-446-Car-6745,CH-446,Caregiver Guidance Agent,2026-03-03T01:20:40,0.97,completed,5597,False
AUD-CH-446-Eth-4070,CH-446,Ethics and Consent Agent,2026-03-03T01:21:13,0.8,flagged_for_review,1580,True
AUD-CH-446-Bia-9642,CH-446,Bias Monitoring Agent,2026-03-03T01:21:21,0.97,passed,2344,False
AUD-CH-446-Dat-5611,CH-446,Data Quality Agent,2026-03-03T01:21:28,0.56,flagged_for_review,1410,True
AUD-CH-446-Con-7207,CH-446,Confidence and Abstention Agent,2026-03-03T01:21:43,0.98,passed,1429,False
AUD-CH-447-Inp-8177,CH-447,Input Aggregation Agent,2026-03-03T01:19:00,0.95,completed,954,False
AUD-CH-447-Pro-1309,CH-447,Profile Synthesis Agent,2026-03-03T01:19:10,0.9,completed,4183,False
AUD-CH-447-Pre-8619,CH-447,Prediction Agent,2026-03-03T01:19:16,0.98,completed,799,False
AUD-CH-447-Dom-3992,CH-447,Domain Analysis Agent,2026-03-03T01:19:42,0.87,completed,3225,False
AUD-CH-447-Gui-9699,CH-447,Guideline Generation Agent,2026-03-03T01:19:55,0.95,completed,898,False
AUD-CH-447-Goa-3622,CH-447,Goal Generation Agent,2026-03-03T01:20:36,0.96,completed,4806,False
AUD-CH-447-Mil-2111,CH-447,Milestone Planning Agent,2026-03-03T01:21:01,0.82,completed,2203,False
AUD-CH-447-Car-1462,CH-447,Caregiver Guidance Agent,2026-03-03T01:21:41,0.74,escalated_to_human,4215,True
AUD-CH-447-Eth-2601,CH-447,Ethics and Consent Agent,2026-03-03T01:22:19,0.98,passed,572,False
AUD-CH-447-Bia-8648,CH-447,Bias Monitoring Agent,2026-03-03T01:22:27,0.91,passed,1243,False
AUD-CH-447-Dat-6550,CH-447,Data Quality Agent,2026-03-03T01:22:39,0.98,passed,2233,False
AUD-CH-447-Con-2848,CH-447,Confidence and Abstention Agent,2026-03-03T01:22:42,0.92,passed,272,False
AUD-CH-448-Inp-2976,CH-448,Input Aggregation Agent,2026-03-03T01:45:00,0.79,completed,1979,False
AUD-CH-448-Pro-5599,CH-448,Profile Synthesis Agent,2026-03-03T01:45:09,0.83,completed,877,False
AUD-CH-448-Pre-9255,CH-448,Prediction Agent,2026-03-03T01:45:12,0.73,escalated_to_human,2862,True
AUD-CH-448-Dom-2233,CH-448,Domain Analysis Agent,2026-03-03T01:45:54,0.82,completed,3502,False
AUD-CH-448-Gui-7612,CH-448,Guideline Generation Agent,2026-03-03T01:46:09,0.77,completed,4808,False
AUD-CH-448-Goa-1313,CH-448,Goal Generation Agent,2026-03-03T01:46:20,0.92,completed,3191,False
AUD-CH-448-Mil-1293,CH-448,Milestone Planning Agent,2026-03-03T01:47:01,0.74,escalated_to_human,5022,True
AUD-CH-448-Car-2701,CH-448,Caregiver Guidance Agent,2026-03-03T01:47:19,0.92,completed,433,False
AUD-CH-448-Eth-7296,CH-448,Ethics and Consent Agent,2026-03-03T01:47:35,0.92,passed,581,False
AUD-CH-448-Bia-8450,CH-448,Bias Monitoring Agent,2026-03-03T01:47:37,0.98,passed,518,False
AUD-CH-448-Dat-2161,CH-448,Data Quality Agent,2026-03-03T01:47:48,0.95,passed,1468,False
AUD-CH-448-Con-6056,CH-448,Confidence and Abstention Agent,2026-03-03T01:47:55,0.98,passed,676,False
AUD-CH-449-Inp-7606,CH-449,Input Aggregation Agent,2026-03-01T19:17:00,0.94,completed,2066,False
AUD-CH-449-Pro-1452,CH-449,Profile Synthesis Agent,2026-03-01T19:17:36,0.96,completed,5152,False
AUD-CH-449-Pre-6752,CH-449,Prediction Agent,2026-03-01T19:18:15,0.84,completed,457,False
AUD-CH-449-Dom-4076,CH-449,Domain Analysis Agent,2026-03-01T19:18:19,0.94,completed,1105,False
AUD-CH-449-Gui-4794,CH-449,Guideline Generation Agent,2026-03-01T19:18:25,0.89,completed,1320,False
AUD-CH-449-Goa-5908,CH-449,Goal Generation Agent,2026-03-01T19:19:02,0.81,completed,1560,False
AUD-CH-449-Mil-1117,CH-449,Milestone Planning Agent,2026-03-01T19:19:20,0.8,completed,3065,False
AUD-CH-449-Car-1691,CH-449,Caregiver Guidance Agent,2026-03-01T19:19:56,0.83,completed,1076,False
AUD-CH-449-Eth-5138,CH-449,Ethics and Consent Agent,2026-03-01T19:20:14,0.94,passed,97,False
AUD-CH-449-Bia-9509,CH-449,Bias Monitoring Agent,2026-03-01T19:20:22,0.92,passed,1172,False
AUD-CH-449-Dat-9611,CH-449,Data Quality Agent,2026-03-01T19:20:25,0.94,passed,829,False
AUD-CH-449-Con-9807,CH-449,Confidence and Abstention Agent,2026-03-01T19:20:30,0.93,passed,2339,False
AUD-CH-450-Inp-4312,CH-450,Input Aggregation Agent,2026-03-01T16:50:00,0.85,completed,1476,False
AUD-CH-450-Pro-6269,CH-450,Profile Synthesis Agent,2026-03-01T16:50:08,0.75,completed,1764,False
AUD-CH-450-Pre-2331,CH-450,Prediction Agent,2026-03-01T16:50:43,0.8,completed,5955,False
AUD-CH-450-Dom-1042,CH-450,Domain Analysis Agent,2026-03-01T16:50:49,0.81,completed,4585,False
AUD-CH-450-Gui-5756,CH-450,Guideline Generation Agent,2026-03-01T16:51:18,0.7,escalated_to_human,2591,True
AUD-CH-450-Goa-7365,CH-450,Goal Generation Agent,2026-03-01T16:51:30,0.69,escalated_to_human,2177,True
AUD-CH-450-Mil-5982,CH-450,Milestone Planning Agent,2026-03-01T16:51:42,0.9,completed,2149,False
AUD-CH-450-Car-4312,CH-450,Caregiver Guidance Agent,2026-03-01T16:51:57,0.95,completed,1220,False
AUD-CH-450-Eth-5752,CH-450,Ethics and Consent Agent,2026-03-01T16:52:23,0.96,passed,763,False
AUD-CH-450-Bia-1262,CH-450,Bias Monitoring Agent,2026-03-01T16:52:35,0.98,passed,993,False
AUD-CH-450-Dat-4760,CH-450,Data Quality Agent,2026-03-01T16:52:44,0.95,passed,984,False
AUD-CH-450-Con-5123,CH-450,Confidence and Abstention Agent,2026-03-01T16:52:53,0.94,passed,464,False
AUD-CH-451-Inp-1771,CH-451,Input Aggregation Agent,2026-03-02T12:41:00,0.92,completed,2990,False
AUD-CH-451-Pro-1333,CH-451,Profile Synthesis Agent,2026-03-02T12:41:17,0.69,escalated_to_human,1972,True
AUD-CH-451-Pre-6302,CH-451,Prediction Agent,2026-03-02T12:41:51,0.95,completed,5428,False
AUD-CH-451-Dom-3623,CH-451,Domain Analysis Agent,2026-03-02T12:42:10,0.94,completed,3835,False
AUD-CH-451-Gui-5416,CH-451,Guideline Generation Agent,2026-03-02T12:42:44,0.9,completed,4632,False
AUD-CH-451-Goa-1279,CH-451,Goal Generation Agent,2026-03-02T12:43:23,0.82,completed,3058,False
AUD-CH-451-Mil-4532,CH-451,Milestone Planning Agent,2026-03-02T12:43:59,0.76,completed,4390,False
AUD-CH-451-Car-4433,CH-451,Caregiver Guidance Agent,2026-03-02T12:44:16,0.95,completed,5983,False
AUD-CH-451-Eth-8203,CH-451,Ethics and Consent Agent,2026-03-02T12:44:42,0.98,passed,2357,False
AUD-CH-451-Bia-6594,CH-451,Bias Monitoring Agent,2026-03-02T12:44:45,0.92,passed,1973,False
AUD-CH-451-Dat-1803,CH-451,Data Quality Agent,2026-03-02T12:44:54,0.96,passed,656,False
AUD-CH-451-Con-6250,CH-451,Confidence and Abstention Agent,2026-03-02T12:44:58,0.95,passed,1437,False
AUD-CH-452-Inp-2108,CH-452,Input Aggregation Agent,2026-03-01T19:39:00,0.69,escalated_to_human,4736,True
AUD-CH-452-Pro-6178,CH-452,Profile Synthesis Agent,2026-03-01T19:39:31,0.87,completed,180,False
AUD-CH-452-Pre-7537,CH-452,Prediction Agent,2026-03-01T19:39:43,0.77,completed,5007,False
AUD-CH-452-Dom-3916,CH-452,Domain Analysis Agent,2026-03-01T19:39:46,0.69,escalated_to_human,5119,True
AUD-CH-452-Gui-4160,CH-452,Guideline Generation Agent,2026-03-01T19:40:17,0.73,escalated_to_human,3490,True
AUD-CH-452-Goa-1850,CH-452,Goal Generation Agent,2026-03-01T19:40:54,0.79,completed,5976,False
AUD-CH-452-Mil-7690,CH-452,Milestone Planning Agent,2026-03-01T19:41:16,0.74,escalated_to_human,922,True
AUD-CH-452-Car-7029,CH-452,Caregiver Guidance Agent,2026-03-01T19:41:37,0.84,completed,4288,False
AUD-CH-452-Eth-6395,CH-452,Ethics and Consent Agent,2026-03-01T19:42:05,0.92,passed,1843,False
AUD-CH-452-Bia-5618,CH-452,Bias Monitoring Agent,2026-03-01T19:42:08,0.93,passed,2076,False
AUD-CH-452-Dat-5538,CH-452,Data Quality Agent,2026-03-01T19:42:20,0.97,passed,1112,False
AUD-CH-452-Con-8778,CH-452,Confidence and Abstention Agent,2026-03-01T19:42:24,0.96,passed,1477,False
AUD-CH-453-Inp-8646,CH-453,Input Aggregation Agent,2026-03-02T23:24:00,0.78,completed,3635,False
AUD-CH-453-Pro-9592,CH-453,Profile Synthesis Agent,2026-03-02T23:24:29,0.69,escalated_to_human,4577,True
AUD-CH-453-Pre-5807,CH-453,Prediction Agent,2026-03-02T23:24:42,0.82,completed,2738,False
AUD-CH-453-Dom-7926,CH-453,Domain Analysis Agent,2026-03-02T23:25:22,0.8,completed,5220,False
AUD-CH-453-Gui-4927,CH-453,Guideline Generation Agent,2026-03-02T23:25:49,0.91,completed,598,False
AUD-CH-453-Goa-7975,CH-453,Goal Generation Agent,2026-03-02T23:25:59,0.91,completed,1183,False
AUD-CH-453-Mil-6009,CH-453,Milestone Planning Agent,2026-03-02T23:26:04,0.92,completed,435,False
AUD-CH-453-Car-2104,CH-453,Caregiver Guidance Agent,2026-03-02T23:26:30,0.69,escalated_to_human,3071,True
AUD-CH-453-Eth-2479,CH-453,Ethics and Consent Agent,2026-03-02T23:26:42,0.92,passed,1967,False
AUD-CH-453-Bia-1041,CH-453,Bias Monitoring Agent,2026-03-02T23:26:53,0.95,passed,1512,False
AUD-CH-453-Dat-8785,CH-453,Data Quality Agent,2026-03-02T23:27:01,0.97,passed,1125,False
AUD-CH-453-Con-8098,CH-453,Confidence and Abstention Agent,2026-03-02T23:27:11,0.99,passed,847,False
AUD-CH-454-Inp-4056,CH-454,Input Aggregation Agent,2026-03-02T01:29:00,0.91,completed,5664,False
AUD-CH-454-Pro-1878,CH-454,Profile Synthesis Agent,2026-03-02T01:29:13,0.77,completed,265,False
AUD-CH-454-Pre-3772,CH-454,Prediction Agent,2026-03-02T01:29:55,0.73,escalated_to_human,1743,True
AUD-CH-454-Dom-7388,CH-454,Domain Analysis Agent,2026-03-02T01:30:16,0.95,completed,5113,False
AUD-CH-454-Gui-9078,CH-454,Guideline Generation Agent,2026-03-02T01:30:20,0.81,completed,2413,False
AUD-CH-454-Goa-1081,CH-454,Goal Generation Agent,2026-03-02T01:30:59,0.93,completed,4063,False
AUD-CH-454-Mil-8982,CH-454,Milestone Planning Agent,2026-03-02T01:31:30,0.88,completed,3232,False
AUD-CH-454-Car-9563,CH-454,Caregiver Guidance Agent,2026-03-02T01:31:47,0.71,escalated_to_human,1830,True
AUD-CH-454-Eth-8426,CH-454,Ethics and Consent Agent,2026-03-02T01:32:20,0.93,passed,2276,False
AUD-CH-454-Bia-3892,CH-454,Bias Monitoring Agent,2026-03-02T01:32:24,0.97,passed,2006,False
AUD-CH-454-Dat-9739,CH-454,Data Quality Agent,2026-03-02T01:32:34,0.93,passed,199,False
AUD-CH-454-Con-1755,CH-454,Confidence and Abstention Agent,2026-03-02T01:32:48,0.92,passed,1410,False
AUD-CH-455-Inp-2043,CH-455,Input Aggregation Agent,2026-03-02T15:24:00,0.99,completed,1151,False
AUD-CH-455-Pro-3992,CH-455,Profile Synthesis Agent,2026-03-02T15:24:11,0.74,escalated_to_human,2699,True
AUD-CH-455-Pre-4432,CH-455,Prediction Agent,2026-03-02T15:24:14,0.83,completed,3018,False
AUD-CH-455-Dom-3943,CH-455,Domain Analysis Agent,2026-03-02T15:24:33,0.79,completed,5555,False
AUD-CH-455-Gui-9391,CH-455,Guideline Generation Agent,2026-03-02T15:24:36,0.74,escalated_to_human,4892,True
AUD-CH-455-Goa-3397,CH-455,Goal Generation Agent,2026-03-02T15:24:53,0.73,escalated_to_human,4397,True
AUD-CH-455-Mil-2290,CH-455,Milestone Planning Agent,2026-03-02T15:25:22,0.79,completed,4866,False
AUD-CH-455-Car-3477,CH-455,Caregiver Guidance Agent,2026-03-02T15:25:43,0.81,completed,2633,False
AUD-CH-455-Eth-5812,CH-455,Ethics and Consent Agent,2026-03-02T15:26:12,0.95,passed,2282,False
AUD-CH-455-Bia-3789,CH-455,Bias Monitoring Agent,2026-03-02T15:26:16,0.95,passed,2175,False
AUD-CH-455-Dat-6363,CH-455,Data Quality Agent,2026-03-02T15:26:27,0.97,passed,1386,False
AUD-CH-455-Con-6023,CH-455,Confidence and Abstention Agent,2026-03-02T15:26:30,0.94,passed,864,False
AUD-CH-456-Inp-6779,CH-456,Input Aggregation Agent,2026-03-02T10:19:00,0.8,completed,209,False
AUD-CH-456-Pro-3958,CH-456,Profile Synthesis Agent,2026-03-02T10:19:37,0.94,completed,3597,False
AUD-CH-456-Pre-9539,CH-456,Prediction Agent,2026-03-02T10:20:12,0.94,completed,2825,False
AUD-CH-456-Dom-2652,CH-456,Domain Analysis Agent,2026-03-02T10:20:21,0.73,escalated_to_human,1866,True
AUD-CH-456-Gui-2304,CH-456,Guideline Generation Agent,2026-03-02T10:20:42,0.84,completed,4990,False
AUD-CH-456-Goa-3641,CH-456,Goal Generation Agent,2026-03-02T10:20:57,0.94,completed,4161,False
AUD-CH-456-Mil-2072,CH-456,Milestone Planning Agent,2026-03-02T10:21:13,0.92,completed,3131,False
AUD-CH-456-Car-3799,CH-456,Caregiver Guidance Agent,2026-03-02T10:21:26,0.88,completed,437,False
AUD-CH-456-Eth-4458,CH-456,Ethics and Consent Agent,2026-03-02T10:21:55,0.98,passed,1985,False
AUD-CH-456-Bia-2975,CH-456,Bias Monitoring Agent,2026-03-02T10:21:57,0.97,passed,1656,False
AUD-CH-456-Dat-1202,CH-456,Data Quality Agent,2026-03-02T10:22:06,0.92,passed,2383,False
AUD-CH-456-Con-9098,CH-456,Confidence and Abstention Agent,2026-03-02T10:22:14,0.95,passed,245,False
AUD-CH-457-Inp-1938,CH-457,Input Aggregation Agent,2026-03-01T19:51:00,0.73,escalated_to_human,5483,True
AUD-CH-457-Pro-8093,CH-457,Profile Synthesis Agent,2026-03-01T19:51:20,0.82,completed,2185,False
AUD-CH-457-Pre-9842,CH-457,Prediction Agent,2026-03-01T19:51:51,0.91,completed,2987,False
AUD-CH-457-Dom-6492,CH-457,Domain Analysis Agent,2026-03-01T19:51:57,0.88,completed,2498,False
AUD-CH-457-Gui-7784,CH-457,Guideline Generation Agent,2026-03-01T19:52:20,0.82,completed,5836,False
AUD-CH-457-Goa-2325,CH-457,Goal Generation Agent,2026-03-01T19:52:39,0.98,completed,2533,False
AUD-CH-457-Mil-3724,CH-457,Milestone Planning Agent,2026-03-01T19:52:50,0.91,completed,1842,False
AUD-CH-457-Car-9455,CH-457,Caregiver Guidance Agent,2026-03-01T19:53:35,0.94,completed,4968,False
AUD-CH-457-Eth-2267,CH-457,Ethics and Consent Agent,2026-03-01T19:53:55,0.95,passed,964,False
AUD-CH-457-Bia-1367,CH-457,Bias Monitoring Agent,2026-03-01T19:54:10,0.97,passed,925,False
AUD-CH-457-Dat-9539,CH-457,Data Quality Agent,2026-03-01T19:54:16,0.91,passed,1147,False
AUD-CH-457-Con-8438,CH-457,Confidence and Abstention Agent,2026-03-01T19:54:26,0.95,passed,1896,False
AUD-CH-458-Inp-7446,CH-458,Input Aggregation Agent,2026-03-01T17:31:00,0.93,completed,1298,False
AUD-CH-458-Pro-5871,CH-458,Profile Synthesis Agent,2026-03-01T17:31:14,0.74,escalated_to_human,1799,True
AUD-CH-458-Pre-2366,CH-458,Prediction Agent,2026-03-01T17:31:19,0.98,completed,3854,False
AUD-CH-458-Dom-8735,CH-458,Domain Analysis Agent,2026-03-01T17:31:52,0.79,completed,5496,False
AUD-CH-458-Gui-8749,CH-458,Guideline Generation Agent,2026-03-01T17:31:55,0.9,completed,1441,False
AUD-CH-458-Goa-7341,CH-458,Goal Generation Agent,2026-03-01T17:32:31,0.95,completed,1894,False
AUD-CH-458-Mil-8353,CH-458,Milestone Planning Agent,2026-03-01T17:33:11,0.92,completed,2101,False
AUD-CH-458-Car-7268,CH-458,Caregiver Guidance Agent,2026-03-01T17:33:14,0.94,completed,1909,False
AUD-CH-458-Eth-6218,CH-458,Ethics and Consent Agent,2026-03-01T17:33:28,0.97,passed,734,False
AUD-CH-458-Bia-9924,CH-458,Bias Monitoring Agent,2026-03-01T17:33:37,0.98,passed,1585,False
AUD-CH-458-Dat-3854,CH-458,Data Quality Agent,2026-03-01T17:33:50,0.91,passed,2430,False
AUD-CH-458-Con-1882,CH-458,Confidence and Abstention Agent,2026-03-01T17:33:56,0.81,flagged_for_review,994,True
AUD-CH-459-Inp-6627,CH-459,Input Aggregation Agent,2026-03-01T19:15:00,0.72,escalated_to_human,1628,True
AUD-CH-459-Pro-2525,CH-459,Profile Synthesis Agent,2026-03-01T19:15:20,0.86,completed,4594,False
AUD-CH-459-Pre-7592,CH-459,Prediction Agent,2026-03-01T19:15:58,0.94,completed,4386,False
AUD-CH-459-Dom-6677,CH-459,Domain Analysis Agent,2026-03-01T19:16:06,0.92,completed,1732,False
AUD-CH-459-Gui-1274,CH-459,Guideline Generation Agent,2026-03-01T19:16:31,0.9,completed,2813,False
AUD-CH-459-Goa-9633,CH-459,Goal Generation Agent,2026-03-01T19:16:37,0.9,completed,2596,False
AUD-CH-459-Mil-3197,CH-459,Milestone Planning Agent,2026-03-01T19:17:16,0.93,completed,2555,False
AUD-CH-459-Car-6276,CH-459,Caregiver Guidance Agent,2026-03-01T19:17:27,0.82,completed,1010,False
AUD-CH-459-Eth-6322,CH-459,Ethics and Consent Agent,2026-03-01T19:18:02,0.96,passed,1856,False
AUD-CH-459-Bia-6186,CH-459,Bias Monitoring Agent,2026-03-01T19:18:14,0.94,passed,678,False
AUD-CH-459-Dat-6716,CH-459,Data Quality Agent,2026-03-01T19:18:22,0.97,passed,401,False
AUD-CH-459-Con-8311,CH-459,Confidence and Abstention Agent,2026-03-01T19:18:30,0.86,flagged_for_review,833,True
AUD-CH-460-Inp-7581,CH-460,Input Aggregation Agent,2026-03-02T03:47:00,0.95,completed,169,False
AUD-CH-460-Pro-5479,CH-460,Profile Synthesis Agent,2026-03-02T03:47:07,0.72,escalated_to_human,5461,True
AUD-CH-460-Pre-1626,CH-460,Prediction Agent,2026-03-02T03:47:22,0.8,completed,3806,False
AUD-CH-460-Dom-6609,CH-460,Domain Analysis Agent,2026-03-02T03:47:49,0.85,completed,4281,False
AUD-CH-460-Gui-3318,CH-460,Guideline Generation Agent,2026-03-02T03:48:33,0.85,completed,2459,False
AUD-CH-460-Goa-6571,CH-460,Goal Generation Agent,2026-03-02T03:48:56,0.71,escalated_to_human,292,True
AUD-CH-460-Mil-7994,CH-460,Milestone Planning Agent,2026-03-02T03:49:03,0.74,escalated_to_human,1480,True
AUD-CH-460-Car-8796,CH-460,Caregiver Guidance Agent,2026-03-02T03:49:27,0.92,completed,4935,False
AUD-CH-460-Eth-3351,CH-460,Ethics and Consent Agent,2026-03-02T03:49:52,0.97,passed,691,False
AUD-CH-460-Bia-5724,CH-460,Bias Monitoring Agent,2026-03-02T03:50:01,0.98,passed,1919,False
AUD-CH-460-Dat-6530,CH-460,Data Quality Agent,2026-03-02T03:50:15,0.93,passed,1917,False
AUD-CH-460-Con-8485,CH-460,Confidence and Abstention Agent,2026-03-02T03:50:22,0.95,passed,2185,False
AUD-CH-461-Inp-8898,CH-461,Input Aggregation Agent,2026-03-01T15:19:00,0.95,completed,3666,False
AUD-CH-461-Pro-9391,CH-461,Profile Synthesis Agent,2026-03-01T15:19:07,0.74,escalated_to_human,2666,True
AUD-CH-461-Pre-3228,CH-461,Prediction Agent,2026-03-01T15:19:25,0.99,completed,1604,False
AUD-CH-461-Dom-8266,CH-461,Domain Analysis Agent,2026-03-01T15:19:53,0.76,completed,5065,False
AUD-CH-461-Gui-2203,CH-461,Guideline Generation Agent,2026-03-01T15:20:15,0.76,completed,5667,False
AUD-CH-461-Goa-8302,CH-461,Goal Generation Agent,2026-03-01T15:20:41,0.84,completed,2227,False
AUD-CH-461-Mil-8420,CH-461,Milestone Planning Agent,2026-03-01T15:21:17,0.77,completed,4863,False
AUD-CH-461-Car-3765,CH-461,Caregiver Guidance Agent,2026-03-01T15:21:25,0.72,escalated_to_human,2465,True
AUD-CH-461-Eth-1263,CH-461,Ethics and Consent Agent,2026-03-01T15:21:59,0.97,passed,1473,False
AUD-CH-461-Bia-5685,CH-461,Bias Monitoring Agent,2026-03-01T15:22:10,0.91,passed,2266,False
AUD-CH-461-Dat-2491,CH-461,Data Quality Agent,2026-03-01T15:22:14,0.97,passed,1072,False
AUD-CH-461-Con-5328,CH-461,Confidence and Abstention Agent,2026-03-01T15:22:29,0.94,passed,118,False
AUD-CH-462-Inp-4745,CH-462,Input Aggregation Agent,2026-03-03T01:50:00,0.88,completed,4346,False
AUD-CH-462-Pro-3505,CH-462,Profile Synthesis Agent,2026-03-03T01:50:22,0.9,completed,3455,False
AUD-CH-462-Pre-9097,CH-462,Prediction Agent,2026-03-03T01:50:47,0.87,completed,698,False
AUD-CH-462-Dom-8079,CH-462,Domain Analysis Agent,2026-03-03T01:50:52,0.82,completed,1318,False
AUD-CH-462-Gui-6195,CH-462,Guideline Generation Agent,2026-03-03T01:51:17,0.71,escalated_to_human,1883,True
AUD-CH-462-Goa-2275,CH-462,Goal Generation Agent,2026-03-03T01:51:52,0.83,completed,5502,False
AUD-CH-462-Mil-8088,CH-462,Milestone Planning Agent,2026-03-03T01:52:31,0.84,completed,4784,False
AUD-CH-462-Car-2452,CH-462,Caregiver Guidance Agent,2026-03-03T01:52:55,0.73,escalated_to_human,630,True
AUD-CH-462-Eth-8464,CH-462,Ethics and Consent Agent,2026-03-03T01:53:21,0.93,passed,1600,False
AUD-CH-462-Bia-8036,CH-462,Bias Monitoring Agent,2026-03-03T01:53:28,0.93,passed,1218,False
AUD-CH-462-Dat-2091,CH-462,Data Quality Agent,2026-03-03T01:53:37,0.94,passed,138,False
AUD-CH-462-Con-1868,CH-462,Confidence and Abstention Agent,2026-03-03T01:53:50,0.92,passed,2489,False
AUD-CH-463-Inp-5453,CH-463,Input Aggregation Agent,2026-03-02T11:44:00,0.73,escalated_to_human,4772,True
AUD-CH-463-Pro-5796,CH-463,Profile Synthesis Agent,2026-03-02T11:44:22,0.98,completed,2847,False
AUD-CH-463-Pre-3502,CH-463,Prediction Agent,2026-03-02T11:44:57,0.95,completed,4688,False
AUD-CH-463-Dom-1113,CH-463,Domain Analysis Agent,2026-03-02T11:45:09,0.98,completed,5204,False
AUD-CH-463-Gui-8430,CH-463,Guideline Generation Agent,2026-03-02T11:45:22,0.73,escalated_to_human,4152,True
AUD-CH-463-Goa-6182,CH-463,Goal Generation Agent,2026-03-02T11:45:55,0.73,escalated_to_human,548,True
AUD-CH-463-Mil-2474,CH-463,Milestone Planning Agent,2026-03-02T11:46:39,0.83,completed,5072,False
AUD-CH-463-Car-3976,CH-463,Caregiver Guidance Agent,2026-03-02T11:47:07,0.8,completed,836,False
AUD-CH-463-Eth-2472,CH-463,Ethics and Consent Agent,2026-03-02T11:47:28,0.91,passed,751,False
AUD-CH-463-Bia-1697,CH-463,Bias Monitoring Agent,2026-03-02T11:47:37,0.91,passed,915,False
AUD-CH-463-Dat-4128,CH-463,Data Quality Agent,2026-03-02T11:47:39,0.96,passed,2488,False
AUD-CH-463-Con-5838,CH-463,Confidence and Abstention Agent,2026-03-02T11:47:44,0.95,passed,1267,False
AUD-CH-464-Inp-3990,CH-464,Input Aggregation Agent,2026-03-01T17:06:00,0.87,completed,5256,False
AUD-CH-464-Pro-1879,CH-464,Profile Synthesis Agent,2026-03-01T17:06:38,0.91,completed,2119,False
AUD-CH-464-Pre-5965,CH-464,Prediction Agent,2026-03-01T17:06:45,0.78,completed,3698,False
AUD-CH-464-Dom-8028,CH-464,Domain Analysis Agent,2026-03-01T17:07:21,0.8,completed,3125,False
AUD-CH-464-Gui-2531,CH-464,Guideline Generation Agent,2026-03-01T17:08:04,0.86,completed,672,False
AUD-CH-464-Goa-4273,CH-464,Goal Generation Agent,2026-03-01T17:08:27,0.92,completed,511,False
AUD-CH-464-Mil-2391,CH-464,Milestone Planning Agent,2026-03-01T17:08:38,0.75,completed,5337,False
AUD-CH-464-Car-9961,CH-464,Caregiver Guidance Agent,2026-03-01T17:09:04,0.82,completed,3735,False
AUD-CH-464-Eth-5796,CH-464,Ethics and Consent Agent,2026-03-01T17:09:48,0.94,passed,337,False
AUD-CH-464-Bia-1740,CH-464,Bias Monitoring Agent,2026-03-01T17:09:55,0.97,passed,2278,False
AUD-CH-464-Dat-9198,CH-464,Data Quality Agent,2026-03-01T17:10:04,0.93,passed,2288,False
AUD-CH-464-Con-9921,CH-464,Confidence and Abstention Agent,2026-03-01T17:10:11,0.94,passed,1990,False
AUD-CH-465-Inp-2903,CH-465,Input Aggregation Agent,2026-03-02T12:18:00,0.87,completed,630,False
AUD-CH-465-Pro-2710,CH-465,Profile Synthesis Agent,2026-03-02T12:18:34,0.92,completed,5859,False
AUD-CH-465-Pre-8519,CH-465,Prediction Agent,2026-03-02T12:19:03,0.83,completed,1010,False
AUD-CH-465-Dom-3357,CH-465,Domain Analysis Agent,2026-03-02T12:19:31,0.99,completed,4555,False
AUD-CH-465-Gui-2606,CH-465,Guideline Generation Agent,2026-03-02T12:19:40,0.78,completed,3913,False
AUD-CH-465-Goa-2800,CH-465,Goal Generation Agent,2026-03-02T12:19:49,0.72,escalated_to_human,1879,True
AUD-CH-465-Mil-3561,CH-465,Milestone Planning Agent,2026-03-02T12:20:34,0.83,completed,2586,False
AUD-CH-465-Car-2853,CH-465,Caregiver Guidance Agent,2026-03-02T12:20:38,0.72,escalated_to_human,5413,True
AUD-CH-465-Eth-5629,CH-465,Ethics and Consent Agent,2026-03-02T12:21:21,0.99,passed,92,False
AUD-CH-465-Bia-6657,CH-465,Bias Monitoring Agent,2026-03-02T12:21:23,0.91,passed,1124,False
AUD-CH-465-Dat-9341,CH-465,Data Quality Agent,2026-03-02T12:21:35,0.92,passed,1503,False
AUD-CH-465-Con-8835,CH-465,Confidence and Abstention Agent,2026-03-02T12:21:37,0.96,passed,95,False
AUD-CH-466-Inp-9057,CH-466,Input Aggregation Agent,2026-03-03T00:01:00,0.76,completed,4547,False
AUD-CH-466-Pro-8059,CH-466,Profile Synthesis Agent,2026-03-03T00:01:13,0.86,completed,5954,False
AUD-CH-466-Pre-6311,CH-466,Prediction Agent,2026-03-03T00:01:18,0.81,completed,168,False
AUD-CH-466-Dom-2802,CH-466,Domain Analysis Agent,2026-03-03T00:01:32,0.76,completed,3736,False
AUD-CH-466-Gui-9707,CH-466,Guideline Generation Agent,2026-03-03T00:01:50,0.97,completed,1674,False
AUD-CH-466-Goa-6490,CH-466,Goal Generation Agent,2026-03-03T00:02:25,0.7,escalated_to_human,4708,True
AUD-CH-466-Mil-1928,CH-466,Milestone Planning Agent,2026-03-03T00:02:28,0.72,escalated_to_human,5799,True
AUD-CH-466-Car-7564,CH-466,Caregiver Guidance Agent,2026-03-03T00:03:10,0.69,escalated_to_human,2165,True
AUD-CH-466-Eth-5761,CH-466,Ethics and Consent Agent,2026-03-03T00:03:34,0.92,passed,939,False
AUD-CH-466-Bia-1778,CH-466,Bias Monitoring Agent,2026-03-03T00:03:42,0.93,passed,2230,False
AUD-CH-466-Dat-1337,CH-466,Data Quality Agent,2026-03-03T00:03:49,0.93,passed,177,False
AUD-CH-466-Con-9794,CH-466,Confidence and Abstention Agent,2026-03-03T00:03:58,0.95,passed,1489,False
AUD-CH-467-Inp-4920,CH-467,Input Aggregation Agent,2026-03-02T01:58:00,0.8,completed,2948,False
AUD-CH-467-Pro-4085,CH-467,Profile Synthesis Agent,2026-03-02T01:58:18,0.9,completed,3926,False
AUD-CH-467-Pre-3742,CH-467,Prediction Agent,2026-03-02T01:58:24,0.72,escalated_to_human,3611,True
AUD-CH-467-Dom-7731,CH-467,Domain Analysis Agent,2026-03-02T01:58:59,0.79,completed,2102,False
AUD-CH-467-Gui-2518,CH-467,Guideline Generation Agent,2026-03-02T01:59:16,0.72,escalated_to_human,735,True
AUD-CH-467-Goa-4725,CH-467,Goal Generation Agent,2026-03-02T01:59:34,0.79,completed,2693,False
AUD-CH-467-Mil-5904,CH-467,Milestone Planning Agent,2026-03-02T02:00:18,0.82,completed,382,False
AUD-CH-467-Car-6489,CH-467,Caregiver Guidance Agent,2026-03-02T02:00:47,0.82,completed,4504,False
AUD-CH-467-Eth-8442,CH-467,Ethics and Consent Agent,2026-03-02T02:01:23,0.94,passed,1906,False
AUD-CH-467-Bia-8134,CH-467,Bias Monitoring Agent,2026-03-02T02:01:30,0.94,passed,440,False
AUD-CH-467-Dat-8963,CH-467,Data Quality Agent,2026-03-02T02:01:34,0.85,flagged_for_review,2037,True
AUD-CH-467-Con-3283,CH-467,Confidence and Abstention Agent,2026-03-02T02:01:40,0.95,passed,1205,False
AUD-CH-468-Inp-7682,CH-468,Input Aggregation Agent,2026-03-02T09:27:00,0.78,completed,2323,False
AUD-CH-468-Pro-1083,CH-468,Profile Synthesis Agent,2026-03-02T09:27:22,0.94,completed,3016,False
AUD-CH-468-Pre-3976,CH-468,Prediction Agent,2026-03-02T09:27:25,0.9,completed,5581,False
AUD-CH-468-Dom-2072,CH-468,Domain Analysis Agent,2026-03-02T09:27:46,0.73,escalated_to_human,1582,True
AUD-CH-468-Gui-4980,CH-468,Guideline Generation Agent,2026-03-02T09:27:59,0.77,completed,1763,False
AUD-CH-468-Goa-5176,CH-468,Goal Generation Agent,2026-03-02T09:28:41,0.79,completed,3708,False
AUD-CH-468-Mil-7084,CH-468,Milestone Planning Agent,2026-03-02T09:28:46,0.89,completed,2338,False
AUD-CH-468-Car-7932,CH-468,Caregiver Guidance Agent,2026-03-02T09:29:13,0.98,completed,5943,False
AUD-CH-468-Eth-4616,CH-468,Ethics and Consent Agent,2026-03-02T09:29:24,0.79,flagged_for_review,1532,True
AUD-CH-468-Bia-7023,CH-468,Bias Monitoring Agent,2026-03-02T09:29:33,0.95,passed,1580,False
AUD-CH-468-Dat-4523,CH-468,Data Quality Agent,2026-03-02T09:29:44,0.94,passed,1969,False
AUD-CH-468-Con-1809,CH-468,Confidence and Abstention Agent,2026-03-02T09:29:53,0.63,flagged_for_review,1619,True
AUD-CH-469-Inp-3202,CH-469,Input Aggregation Agent,2026-03-02T02:02:00,0.91,completed,2712,False
AUD-CH-469-Pro-3125,CH-469,Profile Synthesis Agent,2026-03-02T02:02:20,0.98,completed,4634,False
AUD-CH-469-Pre-8425,CH-469,Prediction Agent,2026-03-02T02:02:27,0.86,completed,1277,False
AUD-CH-469-Dom-4643,CH-469,Domain Analysis Agent,2026-03-02T02:02:59,0.78,completed,945,False
AUD-CH-469-Gui-3557,CH-469,Guideline Generation Agent,2026-03-02T02:03:09,0.77,completed,5202,False
AUD-CH-469-Goa-1752,CH-469,Goal Generation Agent,2026-03-02T02:03:15,0.79,completed,4956,False
AUD-CH-469-Mil-5209,CH-469,Milestone Planning Agent,2026-03-02T02:03:34,0.82,completed,4395,False
AUD-CH-469-Car-5795,CH-469,Caregiver Guidance Agent,2026-03-02T02:04:11,0.78,completed,5621,False
AUD-CH-469-Eth-6032,CH-469,Ethics and Consent Agent,2026-03-02T02:04:43,0.98,passed,1099,False
AUD-CH-469-Bia-3047,CH-469,Bias Monitoring Agent,2026-03-02T02:04:47,0.97,passed,627,False
AUD-CH-469-Dat-6022,CH-469,Data Quality Agent,2026-03-02T02:05:00,0.98,passed,1775,False
AUD-CH-469-Con-2587,CH-469,Confidence and Abstention Agent,2026-03-02T02:05:07,0.97,passed,1910,False
AUD-CH-470-Inp-6502,CH-470,Input Aggregation Agent,2026-03-03T04:16:00,0.82,completed,3764,False
AUD-CH-470-Pro-4443,CH-470,Profile Synthesis Agent,2026-03-03T04:16:25,0.85,completed,2923,False
AUD-CH-470-Pre-4282,CH-470,Prediction Agent,2026-03-03T04:16:31,0.75,completed,4972,False
AUD-CH-470-Dom-1015,CH-470,Domain Analysis Agent,2026-03-03T04:16:56,0.86,completed,2569,False
AUD-CH-470-Gui-3934,CH-470,Guideline Generation Agent,2026-03-03T04:17:25,0.78,completed,4701,False
AUD-CH-470-Goa-1410,CH-470,Goal Generation Agent,2026-03-03T04:17:29,0.98,completed,1907,False
AUD-CH-470-Mil-1800,CH-470,Milestone Planning Agent,2026-03-03T04:18:05,0.78,completed,2107,False
AUD-CH-470-Car-5981,CH-470,Caregiver Guidance Agent,2026-03-03T04:18:10,0.88,completed,2320,False
AUD-CH-470-Eth-5085,CH-470,Ethics and Consent Agent,2026-03-03T04:18:18,0.96,passed,1422,False
AUD-CH-470-Bia-3831,CH-470,Bias Monitoring Agent,2026-03-03T04:18:23,0.97,passed,2034,False
AUD-CH-470-Dat-9871,CH-470,Data Quality Agent,2026-03-03T04:18:36,0.98,passed,647,False
AUD-CH-470-Con-8228,CH-470,Confidence and Abstention Agent,2026-03-03T04:18:38,0.91,passed,1169,False
AUD-CH-471-Inp-6924,CH-471,Input Aggregation Agent,2026-03-01T21:02:00,0.95,completed,1349,False
AUD-CH-471-Pro-1945,CH-471,Profile Synthesis Agent,2026-03-01T21:02:30,0.69,escalated_to_human,947,True
AUD-CH-471-Pre-1665,CH-471,Prediction Agent,2026-03-01T21:02:46,0.81,completed,2768,False
AUD-CH-471-Dom-9629,CH-471,Domain Analysis Agent,2026-03-01T21:03:23,0.85,completed,1250,False
AUD-CH-471-Gui-2174,CH-471,Guideline Generation Agent,2026-03-01T21:04:04,0.87,completed,2408,False
AUD-CH-471-Goa-4298,CH-471,Goal Generation Agent,2026-03-01T21:04:49,0.83,completed,5874,False
AUD-CH-471-Mil-1017,CH-471,Milestone Planning Agent,2026-03-01T21:05:19,0.86,completed,337,False
AUD-CH-471-Car-6284,CH-471,Caregiver Guidance Agent,2026-03-01T21:05:56,0.76,completed,452,False
AUD-CH-471-Eth-2819,CH-471,Ethics and Consent Agent,2026-03-01T21:05:59,0.94,passed,1152,False
AUD-CH-471-Bia-8100,CH-471,Bias Monitoring Agent,2026-03-01T21:06:11,0.96,passed,1375,False
AUD-CH-471-Dat-5361,CH-471,Data Quality Agent,2026-03-01T21:06:18,0.93,passed,1572,False
AUD-CH-471-Con-4698,CH-471,Confidence and Abstention Agent,2026-03-01T21:06:29,0.94,passed,2375,False
AUD-CH-472-Inp-9949,CH-472,Input Aggregation Agent,2026-03-02T07:20:00,0.75,completed,5836,False
AUD-CH-472-Pro-1628,CH-472,Profile Synthesis Agent,2026-03-02T07:20:41,0.76,completed,5260,False
AUD-CH-472-Pre-8973,CH-472,Prediction Agent,2026-03-02T07:21:26,0.74,escalated_to_human,5545,True
AUD-CH-472-Dom-9929,CH-472,Domain Analysis Agent,2026-03-02T07:22:05,0.83,completed,4051,False
AUD-CH-472-Gui-5235,CH-472,Guideline Generation Agent,2026-03-02T07:22:21,0.69,escalated_to_human,4587,True
AUD-CH-472-Goa-1717,CH-472,Goal Generation Agent,2026-03-02T07:22:59,0.95,completed,5891,False
AUD-CH-472-Mil-7946,CH-472,Milestone Planning Agent,2026-03-02T07:23:06,0.86,completed,672,False
AUD-CH-472-Car-3384,CH-472,Caregiver Guidance Agent,2026-03-02T07:23:27,0.72,escalated_to_human,5981,True
AUD-CH-472-Eth-6511,CH-472,Ethics and Consent Agent,2026-03-02T07:24:09,0.95,passed,2266,False
AUD-CH-472-Bia-4287,CH-472,Bias Monitoring Agent,2026-03-02T07:24:16,0.98,passed,162,False
AUD-CH-472-Dat-5564,CH-472,Data Quality Agent,2026-03-02T07:24:27,0.95,passed,924,False
AUD-CH-472-Con-4818,CH-472,Confidence and Abstention Agent,2026-03-02T07:24:31,0.98,passed,618,False
AUD-CH-473-Inp-6292,CH-473,Input Aggregation Agent,2026-03-01T16:50:00,0.99,completed,4631,False
AUD-CH-473-Pro-1764,CH-473,Profile Synthesis Agent,2026-03-01T16:50:45,0.8,completed,2362,False
AUD-CH-473-Pre-7843,CH-473,Prediction Agent,2026-03-01T16:50:56,0.93,completed,5132,False
AUD-CH-473-Dom-9836,CH-473,Domain Analysis Agent,2026-03-01T16:51:15,0.86,completed,1258,False
AUD-CH-473-Gui-1553,CH-473,Guideline Generation Agent,2026-03-01T16:52:00,0.91,completed,1981,False
AUD-CH-473-Goa-4431,CH-473,Goal Generation Agent,2026-03-01T16:52:39,0.91,completed,286,False
AUD-CH-473-Mil-2145,CH-473,Milestone Planning Agent,2026-03-01T16:53:19,0.93,completed,3228,False
AUD-CH-473-Car-8832,CH-473,Caregiver Guidance Agent,2026-03-01T16:53:57,0.93,completed,1238,False
AUD-CH-473-Eth-2809,CH-473,Ethics and Consent Agent,2026-03-01T16:54:34,0.98,passed,1821,False
AUD-CH-473-Bia-8793,CH-473,Bias Monitoring Agent,2026-03-01T16:54:38,0.99,passed,1022,False
AUD-CH-473-Dat-4778,CH-473,Data Quality Agent,2026-03-01T16:54:47,0.94,passed,2238,False
AUD-CH-473-Con-6194,CH-473,Confidence and Abstention Agent,2026-03-01T16:54:59,0.92,passed,827,False
AUD-CH-474-Inp-9021,CH-474,Input Aggregation Agent,2026-03-01T14:02:00,0.73,escalated_to_human,2704,True
AUD-CH-474-Pro-1667,CH-474,Profile Synthesis Agent,2026-03-01T14:02:44,0.98,completed,949,False
AUD-CH-474-Pre-1139,CH-474,Prediction Agent,2026-03-01T14:03:01,0.69,escalated_to_human,2879,True
AUD-CH-474-Dom-9587,CH-474,Domain Analysis Agent,2026-03-01T14:03:35,0.85,completed,3536,False
AUD-CH-474-Gui-6102,CH-474,Guideline Generation Agent,2026-03-01T14:03:52,0.77,completed,5060,False
AUD-CH-474-Goa-1613,CH-474,Goal Generation Agent,2026-03-01T14:04:12,0.82,completed,4846,False
AUD-CH-474-Mil-3452,CH-474,Milestone Planning Agent,2026-03-01T14:04:35,0.95,completed,5223,False
AUD-CH-474-Car-5842,CH-474,Caregiver Guidance Agent,2026-03-01T14:05:15,0.68,escalated_to_human,2495,True
AUD-CH-474-Eth-9608,CH-474,Ethics and Consent Agent,2026-03-01T14:05:24,0.92,passed,747,False
AUD-CH-474-Bia-5651,CH-474,Bias Monitoring Agent,2026-03-01T14:05:31,0.98,passed,1667,False
AUD-CH-474-Dat-6108,CH-474,Data Quality Agent,2026-03-01T14:05:38,0.98,passed,1163,False
AUD-CH-474-Con-9187,CH-474,Confidence and Abstention Agent,2026-03-01T14:05:51,0.98,passed,1281,False
AUD-CH-475-Inp-7432,CH-475,Input Aggregation Agent,2026-03-01T08:24:00,0.93,completed,1122,False
AUD-CH-475-Pro-4799,CH-475,Profile Synthesis Agent,2026-03-01T08:24:31,0.92,completed,3787,False
AUD-CH-475-Pre-9191,CH-475,Prediction Agent,2026-03-01T08:24:40,0.84,completed,3818,False
AUD-CH-475-Dom-3136,CH-475,Domain Analysis Agent,2026-03-01T08:24:47,0.92,completed,5851,False
AUD-CH-475-Gui-6153,CH-475,Guideline Generation Agent,2026-03-01T08:25:06,0.73,escalated_to_human,4513,True
AUD-CH-475-Goa-7354,CH-475,Goal Generation Agent,2026-03-01T08:25:35,0.96,completed,1057,False
AUD-CH-475-Mil-3893,CH-475,Milestone Planning Agent,2026-03-01T08:25:58,0.93,completed,5886,False
AUD-CH-475-Car-2107,CH-475,Caregiver Guidance Agent,2026-03-01T08:26:11,0.92,completed,1115,False
AUD-CH-475-Eth-2045,CH-475,Ethics and Consent Agent,2026-03-01T08:26:52,0.94,passed,958,False
AUD-CH-475-Bia-1079,CH-475,Bias Monitoring Agent,2026-03-01T08:27:06,0.95,passed,1736,False
AUD-CH-475-Dat-3202,CH-475,Data Quality Agent,2026-03-01T08:27:09,0.96,passed,817,False
AUD-CH-475-Con-5097,CH-475,Confidence and Abstention Agent,2026-03-01T08:27:12,0.97,passed,2376,False
AUD-CH-476-Inp-7720,CH-476,Input Aggregation Agent,2026-03-02T15:54:00,0.89,completed,4230,False
AUD-CH-476-Pro-1095,CH-476,Profile Synthesis Agent,2026-03-02T15:54:16,0.78,completed,4649,False
AUD-CH-476-Pre-5878,CH-476,Prediction Agent,2026-03-02T15:54:42,0.78,completed,3982,False
AUD-CH-476-Dom-3834,CH-476,Domain Analysis Agent,2026-03-02T15:55:13,0.83,completed,4020,False
AUD-CH-476-Gui-2204,CH-476,Guideline Generation Agent,2026-03-02T15:55:48,0.78,completed,582,False
AUD-CH-476-Goa-5453,CH-476,Goal Generation Agent,2026-03-02T15:56:31,0.97,completed,1079,False
AUD-CH-476-Mil-2763,CH-476,Milestone Planning Agent,2026-03-02T15:56:39,0.91,completed,1539,False
AUD-CH-476-Car-9504,CH-476,Caregiver Guidance Agent,2026-03-02T15:56:46,0.72,escalated_to_human,5116,True
AUD-CH-476-Eth-4141,CH-476,Ethics and Consent Agent,2026-03-02T15:57:26,0.94,passed,1082,False
AUD-CH-476-Bia-4193,CH-476,Bias Monitoring Agent,2026-03-02T15:57:30,0.95,passed,1689,False
AUD-CH-476-Dat-2954,CH-476,Data Quality Agent,2026-03-02T15:57:35,0.98,passed,892,False
AUD-CH-476-Con-2247,CH-476,Confidence and Abstention Agent,2026-03-02T15:57:50,0.94,passed,2122,False
AUD-CH-477-Inp-1753,CH-477,Input Aggregation Agent,2026-03-03T05:42:00,0.86,completed,5025,False
AUD-CH-477-Pro-6901,CH-477,Profile Synthesis Agent,2026-03-03T05:42:44,0.83,completed,2050,False
AUD-CH-477-Pre-4016,CH-477,Prediction Agent,2026-03-03T05:42:54,0.94,completed,4543,False
AUD-CH-477-Dom-4696,CH-477,Domain Analysis Agent,2026-03-03T05:43:35,0.68,escalated_to_human,2720,True
AUD-CH-477-Gui-4757,CH-477,Guideline Generation Agent,2026-03-03T05:43:54,0.95,completed,5818,False
AUD-CH-477-Goa-9800,CH-477,Goal Generation Agent,2026-03-03T05:44:34,0.73,escalated_to_human,4601,True
AUD-CH-477-Mil-2338,CH-477,Milestone Planning Agent,2026-03-03T05:44:49,0.74,escalated_to_human,2437,True
AUD-CH-477-Car-8422,CH-477,Caregiver Guidance Agent,2026-03-03T05:45:06,0.86,completed,1244,False
AUD-CH-477-Eth-2212,CH-477,Ethics and Consent Agent,2026-03-03T05:45:31,0.98,passed,792,False
AUD-CH-477-Bia-1964,CH-477,Bias Monitoring Agent,2026-03-03T05:45:45,0.92,passed,1879,False
AUD-CH-477-Dat-4549,CH-477,Data Quality Agent,2026-03-03T05:45:49,0.92,passed,864,False
AUD-CH-477-Con-5860,CH-477,Confidence and Abstention Agent,2026-03-03T05:45:57,0.94,passed,187,False
AUD-CH-478-Inp-5815,CH-478,Input Aggregation Agent,2026-03-02T10:17:00,0.9,completed,717,False
AUD-CH-478-Pro-4288,CH-478,Profile Synthesis Agent,2026-03-02T10:17:06,0.88,completed,2476,False
AUD-CH-478-Pre-2292,CH-478,Prediction Agent,2026-03-02T10:17:24,0.71,escalated_to_human,5963,True
AUD-CH-478-Dom-1387,CH-478,Domain Analysis Agent,2026-03-02T10:17:28,0.95,completed,958,False
AUD-CH-478-Gui-5806,CH-478,Guideline Generation Agent,2026-03-02T10:18:12,0.69,escalated_to_human,5203,True
AUD-CH-478-Goa-3037,CH-478,Goal Generation Agent,2026-03-02T10:18:54,0.94,completed,3685,False
AUD-CH-478-Mil-7207,CH-478,Milestone Planning Agent,2026-03-02T10:19:36,0.91,completed,5193,False
AUD-CH-478-Car-2346,CH-478,Caregiver Guidance Agent,2026-03-02T10:19:42,0.93,completed,4218,False
AUD-CH-478-Eth-5826,CH-478,Ethics and Consent Agent,2026-03-02T10:19:55,0.92,passed,2236,False
AUD-CH-478-Bia-8596,CH-478,Bias Monitoring Agent,2026-03-02T10:20:09,0.94,passed,2399,False
AUD-CH-478-Dat-7510,CH-478,Data Quality Agent,2026-03-02T10:20:13,0.95,passed,1301,False
AUD-CH-478-Con-6039,CH-478,Confidence and Abstention Agent,2026-03-02T10:20:28,0.99,passed,2263,False
AUD-CH-479-Inp-9849,CH-479,Input Aggregation Agent,2026-03-02T08:49:00,0.87,completed,2113,False
AUD-CH-479-Pro-2001,CH-479,Profile Synthesis Agent,2026-03-02T08:49:33,0.94,completed,4997,False
AUD-CH-479-Pre-2405,CH-479,Prediction Agent,2026-03-02T08:49:42,0.86,completed,1482,False
AUD-CH-479-Dom-9103,CH-479,Domain Analysis Agent,2026-03-02T08:50:23,0.81,completed,4414,False
AUD-CH-479-Gui-4486,CH-479,Guideline Generation Agent,2026-03-02T08:50:31,0.9,completed,4322,False
AUD-CH-479-Goa-2861,CH-479,Goal Generation Agent,2026-03-02T08:50:34,0.77,completed,1788,False
AUD-CH-479-Mil-2040,CH-479,Milestone Planning Agent,2026-03-02T08:50:43,0.73,escalated_to_human,3940,True
AUD-CH-479-Car-2243,CH-479,Caregiver Guidance Agent,2026-03-02T08:51:19,0.94,completed,2896,False
AUD-CH-479-Eth-2769,CH-479,Ethics and Consent Agent,2026-03-02T08:51:38,0.95,passed,2281,False
AUD-CH-479-Bia-4728,CH-479,Bias Monitoring Agent,2026-03-02T08:51:50,0.94,passed,1689,False
AUD-CH-479-Dat-2095,CH-479,Data Quality Agent,2026-03-02T08:51:59,0.93,passed,343,False
AUD-CH-479-Con-6210,CH-479,Confidence and Abstention Agent,2026-03-02T08:52:02,0.95,passed,801,False
AUD-CH-480-Inp-2058,CH-480,Input Aggregation Agent,2026-03-03T04:39:00,0.7,escalated_to_human,5308,True
AUD-CH-480-Pro-5758,CH-480,Profile Synthesis Agent,2026-03-03T04:39:16,0.9,completed,4176,False
AUD-CH-480-Pre-2567,CH-480,Prediction Agent,2026-03-03T04:39:29,0.85,completed,5677,False
AUD-CH-480-Dom-1843,CH-480,Domain Analysis Agent,2026-03-03T04:40:02,0.76,completed,3620,False
AUD-CH-480-Gui-1079,CH-480,Guideline Generation Agent,2026-03-03T04:40:06,0.98,completed,586,False
AUD-CH-480-Goa-5882,CH-480,Goal Generation Agent,2026-03-03T04:40:17,0.93,completed,1402,False
AUD-CH-480-Mil-5617,CH-480,Milestone Planning Agent,2026-03-03T04:40:59,0.71,escalated_to_human,770,True
AUD-CH-480-Car-1835,CH-480,Caregiver Guidance Agent,2026-03-03T04:41:03,0.97,completed,4498,False
AUD-CH-480-Eth-4464,CH-480,Ethics and Consent Agent,2026-03-03T04:41:25,0.98,passed,2372,False
AUD-CH-480-Bia-5452,CH-480,Bias Monitoring Agent,2026-03-03T04:41:30,0.97,passed,778,False
AUD-CH-480-Dat-8177,CH-480,Data Quality Agent,2026-03-03T04:41:42,0.93,passed,2030,False
AUD-CH-480-Con-3803,CH-480,Confidence and Abstention Agent,2026-03-03T04:41:57,0.95,passed,378,False
AUD-CH-481-Inp-8556,CH-481,Input Aggregation Agent,2026-03-02T06:29:00,0.76,completed,3683,False
AUD-CH-481-Pro-3424,CH-481,Profile Synthesis Agent,2026-03-02T06:29:21,0.77,completed,3079,False
AUD-CH-481-Pre-1756,CH-481,Prediction Agent,2026-03-02T06:29:56,0.72,escalated_to_human,640,True
AUD-CH-481-Dom-4615,CH-481,Domain Analysis Agent,2026-03-02T06:30:15,0.76,completed,3188,False
AUD-CH-481-Gui-4921,CH-481,Guideline Generation Agent,2026-03-02T06:30:55,0.84,completed,4668,False
AUD-CH-481-Goa-6377,CH-481,Goal Generation Agent,2026-03-02T06:31:19,0.79,completed,2767,False
AUD-CH-481-Mil-2825,CH-481,Milestone Planning Agent,2026-03-02T06:31:56,0.98,completed,3608,False
AUD-CH-481-Car-3931,CH-481,Caregiver Guidance Agent,2026-03-02T06:32:30,0.8,completed,2695,False
AUD-CH-481-Eth-2268,CH-481,Ethics and Consent Agent,2026-03-02T06:32:46,0.93,passed,1417,False
AUD-CH-481-Bia-4973,CH-481,Bias Monitoring Agent,2026-03-02T06:32:59,0.92,passed,1636,False
AUD-CH-481-Dat-8599,CH-481,Data Quality Agent,2026-03-02T06:33:01,0.96,passed,1071,False
AUD-CH-481-Con-4071,CH-481,Confidence and Abstention Agent,2026-03-02T06:33:14,0.97,passed,993,False
AUD-CH-482-Inp-6821,CH-482,Input Aggregation Agent,2026-03-01T19:35:00,0.97,completed,3290,False
AUD-CH-482-Pro-8168,CH-482,Profile Synthesis Agent,2026-03-01T19:35:23,0.93,completed,3068,False
AUD-CH-482-Pre-7920,CH-482,Prediction Agent,2026-03-01T19:36:03,0.81,completed,5775,False
AUD-CH-482-Dom-6304,CH-482,Domain Analysis Agent,2026-03-01T19:36:43,0.77,completed,4859,False
AUD-CH-482-Gui-3018,CH-482,Guideline Generation Agent,2026-03-01T19:37:26,0.89,completed,4653,False
AUD-CH-482-Goa-5155,CH-482,Goal Generation Agent,2026-03-01T19:37:40,0.72,escalated_to_human,5354,True
AUD-CH-482-Mil-6768,CH-482,Milestone Planning Agent,2026-03-01T19:38:21,0.77,completed,722,False
AUD-CH-482-Car-1827,CH-482,Caregiver Guidance Agent,2026-03-01T19:38:39,0.94,completed,2493,False
AUD-CH-482-Eth-7796,CH-482,Ethics and Consent Agent,2026-03-01T19:38:43,0.95,passed,1260,False
AUD-CH-482-Bia-9975,CH-482,Bias Monitoring Agent,2026-03-01T19:38:55,0.95,passed,1209,False
AUD-CH-482-Dat-2328,CH-482,Data Quality Agent,2026-03-01T19:39:08,0.94,passed,2492,False
AUD-CH-482-Con-6496,CH-482,Confidence and Abstention Agent,2026-03-01T19:39:15,0.91,passed,1775,False
AUD-CH-483-Inp-3076,CH-483,Input Aggregation Agent,2026-03-02T22:58:00,0.95,completed,5347,False
AUD-CH-483-Pro-7029,CH-483,Profile Synthesis Agent,2026-03-02T22:58:18,0.85,completed,3374,False
AUD-CH-483-Pre-7009,CH-483,Prediction Agent,2026-03-02T22:58:41,0.71,escalated_to_human,4124,True
AUD-CH-483-Dom-6638,CH-483,Domain Analysis Agent,2026-03-02T22:59:24,0.83,completed,5044,False
AUD-CH-483-Gui-3860,CH-483,Guideline Generation Agent,2026-03-02T22:59:48,0.97,completed,4004,False
AUD-CH-483-Goa-6843,CH-483,Goal Generation Agent,2026-03-02T23:00:25,0.98,completed,2712,False
AUD-CH-483-Mil-8696,CH-483,Milestone Planning Agent,2026-03-02T23:00:37,0.73,escalated_to_human,3769,True
AUD-CH-483-Car-3031,CH-483,Caregiver Guidance Agent,2026-03-02T23:00:56,0.98,completed,3745,False
AUD-CH-483-Eth-1909,CH-483,Ethics and Consent Agent,2026-03-02T23:01:19,0.97,passed,1215,False
AUD-CH-483-Bia-1057,CH-483,Bias Monitoring Agent,2026-03-02T23:01:23,0.92,passed,2440,False
AUD-CH-483-Dat-4535,CH-483,Data Quality Agent,2026-03-02T23:01:30,0.96,passed,1333,False
AUD-CH-483-Con-3457,CH-483,Confidence and Abstention Agent,2026-03-02T23:01:34,0.93,passed,115,False
AUD-CH-484-Inp-1338,CH-484,Input Aggregation Agent,2026-03-02T21:24:00,0.91,completed,1730,False
AUD-CH-484-Pro-6286,CH-484,Profile Synthesis Agent,2026-03-02T21:24:09,0.69,escalated_to_human,1450,True
AUD-CH-484-Pre-6693,CH-484,Prediction Agent,2026-03-02T21:24:50,0.81,completed,4570,False
AUD-CH-484-Dom-7490,CH-484,Domain Analysis Agent,2026-03-02T21:25:22,0.76,completed,4507,False
AUD-CH-484-Gui-3690,CH-484,Guideline Generation Agent,2026-03-02T21:25:28,0.75,completed,1965,False
AUD-CH-484-Goa-4931,CH-484,Goal Generation Agent,2026-03-02T21:26:09,0.97,completed,753,False
AUD-CH-484-Mil-7366,CH-484,Milestone Planning Agent,2026-03-02T21:26:17,0.71,escalated_to_human,5804,True
AUD-CH-484-Car-1241,CH-484,Caregiver Guidance Agent,2026-03-02T21:26:50,0.84,completed,1048,False
AUD-CH-484-Eth-9851,CH-484,Ethics and Consent Agent,2026-03-02T21:27:20,0.97,passed,1264,False
AUD-CH-484-Bia-7859,CH-484,Bias Monitoring Agent,2026-03-02T21:27:22,0.96,passed,1269,False
AUD-CH-484-Dat-6070,CH-484,Data Quality Agent,2026-03-02T21:27:28,0.95,passed,511,False
AUD-CH-484-Con-9746,CH-484,Confidence and Abstention Agent,2026-03-02T21:27:32,0.97,passed,1056,False
AUD-CH-485-Inp-3355,CH-485,Input Aggregation Agent,2026-03-02T15:13:00,0.99,completed,5586,False
AUD-CH-485-Pro-8592,CH-485,Profile Synthesis Agent,2026-03-02T15:13:21,0.75,completed,5339,False
AUD-CH-485-Pre-2074,CH-485,Prediction Agent,2026-03-02T15:14:01,0.68,escalated_to_human,1167,True
AUD-CH-485-Dom-3945,CH-485,Domain Analysis Agent,2026-03-02T15:14:05,0.87,completed,855,False
AUD-CH-485-Gui-2997,CH-485,Guideline Generation Agent,2026-03-02T15:14:14,0.92,completed,5044,False
AUD-CH-485-Goa-7915,CH-485,Goal Generation Agent,2026-03-02T15:14:42,0.91,completed,618,False
AUD-CH-485-Mil-1571,CH-485,Milestone Planning Agent,2026-03-02T15:14:52,0.69,escalated_to_human,663,True
AUD-CH-485-Car-4219,CH-485,Caregiver Guidance Agent,2026-03-02T15:15:12,0.97,completed,206,False
AUD-CH-485-Eth-5362,CH-485,Ethics and Consent Agent,2026-03-02T15:15:31,0.88,flagged_for_review,214,True
AUD-CH-485-Bia-1287,CH-485,Bias Monitoring Agent,2026-03-02T15:15:38,0.97,passed,2425,False
AUD-CH-485-Dat-2097,CH-485,Data Quality Agent,2026-03-02T15:15:46,0.94,passed,737,False
AUD-CH-485-Con-8893,CH-485,Confidence and Abstention Agent,2026-03-02T15:15:49,0.99,passed,434,False
AUD-CH-486-Inp-7105,CH-486,Input Aggregation Agent,2026-03-02T23:04:00,0.75,completed,1021,False
AUD-CH-486-Pro-8872,CH-486,Profile Synthesis Agent,2026-03-02T23:04:36,0.87,completed,2370,False
AUD-CH-486-Pre-3920,CH-486,Prediction Agent,2026-03-02T23:04:48,0.91,completed,2599,False
AUD-CH-486-Dom-3459,CH-486,Domain Analysis Agent,2026-03-02T23:05:09,0.72,escalated_to_human,4468,True
AUD-CH-486-Gui-4677,CH-486,Guideline Generation Agent,2026-03-02T23:05:15,0.93,completed,292,False
AUD-CH-486-Goa-3133,CH-486,Goal Generation Agent,2026-03-02T23:05:26,0.69,escalated_to_human,1134,True
AUD-CH-486-Mil-1556,CH-486,Milestone Planning Agent,2026-03-02T23:06:10,0.7,escalated_to_human,5306,True
AUD-CH-486-Car-7846,CH-486,Caregiver Guidance Agent,2026-03-02T23:06:40,0.88,completed,2645,False
AUD-CH-486-Eth-9627,CH-486,Ethics and Consent Agent,2026-03-02T23:07:17,0.94,passed,1105,False
AUD-CH-486-Bia-5933,CH-486,Bias Monitoring Agent,2026-03-02T23:07:23,0.96,passed,2470,False
AUD-CH-486-Dat-9090,CH-486,Data Quality Agent,2026-03-02T23:07:33,0.98,passed,254,False
AUD-CH-486-Con-6667,CH-486,Confidence and Abstention Agent,2026-03-02T23:07:46,0.98,passed,1805,False
AUD-CH-487-Inp-9674,CH-487,Input Aggregation Agent,2026-03-01T10:32:00,0.68,escalated_to_human,3732,True
AUD-CH-487-Pro-7066,CH-487,Profile Synthesis Agent,2026-03-01T10:32:04,0.87,completed,751,False
AUD-CH-487-Pre-6587,CH-487,Prediction Agent,2026-03-01T10:32:13,0.86,completed,1767,False
AUD-CH-487-Dom-4145,CH-487,Domain Analysis Agent,2026-03-01T10:32:47,0.91,completed,4555,False
AUD-CH-487-Gui-5348,CH-487,Guideline Generation Agent,2026-03-01T10:33:15,0.75,completed,5978,False
AUD-CH-487-Goa-7367,CH-487,Goal Generation Agent,2026-03-01T10:33:48,0.84,completed,1215,False
AUD-CH-487-Mil-9509,CH-487,Milestone Planning Agent,2026-03-01T10:34:21,0.78,completed,672,False
AUD-CH-487-Car-5133,CH-487,Caregiver Guidance Agent,2026-03-01T10:34:26,0.95,completed,749,False
AUD-CH-487-Eth-3289,CH-487,Ethics and Consent Agent,2026-03-01T10:34:57,0.97,passed,277,False
AUD-CH-487-Bia-5930,CH-487,Bias Monitoring Agent,2026-03-01T10:35:07,0.92,passed,2393,False
AUD-CH-487-Dat-7486,CH-487,Data Quality Agent,2026-03-01T10:35:17,0.97,passed,2467,False
AUD-CH-487-Con-3074,CH-487,Confidence and Abstention Agent,2026-03-01T10:35:25,0.94,passed,199,False
AUD-CH-488-Inp-8667,CH-488,Input Aggregation Agent,2026-03-01T17:50:00,0.76,completed,5348,False
AUD-CH-488-Pro-1400,CH-488,Profile Synthesis Agent,2026-03-01T17:50:27,0.87,completed,5286,False
AUD-CH-488-Pre-7140,CH-488,Prediction Agent,2026-03-01T17:51:08,0.72,escalated_to_human,1855,True
AUD-CH-488-Dom-7393,CH-488,Domain Analysis Agent,2026-03-01T17:51:25,0.86,completed,5002,False
AUD-CH-488-Gui-5056,CH-488,Guideline Generation Agent,2026-03-01T17:51:43,0.81,completed,1547,False
AUD-CH-488-Goa-3283,CH-488,Goal Generation Agent,2026-03-01T17:52:08,0.77,completed,3101,False
AUD-CH-488-Mil-8316,CH-488,Milestone Planning Agent,2026-03-01T17:52:17,0.72,escalated_to_human,558,True
AUD-CH-488-Car-8878,CH-488,Caregiver Guidance Agent,2026-03-01T17:52:30,0.8,completed,4808,False
AUD-CH-488-Eth-3882,CH-488,Ethics and Consent Agent,2026-03-01T17:52:46,0.91,passed,2198,False
AUD-CH-488-Bia-8676,CH-488,Bias Monitoring Agent,2026-03-01T17:52:54,0.98,passed,1970,False
AUD-CH-488-Dat-1671,CH-488,Data Quality Agent,2026-03-01T17:52:59,0.97,passed,280,False
AUD-CH-488-Con-1044,CH-488,Confidence and Abstention Agent,2026-03-01T17:53:12,0.97,passed,1086,False
AUD-CH-489-Inp-1652,CH-489,Input Aggregation Agent,2026-03-02T03:27:00,0.89,completed,1169,False
AUD-CH-489-Pro-6402,CH-489,Profile Synthesis Agent,2026-03-02T03:27:36,0.96,completed,5171,False
AUD-CH-489-Pre-4437,CH-489,Prediction Agent,2026-03-02T03:27:51,0.9,completed,2353,False
AUD-CH-489-Dom-6558,CH-489,Domain Analysis Agent,2026-03-02T03:27:54,0.97,completed,5085,False
AUD-CH-489-Gui-4339,CH-489,Guideline Generation Agent,2026-03-02T03:28:09,0.89,completed,4834,False
AUD-CH-489-Goa-7361,CH-489,Goal Generation Agent,2026-03-02T03:28:31,0.85,completed,5062,False
AUD-CH-489-Mil-8449,CH-489,Milestone Planning Agent,2026-03-02T03:29:07,0.73,escalated_to_human,271,True
AUD-CH-489-Car-6408,CH-489,Caregiver Guidance Agent,2026-03-02T03:29:33,0.82,completed,5251,False
AUD-CH-489-Eth-5890,CH-489,Ethics and Consent Agent,2026-03-02T03:29:41,0.94,passed,574,False
AUD-CH-489-Bia-2399,CH-489,Bias Monitoring Agent,2026-03-02T03:29:51,0.96,passed,1369,False
AUD-CH-489-Dat-6986,CH-489,Data Quality Agent,2026-03-02T03:29:59,0.95,passed,121,False
AUD-CH-489-Con-7143,CH-489,Confidence and Abstention Agent,2026-03-02T03:30:07,0.93,passed,1772,False
AUD-CH-490-Inp-3887,CH-490,Input Aggregation Agent,2026-03-01T17:25:00,0.79,completed,4115,False
AUD-CH-490-Pro-7689,CH-490,Profile Synthesis Agent,2026-03-01T17:25:44,0.84,completed,4986,False
AUD-CH-490-Pre-1244,CH-490,Prediction Agent,2026-03-01T17:25:51,0.92,completed,630,False
AUD-CH-490-Dom-7312,CH-490,Domain Analysis Agent,2026-03-01T17:25:55,0.96,completed,5542,False
AUD-CH-490-Gui-1960,CH-490,Guideline Generation Agent,2026-03-01T17:26:07,0.97,completed,4918,False
AUD-CH-490-Goa-9326,CH-490,Goal Generation Agent,2026-03-01T17:26:10,0.99,completed,2573,False
AUD-CH-490-Mil-3609,CH-490,Milestone Planning Agent,2026-03-01T17:26:28,0.79,completed,4332,False
AUD-CH-490-Car-6857,CH-490,Caregiver Guidance Agent,2026-03-01T17:27:07,0.74,escalated_to_human,1825,True
AUD-CH-490-Eth-9628,CH-490,Ethics and Consent Agent,2026-03-01T17:27:30,0.96,passed,2298,False
AUD-CH-490-Bia-5084,CH-490,Bias Monitoring Agent,2026-03-01T17:27:42,0.92,passed,965,False
AUD-CH-490-Dat-1424,CH-490,Data Quality Agent,2026-03-01T17:27:51,0.92,passed,2270,False
AUD-CH-490-Con-1413,CH-490,Confidence and Abstention Agent,2026-03-01T17:28:02,0.98,passed,1826,False
AUD-CH-491-Inp-8639,CH-491,Input Aggregation Agent,2026-03-02T13:48:00,0.73,escalated_to_human,4811,True
AUD-CH-491-Pro-4266,CH-491,Profile Synthesis Agent,2026-03-02T13:48:11,0.8,completed,2382,False
AUD-CH-491-Pre-4391,CH-491,Prediction Agent,2026-03-02T13:48:37,0.77,completed,1630,False
AUD-CH-491-Dom-2316,CH-491,Domain Analysis Agent,2026-03-02T13:49:12,0.88,completed,3104,False
AUD-CH-491-Gui-2796,CH-491,Guideline Generation Agent,2026-03-02T13:49:27,0.91,completed,5107,False
AUD-CH-491-Goa-7079,CH-491,Goal Generation Agent,2026-03-02T13:49:45,0.78,completed,2748,False
AUD-CH-491-Mil-3207,CH-491,Milestone Planning Agent,2026-03-02T13:50:28,0.75,completed,4484,False
AUD-CH-491-Car-5762,CH-491,Caregiver Guidance Agent,2026-03-02T13:50:53,0.83,completed,932,False
AUD-CH-491-Eth-7719,CH-491,Ethics and Consent Agent,2026-03-02T13:50:57,0.93,passed,1394,False
AUD-CH-491-Bia-4312,CH-491,Bias Monitoring Agent,2026-03-02T13:50:59,0.95,passed,823,False
AUD-CH-491-Dat-9432,CH-491,Data Quality Agent,2026-03-02T13:51:11,0.99,passed,1210,False
AUD-CH-491-Con-2064,CH-491,Confidence and Abstention Agent,2026-03-02T13:51:23,0.93,passed,2048,False
AUD-CH-492-Inp-2281,CH-492,Input Aggregation Agent,2026-03-02T17:27:00,0.94,completed,2348,False
AUD-CH-492-Pro-5524,CH-492,Profile Synthesis Agent,2026-03-02T17:27:17,0.96,completed,1846,False
AUD-CH-492-Pre-3594,CH-492,Prediction Agent,2026-03-02T17:27:44,0.99,completed,4024,False
AUD-CH-492-Dom-9101,CH-492,Domain Analysis Agent,2026-03-02T17:28:01,0.72,escalated_to_human,3075,True
AUD-CH-492-Gui-7316,CH-492,Guideline Generation Agent,2026-03-02T17:28:27,0.94,completed,2276,False
AUD-CH-492-Goa-2841,CH-492,Goal Generation Agent,2026-03-02T17:28:56,0.74,escalated_to_human,2307,True
AUD-CH-492-Mil-7306,CH-492,Milestone Planning Agent,2026-03-02T17:29:35,0.81,completed,1772,False
AUD-CH-492-Car-6295,CH-492,Caregiver Guidance Agent,2026-03-02T17:30:19,0.76,completed,2713,False
AUD-CH-492-Eth-5387,CH-492,Ethics and Consent Agent,2026-03-02T17:30:43,0.97,passed,452,False
AUD-CH-492-Bia-2185,CH-492,Bias Monitoring Agent,2026-03-02T17:30:52,0.91,passed,1629,False
AUD-CH-492-Dat-7469,CH-492,Data Quality Agent,2026-03-02T17:30:58,0.96,passed,847,False
AUD-CH-492-Con-5231,CH-492,Confidence and Abstention Agent,2026-03-02T17:31:07,0.66,flagged_for_review,1460,True
AUD-CH-493-Inp-4685,CH-493,Input Aggregation Agent,2026-03-01T18:17:00,0.71,escalated_to_human,3402,True
AUD-CH-493-Pro-1726,CH-493,Profile Synthesis Agent,2026-03-01T18:17:09,0.84,completed,2077,False
AUD-CH-493-Pre-2712,CH-493,Prediction Agent,2026-03-01T18:17:32,0.73,escalated_to_human,3385,True
AUD-CH-493-Dom-2116,CH-493,Domain Analysis Agent,2026-03-01T18:17:53,0.75,completed,806,False
AUD-CH-493-Gui-5226,CH-493,Guideline Generation Agent,2026-03-01T18:18:11,0.96,completed,3298,False
AUD-CH-493-Goa-7450,CH-493,Goal Generation Agent,2026-03-01T18:18:26,0.78,completed,597,False
AUD-CH-493-Mil-3805,CH-493,Milestone Planning Agent,2026-03-01T18:19:05,0.71,escalated_to_human,1872,True
AUD-CH-493-Car-2740,CH-493,Caregiver Guidance Agent,2026-03-01T18:19:38,0.93,completed,3524,False
AUD-CH-493-Eth-1401,CH-493,Ethics and Consent Agent,2026-03-01T18:19:43,0.95,passed,1939,False
AUD-CH-493-Bia-8038,CH-493,Bias Monitoring Agent,2026-03-01T18:19:56,0.94,passed,156,False
AUD-CH-493-Dat-9119,CH-493,Data Quality Agent,2026-03-01T18:20:01,0.97,passed,1570,False
AUD-CH-493-Con-9273,CH-493,Confidence and Abstention Agent,2026-03-01T18:20:09,0.93,passed,1504,False
AUD-CH-494-Inp-2919,CH-494,Input Aggregation Agent,2026-03-02T01:56:00,0.7,escalated_to_human,4505,True
AUD-CH-494-Pro-2770,CH-494,Profile Synthesis Agent,2026-03-02T01:56:44,0.71,escalated_to_human,1085,True
AUD-CH-494-Pre-8172,CH-494,Prediction Agent,2026-03-02T01:57:18,0.71,escalated_to_human,1388,True
AUD-CH-494-Dom-2885,CH-494,Domain Analysis Agent,2026-03-02T01:57:45,0.76,completed,3147,False
AUD-CH-494-Gui-2083,CH-494,Guideline Generation Agent,2026-03-02T01:58:11,0.69,escalated_to_human,3010,True
AUD-CH-494-Goa-1616,CH-494,Goal Generation Agent,2026-03-02T01:58:44,0.78,completed,2499,False
AUD-CH-494-Mil-9347,CH-494,Milestone Planning Agent,2026-03-02T01:58:55,0.71,escalated_to_human,4099,True
AUD-CH-494-Car-4855,CH-494,Caregiver Guidance Agent,2026-03-02T01:59:30,0.72,escalated_to_human,1702,True
AUD-CH-494-Eth-4001,CH-494,Ethics and Consent Agent,2026-03-02T01:59:39,0.96,passed,1227,False
AUD-CH-494-Bia-6082,CH-494,Bias Monitoring Agent,2026-03-02T01:59:49,0.94,passed,269,False
AUD-CH-494-Dat-2815,CH-494,Data Quality Agent,2026-03-02T02:00:03,0.98,passed,2094,False
AUD-CH-494-Con-6664,CH-494,Confidence and Abstention Agent,2026-03-02T02:00:16,0.83,flagged_for_review,1283,True
AUD-CH-495-Inp-4283,CH-495,Input Aggregation Agent,2026-03-02T05:13:00,0.89,completed,4027,False
AUD-CH-495-Pro-7665,CH-495,Profile Synthesis Agent,2026-03-02T05:13:41,0.86,completed,3958,False
AUD-CH-495-Pre-2604,CH-495,Prediction Agent,2026-03-02T05:13:55,0.96,completed,770,False
AUD-CH-495-Dom-1719,CH-495,Domain Analysis Agent,2026-03-02T05:14:09,0.88,completed,1749,False
AUD-CH-495-Gui-9922,CH-495,Guideline Generation Agent,2026-03-02T05:14:28,0.82,completed,1076,False
AUD-CH-495-Goa-1684,CH-495,Goal Generation Agent,2026-03-02T05:14:51,0.85,completed,992,False
AUD-CH-495-Mil-2128,CH-495,Milestone Planning Agent,2026-03-02T05:15:28,0.87,completed,2867,False
AUD-CH-495-Car-2265,CH-495,Caregiver Guidance Agent,2026-03-02T05:15:51,0.91,completed,2017,False
AUD-CH-495-Eth-1868,CH-495,Ethics and Consent Agent,2026-03-02T05:15:58,0.92,passed,1204,False
AUD-CH-495-Bia-5687,CH-495,Bias Monitoring Agent,2026-03-02T05:16:13,0.99,passed,727,False
AUD-CH-495-Dat-7794,CH-495,Data Quality Agent,2026-03-02T05:16:19,0.98,passed,722,False
AUD-CH-495-Con-3474,CH-495,Confidence and Abstention Agent,2026-03-02T05:16:32,0.91,passed,2112,False
AUD-CH-496-Inp-6060,CH-496,Input Aggregation Agent,2026-03-02T00:47:00,0.92,completed,3981,False
AUD-CH-496-Pro-8048,CH-496,Profile Synthesis Agent,2026-03-02T00:47:11,0.99,completed,1825,False
AUD-CH-496-Pre-8033,CH-496,Prediction Agent,2026-03-02T00:47:37,0.77,completed,4228,False
AUD-CH-496-Dom-2235,CH-496,Domain Analysis Agent,2026-03-02T00:47:50,0.78,completed,5126,False
AUD-CH-496-Gui-4370,CH-496,Guideline Generation Agent,2026-03-02T00:48:06,0.82,completed,4772,False
AUD-CH-496-Goa-9220,CH-496,Goal Generation Agent,2026-03-02T00:48:32,0.87,completed,577,False
AUD-CH-496-Mil-4569,CH-496,Milestone Planning Agent,2026-03-02T00:48:41,0.86,completed,2781,False
AUD-CH-496-Car-6462,CH-496,Caregiver Guidance Agent,2026-03-02T00:49:03,0.72,escalated_to_human,5846,True
AUD-CH-496-Eth-2635,CH-496,Ethics and Consent Agent,2026-03-02T00:49:34,0.97,passed,1357,False
AUD-CH-496-Bia-5013,CH-496,Bias Monitoring Agent,2026-03-02T00:49:49,0.93,passed,1265,False
AUD-CH-496-Dat-2709,CH-496,Data Quality Agent,2026-03-02T00:50:00,0.92,passed,806,False
AUD-CH-496-Con-7996,CH-496,Confidence and Abstention Agent,2026-03-02T00:50:12,0.96,passed,1833,False
AUD-CH-497-Inp-8037,CH-497,Input Aggregation Agent,2026-03-02T18:21:00,0.71,escalated_to_human,5144,True
AUD-CH-497-Pro-5704,CH-497,Profile Synthesis Agent,2026-03-02T18:21:27,0.96,completed,3049,False
AUD-CH-497-Pre-3779,CH-497,Prediction Agent,2026-03-02T18:21:30,0.73,escalated_to_human,4908,True
AUD-CH-497-Dom-1431,CH-497,Domain Analysis Agent,2026-03-02T18:21:36,0.95,completed,559,False
AUD-CH-497-Gui-9834,CH-497,Guideline Generation Agent,2026-03-02T18:22:17,0.97,completed,3923,False
AUD-CH-497-Goa-2475,CH-497,Goal Generation Agent,2026-03-02T18:22:42,0.76,completed,2485,False
AUD-CH-497-Mil-6718,CH-497,Milestone Planning Agent,2026-03-02T18:23:19,0.84,completed,5513,False
AUD-CH-497-Car-9538,CH-497,Caregiver Guidance Agent,2026-03-02T18:23:41,0.94,completed,5095,False
AUD-CH-497-Eth-4951,CH-497,Ethics and Consent Agent,2026-03-02T18:24:11,0.98,passed,275,False
AUD-CH-497-Bia-7484,CH-497,Bias Monitoring Agent,2026-03-02T18:24:23,0.98,passed,1245,False
AUD-CH-497-Dat-2345,CH-497,Data Quality Agent,2026-03-02T18:24:27,0.69,flagged_for_review,774,True
AUD-CH-497-Con-6293,CH-497,Confidence and Abstention Agent,2026-03-02T18:24:36,0.94,passed,576,False
AUD-CH-498-Inp-3440,CH-498,Input Aggregation Agent,2026-03-01T20:28:00,0.78,completed,1288,False
AUD-CH-498-Pro-9655,CH-498,Profile Synthesis Agent,2026-03-01T20:28:40,0.72,escalated_to_human,4284,True
AUD-CH-498-Pre-2525,CH-498,Prediction Agent,2026-03-01T20:28:47,0.79,completed,5153,False
AUD-CH-498-Dom-9931,CH-498,Domain Analysis Agent,2026-03-01T20:29:05,0.77,completed,746,False
AUD-CH-498-Gui-5758,CH-498,Guideline Generation Agent,2026-03-01T20:29:50,0.9,completed,4730,False
AUD-CH-498-Goa-6707,CH-498,Goal Generation Agent,2026-03-01T20:30:03,0.96,completed,5353,False
AUD-CH-498-Mil-2162,CH-498,Milestone Planning Agent,2026-03-01T20:30:38,0.79,completed,3468,False
AUD-CH-498-Car-1654,CH-498,Caregiver Guidance Agent,2026-03-01T20:31:09,0.76,completed,3648,False
AUD-CH-498-Eth-7277,CH-498,Ethics and Consent Agent,2026-03-01T20:31:45,0.96,passed,2017,False
AUD-CH-498-Bia-9219,CH-498,Bias Monitoring Agent,2026-03-01T20:31:52,0.95,passed,1086,False
AUD-CH-498-Dat-6283,CH-498,Data Quality Agent,2026-03-01T20:31:54,0.93,passed,2371,False
AUD-CH-498-Con-5692,CH-498,Confidence and Abstention Agent,2026-03-01T20:32:09,0.92,passed,203,False
AUD-CH-499-Inp-1209,CH-499,Input Aggregation Agent,2026-03-02T22:04:00,0.89,completed,212,False
AUD-CH-499-Pro-7148,CH-499,Profile Synthesis Agent,2026-03-02T22:04:29,0.72,escalated_to_human,5995,True
AUD-CH-499-Pre-7481,CH-499,Prediction Agent,2026-03-02T22:05:14,0.98,completed,514,False
AUD-CH-499-Dom-4594,CH-499,Domain Analysis Agent,2026-03-02T22:05:51,0.98,completed,332,False
AUD-CH-499-Gui-9928,CH-499,Guideline Generation Agent,2026-03-02T22:06:32,0.83,completed,5424,False
AUD-CH-499-Goa-1679,CH-499,Goal Generation Agent,2026-03-02T22:07:16,0.79,completed,5935,False
AUD-CH-499-Mil-9779,CH-499,Milestone Planning Agent,2026-03-02T22:07:27,0.87,completed,3969,False
AUD-CH-499-Car-2129,CH-499,Caregiver Guidance Agent,2026-03-02T22:08:07,0.83,completed,741,False
AUD-CH-499-Eth-6129,CH-499,Ethics and Consent Agent,2026-03-02T22:08:10,0.94,passed,440,False
AUD-CH-499-Bia-5588,CH-499,Bias Monitoring Agent,2026-03-02T22:08:12,0.98,passed,309,False
AUD-CH-499-Dat-2145,CH-499,Data Quality Agent,2026-03-02T22:08:27,0.97,passed,2300,False
AUD-CH-499-Con-1770,CH-499,Confidence and Abstention Agent,2026-03-02T22:08:33,0.98,passed,1681,False
AUD-CH-500-Inp-4174,CH-500,Input Aggregation Agent,2026-03-01T17:00:00,0.98,completed,1668,False
AUD-CH-500-Pro-9596,CH-500,Profile Synthesis Agent,2026-03-01T17:00:44,0.81,completed,3962,False
AUD-CH-500-Pre-8010,CH-500,Prediction Agent,2026-03-01T17:00:56,0.97,completed,594,False
AUD-CH-500-Dom-3376,CH-500,Domain Analysis Agent,2026-03-01T17:01:21,0.86,completed,1313,False
AUD-CH-500-Gui-8215,CH-500,Guideline Generation Agent,2026-03-01T17:01:53,0.9,completed,833,False
AUD-CH-500-Goa-4325,CH-500,Goal Generation Agent,2026-03-01T17:02:08,0.86,completed,4117,False
AUD-CH-500-Mil-8412,CH-500,Milestone Planning Agent,2026-03-01T17:02:29,0.73,escalated_to_human,5630,True
AUD-CH-500-Car-1490,CH-500,Caregiver Guidance Agent,2026-03-01T17:02:59,0.78,completed,2730,False
AUD-CH-500-Eth-7712,CH-500,Ethics and Consent Agent,2026-03-01T17:03:36,0.97,passed,2218,False
AUD-CH-500-Bia-4689,CH-500,Bias Monitoring Agent,2026-03-01T17:03:39,0.99,passed,872,False
AUD-CH-500-Dat-7624,CH-500,Data Quality Agent,2026-03-01T17:03:48,0.95,passed,1686,False
AUD-CH-500-Con-4626,CH-500,Confidence and Abstention Agent,2026-03-01T17:03:56,0.95,passed,1315,False
